<?xml version="1.0" encoding="utf-8"?>
<COLLADA xmlns="http://www.collada.org/2005/11/COLLADASchema" version="1.4.1" xmlns:xsi="http://www.w3.org/2001/XMLSchema-instance">
  <asset>
    <contributor>
      <author>Blender User</author>
      <authoring_tool>Blender 4.5.6 LTS commit date:2026-01-19, commit time:19:36, hash:a78963ed6435</authoring_tool>
    </contributor>
    <created>2026-02-24T09:52:10</created>
    <modified>2026-02-24T09:52:10</modified>
    <unit name="meter" meter="1"/>
    <up_axis>Z_UP</up_axis>
  </asset>
  <library_images/>
  <library_geometries>
    <geometry id="battery-mesh" name="battery">
      <mesh>
        <source id="battery-mesh-positions">
          <float_array id="battery-mesh-positions-array" count="9027">-86.15081 80.00237 -245 86.15081 80.00237 -245 -86.15081 -79.99764 -245 86.15081 -79.99764 -245 -91.54448 80.00237 -244.7082 91.54448 80.00237 -244.7082 -91.54448 -79.99764 -244.7082 91.54448 -79.99764 -244.7082 -86.15081 83.47533 -244.6961 86.15081 83.47533 -244.6961 -86.15081 -83.47059 -244.6961 86.15081 -83.47059 -244.6961 -92.88552 80.00237 -244.5444 92.88552 80.00237 -244.5444 -92.88552 -79.99764 -244.5444 92.88552 -79.99764 -244.5444 -91.51171 83.47533 -244.4062 91.51171 83.47533 -244.4062 -91.51171 -83.47059 -244.4062 91.51171 -83.47059 -244.4062 -96.87522 80.00237 -243.8363 96.87522 80.00237 -243.8363 -96.87522 -79.99764 -243.8363 96.87522 -79.99764 -243.8363 -86.15081 86.84277 -243.7938 86.15081 86.84277 -243.7938 -86.15081 -86.83803 -243.7938 86.15081 -86.83803 -243.7938 -96.81005 83.47533 -243.5395 96.81005 83.47533 -243.5395 -96.81005 -83.47059 -243.5395 96.81005 -83.47059 -243.5395 -91.41437 86.84277 -243.5091 91.41437 86.84277 -243.5091 -91.41437 -86.83803 -243.5091 91.41437 -86.83803 -243.5091 -99.49748 80.00237 -243.1857 99.49748 80.00237 -243.1857 -99.49748 -79.99764 -243.1857 99.49748 -79.99764 -243.1857 -96.61651 86.84277 -242.6583 96.61651 86.84277 -242.6583 -96.61651 -86.83803 -242.6583 96.61651 -86.83803 -242.6583 -102.0808 80.00237 -242.3945 102.0808 80.00237 -242.3945 -102.0808 -79.99764 -242.3945 102.0808 -79.99764 -242.3945 -86.15081 90.00237 -242.3205 86.15081 90.00237 -242.3205 -86.15081 -89.99763 -242.3205 86.15081 -89.99763 -242.3205 -101.984 83.47533 -242.1064 101.984 83.47533 -242.1064 -101.984 -83.47059 -242.1064 101.984 -83.47059 -242.1064 -91.25543 90.00237 -242.0444 91.25543 90.00237 -242.0444 -91.25543 -89.99763 -242.0444 91.25543 -89.99763 -242.0444 -101.6965 86.84277 -241.2512 101.6965 86.84277 -241.2512 -101.6965 -86.83803 -241.2512 101.6965 -86.83803 -241.2512 -96.30049 90.00237 -241.2192 96.30049 90.00237 -241.2192 -96.30049 -89.99763 -241.2192 96.30049 -89.99763 -241.2192 -105.8662 80.00237 -240.9489 105.8662 80.00237 -240.9489 -105.8662 -79.99764 -240.9489 105.8662 -79.99764 -240.9489 -107.1004 80.00237 -240.3995 107.1004 80.00237 -240.3995 -107.1004 -79.99764 -240.3995 107.1004 -79.99764 -240.3995 -86.15081 92.85813 -240.3209 86.15081 92.85813 -240.3209 -86.15081 -92.85338 -240.3209 86.15081 -92.85338 -240.3209 -106.9731 83.47533 -240.1236 106.9731 83.47533 -240.1236 -106.9731 -83.47059 -240.1236 106.9731 -83.47059 -240.1236 -91.03973 92.85813 -240.0564 91.03973 92.85813 -240.0564 -91.03973 -92.85338 -240.0564 91.03973 -92.85338 -240.0564 -86.15081 80.00237 -240 86.15081 80.00237 -240 -86.15081 -79.99764 -240 86.15081 -79.99764 -240 -101.2271 90.00237 -239.8546 101.2271 90.00237 -239.8546 -101.2271 -89.99763 -239.8546 101.2271 -89.99763 -239.8546 -86.15081 82.34889 -239.8153 86.15081 82.34889 -239.8153 -86.15081 82.6071 -239.7721 86.15081 82.6071 -239.7721 -86.15081 -82.60234 -239.7721 86.15081 -82.60234 -239.7721 -91.00511 80.00237 -239.7374 91.00511 80.00237 -239.7374 -91.00511 -79.99764 -239.7374 91.00511 -79.99764 -239.7374 -92.21205 80.00237 -239.5899 92.21205 80.00237 -239.5899 -92.21205 -79.99764 -239.5899 92.21205 -79.99764 -239.5899 -90.98053 82.6071 -239.5108 90.98053 82.6071 -239.5108 -90.98053 -82.60234 -239.5108 90.98053 -82.60234 -239.5108 -106.5951 86.84277 -239.3043 106.5951 86.84277 -239.3043 -106.5951 -86.83803 -239.3043 106.5951 -86.83803 -239.3043 -95.8716 92.85813 -239.2661 95.8716 92.85813 -239.2661 -95.8716 -92.85338 -239.2661 95.8716 -92.85338 -239.2661 -86.15081 84.63763 -239.2658 86.15081 84.63763 -239.2658 -86.15081 85.13268 -239.0954 86.15081 85.13268 -239.0954 -86.15081 -85.12793 -239.0954 86.15081 -85.12793 -239.0954 -95.80278 80.00237 -238.9527 95.80278 80.00237 -238.9527 -95.80278 -79.99764 -238.9527 95.80278 -79.99764 -238.9527 -90.90753 85.13268 -238.8381 90.90753 85.13268 -238.8381 -90.90753 -85.12793 -238.8381 90.90753 -85.12793 -238.8381 -95.75389 82.6071 -238.7301 95.75389 82.6071 -238.7301 -95.75389 -82.60234 -238.7301 95.75389 -82.60234 -238.7301 -98.16281 80.00237 -238.3672 98.16281 80.00237 -238.3672 -98.16281 -79.99764 -238.3672 98.16281 -79.99764 -238.3672 -86.15081 86.81223 -238.3651 86.15081 86.81223 -238.3651 -95.60874 85.13268 -238.0691 95.60874 85.13268 -238.0691 -95.60874 -85.12793 -238.0691 95.60874 -85.12793 -238.0691 -86.15081 87.50237 -237.9904 86.15081 87.50237 -237.9904 -86.15081 -87.49763 -237.9904 86.15081 -87.49763 -237.9904 -105.9777 90.00237 -237.9665 105.9777 90.00237 -237.9665 -105.9777 -89.99763 -237.9665 105.9777 -89.99763 -237.9665 -100.59 92.85813 -237.9592 100.59 92.85813 -237.9592 -100.59 -92.85338 -237.9592 100.59 -92.85338 -237.9592 -111.8756 80.00237 -237.8746 111.8756 80.00237 -237.8746 -111.8756 -79.99764 -237.8746 111.8756 -79.99764 -237.8746 -86.15081 95.32326 -237.8557 86.15081 95.32326 -237.8557 -86.15081 -95.31852 -237.8557 86.15081 -95.31852 -237.8557 -90.78833 87.50237 -237.7395 90.78833 87.50237 -237.7395 -90.78833 -87.49763 -237.7395 90.78833 -87.49763 -237.7395 -111.7489 -83.12631 -237.6635 111.7489 -83.12631 -237.6635 -100.4878 80.00237 -237.655 100.4878 80.00237 -237.655 -100.4878 -79.99764 -237.655 100.4878 -79.99764 -237.655 -111.7193 83.47533 -237.6141 111.7193 83.47533 -237.6141 -111.7193 -83.47059 -237.6141 111.7193 -83.47059 -237.6141 -90.77381 95.32326 -237.6057 90.77381 95.32326 -237.6057 -90.77381 -95.31852 -237.6057 90.77381 -95.31852 -237.6057 -100.4152 82.6071 -237.439 100.4152 82.6071 -237.439 -100.4152 -82.60234 -237.439 100.4152 -82.60234 -237.439 -86.15081 88.81915 -237.1352 86.15081 88.81915 -237.1352 -111.372 -86.17797 -237.0353 111.372 -86.17797 -237.0353 -95.37173 87.50237 -236.9898 95.37173 87.50237 -236.9898 -95.37173 -87.49763 -236.9898 95.37173 -87.49763 -236.9898 -95.34285 95.32326 -236.8583 95.34285 95.32326 -236.8583 -95.34285 -95.31852 -236.8583 95.34285 -95.31852 -236.8583 -111.255 86.84277 -236.8404 111.255 86.84277 -236.8404 -111.255 -86.83803 -236.8404 111.255 -86.83803 -236.8404 -100.1996 85.13268 -236.7976 100.1996 85.13268 -236.7976 -100.1996 -85.12793 -236.7976 100.1996 -85.12793 -236.7976 -86.15081 89.64419 -236.4907 86.15081 89.64419 -236.4907 -86.15081 -89.63945 -236.4907 86.15081 -89.63945 -236.4907 -103.8947 80.00237 -236.354 103.8947 80.00237 -236.354 -103.8947 -79.99764 -236.354 103.8947 -79.99764 -236.354 -90.62655 89.64419 -236.2485 90.62655 89.64419 -236.2485 -90.62655 -89.63945 -236.2485 90.62655 -89.63945 -236.2485 -105.1399 92.85813 -236.1509 105.1399 92.85813 -236.1509 -105.1399 -92.85338 -236.1509 105.1399 -92.85338 -236.1509 -110.7541 -89.07744 -236.0054 110.7541 -89.07744 -236.0054 -105.0055 80.00237 -235.8595 105.0055 80.00237 -235.8595 -105.0055 -79.99764 -235.8595 105.0055 -79.99764 -235.8595 -99.84752 87.50237 -235.7501 99.84752 87.50237 -235.7501 -99.84752 -87.49763 -235.7501 99.84752 -87.49763 -235.7501 -104.91 82.6071 -235.6526 104.91 82.6071 -235.6526 -104.91 -82.60234 -235.6526 104.91 -82.60234 -235.6526 -99.80463 95.32326 -235.6225 99.80463 95.32326 -235.6225 -99.80463 -95.31852 -235.6225 99.80463 -95.31852 -235.6225 -86.15081 90.60897 -235.6066 86.15081 90.60897 -235.6066 -110.497 90.00237 -235.577 110.497 90.00237 -235.577 -110.497 -89.99763 -235.577 110.497 -89.99763 -235.577 -95.05006 89.64419 -235.525 95.05006 89.64419 -235.525 -95.05006 -89.63945 -235.525 95.05006 -89.63945 -235.525 -104.6265 85.13268 -235.0382 104.6265 85.13268 -235.0382 -104.6265 -85.12793 -235.0382 104.6265 -85.12793 -235.0382 -86.15081 97.32288 -235 86.15081 97.32288 -235 -86.15081 -97.31814 -235 86.15081 -97.31814 -235 -90.46575 97.32288 -234.7666 90.46575 97.32288 -234.7666 -90.46575 -97.31814 -234.7666 90.46575 -97.31814 -234.7666 -86.15081 91.49304 -234.6418 86.15081 91.49304 -234.6418 -86.15081 -91.4883 -234.6418 86.15081 -91.4883 -234.6418 -109.9104 -91.75334 -234.5993 109.9104 -91.75334 -234.5993 -90.42711 91.49304 -234.4105 90.42711 91.49304 -234.4105 -90.42711 -91.4883 -234.4105 90.42711 -91.4883 -234.4105 -99.36972 89.64419 -234.3286 99.36972 89.64419 -234.3286 -99.36972 -89.63945 -234.3286 99.36972 -89.63945 -234.3286 -94.73033 97.32288 -234.0691 94.73033 97.32288 -234.0691 -94.73033 -97.31814 -234.0691 94.73033 -97.31814 -234.0691 -104.1635 87.50237 -234.0348 104.1635 87.50237 -234.0348 -104.1635 -87.49763 -234.0348 104.1635 -87.49763 -234.0348 -104.1071 95.32326 -233.9126 104.1071 95.32326 -233.9126 -104.1071 -95.31852 -233.9126 104.1071 -95.31852 -233.9126 -109.4682 92.85813 -233.8623 109.4682 92.85813 -233.8623 -109.4682 -92.85338 -233.8623 109.4682 -92.85338 -233.8623 -86.15081 92.13762 -233.8168 86.15081 92.13762 -233.8168 -94.65351 91.49304 -233.7192 94.65351 91.49304 -233.7192 -94.65351 -91.4883 -233.7192 94.65351 -91.4883 -233.7192 -109.3031 80.00237 -233.5872 109.3031 80.00237 -233.5872 -109.3031 -79.99764 -233.5872 109.3031 -79.99764 -233.5872 -109.2081 -82.34416 -233.4288 -109.1859 82.6071 -233.3918 109.1859 82.6071 -233.3918 -109.1859 -82.60234 -233.3918 109.1859 -82.60234 -233.3918 -108.9254 -84.63288 -232.9576 108.9254 -84.63288 -232.9576 -98.89479 97.32288 -232.9156 98.89479 97.32288 -232.9156 -98.89479 -97.31814 -232.9156 98.89479 -97.31814 -232.9156 -108.8618 -94.13977 -232.8516 108.8618 -94.13977 -232.8516 -108.8377 85.13268 -232.8115 108.8377 85.13268 -232.8115 -108.8377 -85.12793 -232.8115 108.8377 -85.12793 -232.8115 -103.5351 89.64419 -232.6731 103.5351 89.64419 -232.6731 -103.5351 -89.63945 -232.6731 103.5351 -89.63945 -232.6731 -98.78067 91.49304 -232.576 98.78067 91.49304 -232.576 -98.78067 -91.4883 -232.576 98.78067 -91.4883 -232.576 -86.15081 92.99275 -232.5 86.15081 92.99275 -232.5 -86.15081 -92.98801 -232.5 86.15081 -92.98801 -232.5 -90.19606 92.99275 -232.2812 90.19606 92.99275 -232.2812 -90.19606 -92.98801 -232.2812 90.19606 -92.98801 -232.2812 -108.462 -86.80748 -232.1853 108.462 -86.80748 -232.1853 -108.2692 87.50237 -231.8639 108.2692 87.50237 -231.8639 -108.2692 -87.49763 -231.8639 108.2692 -87.49763 -231.8639 -86.15081 98.79622 -231.8404 86.15081 98.79622 -231.8404 -86.15081 -98.79149 -231.8404 86.15081 -98.79149 -231.8404 -86.15081 93.36746 -231.8099 86.15081 93.36746 -231.8099 -108.1999 95.32326 -231.7485 108.1999 95.32326 -231.7485 -108.1999 -95.31852 -231.7485 108.1999 -95.31852 -231.7485 -94.19411 92.99275 -231.6272 94.19411 92.99275 -231.6272 -94.19411 -92.98801 -231.6272 94.19411 -92.98801 -231.6272 -90.12491 98.79622 -231.6254 90.12491 98.79622 -231.6254 -90.12491 -98.79149 -231.6254 90.12491 -98.79149 -231.6254 -102.9105 97.32288 -231.3196 102.9105 97.32288 -231.3196 -102.9105 -97.31814 -231.3196 102.9105 -97.31814 -231.3196 -107.8292 -88.81442 -231.1307 107.8292 -88.81442 -231.1307 -102.7604 91.49304 -230.9944 102.7604 91.49304 -230.9944 -102.7604 -91.4883 -230.9944 102.7604 -91.4883 -230.9944 -94.05264 98.79622 -230.983 94.05264 98.79622 -230.983 -94.05264 -98.79149 -230.983 94.05264 -98.79149 -230.983 -107.6339 -96.17797 -230.8052 107.6339 -96.17797 -230.8052 -107.4976 89.64419 -230.5779 107.4976 89.64419 -230.5779 -107.4976 -89.63945 -230.5779 107.4976 -89.63945 -230.5779 -98.09828 92.99275 -230.5458 98.09828 92.99275 -230.5458 -98.09828 -92.98801 -230.5458 98.09828 -92.98801 -230.5458 -86.15081 94.09776 -230.1303 86.15081 94.09776 -230.1303 -86.15081 -94.09302 -230.1303 86.15081 -94.09302 -230.1303 -89.94044 94.09776 -229.9253 89.94044 94.09776 -229.9253 -89.94044 -94.09302 -229.9253 89.94044 -94.09302 -229.9253 -97.88815 98.79622 -229.9206 97.88815 98.79622 -229.9206 -97.88815 -98.79149 -229.9206 97.88815 -98.79149 -229.9206 -107.0427 -90.60424 -229.8199 107.0427 -90.60424 -229.8199 -86.15081 94.26822 -229.6352 86.15081 94.26822 -229.6352 -93.68584 94.09776 -229.3127 93.68584 94.09776 -229.3127 -93.68584 -94.09302 -229.3127 93.68584 -94.09302 -229.3127 -106.7306 97.32288 -229.2997 106.7306 97.32288 -229.2997 -106.7306 -97.31814 -229.2997 106.7306 -97.31814 -229.2997 -101.863 92.99275 -229.0496 101.863 92.99275 -229.0496 -101.863 -92.98801 -229.0496 101.863 -92.98801 -229.0496 -106.5464 91.49304 -228.9926 106.5464 91.49304 -228.9926 -106.5464 -91.4883 -228.9926 106.5464 -91.4883 -228.9926 -106.2572 -97.81776 -228.5107 106.2572 -97.81776 -228.5107 -86.15081 99.69853 -228.473 86.15081 99.69853 -228.473 -86.15081 -99.69378 -228.473 86.15081 -99.69378 -228.473 -101.5867 98.79622 -228.4507 101.5867 98.79622 -228.4507 -101.5867 -98.79149 -228.4507 101.5867 -98.79149 -228.4507 -97.3433 94.09776 -228.2996 97.3433 94.09776 -228.2996 -97.3433 -94.09302 -228.2996 97.3433 -94.09302 -228.2996 -106.1219 -92.13289 -228.2851 106.1219 -92.13289 -228.2851 -89.76165 99.69853 -228.2776 89.76165 99.69853 -228.2776 -89.76165 -99.69378 -228.2776 89.76165 -99.69378 -228.2776 -93.33036 99.69853 -227.6939 93.33036 99.69853 -227.6939 -93.33036 -99.69378 -227.6939 93.33036 -99.69378 -227.6939 -86.15081 94.77449 -227.6047 86.15081 94.77449 -227.6047 -86.15081 -94.76974 -227.6047 86.15081 -94.76974 -227.6047 -89.66799 94.77449 -227.4145 89.66799 94.77449 -227.4145 -89.66799 -94.76974 -227.4145 89.66799 -94.76974 -227.4145 -86.15081 94.81769 -227.3465 86.15081 94.81769 -227.3465 -105.4444 92.99275 -227.156 105.4444 92.99275 -227.156 -105.4444 -92.98801 -227.156 105.4444 -92.98801 -227.156 -100.8701 94.09776 -226.8979 100.8701 94.09776 -226.8979 -100.8701 -94.09302 -226.8979 100.8701 -94.09302 -226.8979 -93.14413 94.77449 -226.8459 93.14413 94.77449 -226.8459 -93.14413 -94.76974 -226.8459 93.14413 -94.76974 -226.8459 -96.81527 99.69853 -226.7287 96.81527 99.69853 -226.7287 -96.81527 -99.69378 -226.7287 96.81527 -99.69378 -226.7287 -105.105 98.79622 -226.5904 105.105 98.79622 -226.5904 -105.105 -98.79149 -226.5904 105.105 -98.79149 -226.5904 -105.0893 -93.36273 -226.5642 105.0893 -93.36273 -226.5642 -104.7654 -99.01876 -226.0244 104.7654 -99.01876 -226.0244 -96.53866 94.77449 -225.9057 96.53866 94.77449 -225.9057 -96.53866 -94.76974 -225.9057 96.53866 -94.76974 -225.9057 -100.1757 99.69853 -225.3931 100.1757 99.69853 -225.3931 -100.1757 -99.69378 -225.3931 100.1757 -99.69378 -225.3931 -132.8501 80.00237 -225.2899 132.8501 80.00237 -225.2899 -132.8501 -79.99764 -225.2899 132.8501 -79.99764 -225.2899 -104.2252 94.09776 -225.124 104.2252 94.09776 -225.124 -104.2252 -94.09302 -225.124 104.2252 -94.09302 -225.124 -132.7234 -83.12631 -225.0788 132.7234 -83.12631 -225.0788 -132.6938 83.47533 -225.0294 132.6938 83.47533 -225.0294 -132.6938 -83.47059 -225.0294 132.6938 -83.47059 -225.0294 -86.15081 100.0024 -225 86.15081 100.0024 -225 -86.15081 100.0024 -225 86.15081 100.0024 -225 -86.15081 95.00237 -225 86.15081 95.00237 -225 -86.15081 -94.99762 -225 86.15081 -94.99762 -225 -86.15081 -99.99764 -225 86.15081 -99.99764 -225 -89.38701 100.0024 -224.8249 89.38701 100.0024 -224.8249 -89.38701 100.0024 -224.8249 89.38701 100.0024 -224.8249 -89.38701 95.00237 -224.8249 89.38701 95.00237 -224.8249 -89.38701 -94.99762 -224.8249 89.38701 -94.99762 -224.8249 -89.38701 -99.99764 -224.8249 89.38701 -99.99764 -224.8249 -103.9705 -94.26348 -224.6995 103.9705 -94.26348 -224.6995 -99.81195 94.77449 -224.6047 99.81195 94.77449 -224.6047 -99.81195 -94.76974 -224.6047 99.81195 -94.76974 -224.6047 -132.3465 -86.17797 -224.4505 132.3465 -86.17797 -224.4505 -92.58544 100.0024 -224.3018 92.58544 100.0024 -224.3018 -92.58544 100.0024 -224.3018 92.58544 100.0024 -224.3018 -92.58544 95.00237 -224.3018 92.58544 95.00237 -224.3018 -92.58544 -94.99762 -224.3018 92.58544 -94.99762 -224.3018 -92.58544 -99.99764 -224.3018 92.58544 -99.99764 -224.3018 -132.2296 86.84277 -224.2556 132.2296 86.84277 -224.2556 -132.2296 -86.83803 -224.2556 132.2296 -86.83803 -224.2556 -103.3725 99.69853 -223.7028 103.3725 99.69853 -223.7028 -103.3725 -99.69378 -223.7028 103.3725 -99.69378 -223.7028 -95.70879 100.0024 -223.4367 95.70879 100.0024 -223.4367 -95.70879 100.0024 -223.4367 95.70879 100.0024 -223.4367 -95.70879 95.00237 -223.4367 95.70879 95.00237 -223.4367 -95.70879 -94.99762 -223.4367 95.70879 -94.99762 -223.4367 -95.70879 -99.99764 -223.4367 95.70879 -99.99764 -223.4367 -131.7286 -89.07744 -223.4207 131.7286 -89.07744 -223.4207 -103.1954 -99.75139 -223.4076 103.1954 -99.75139 -223.4076 -131.4716 90.00237 -222.9923 131.4716 90.00237 -222.9923 -131.4716 -89.99763 -222.9923 131.4716 -89.99763 -222.9923 -102.9258 94.77449 -222.9583 102.9258 94.77449 -222.9583 -102.9258 -94.76974 -222.9583 102.9258 -94.76974 -222.9583 -102.7929 -94.81295 -222.7369 -136.8271 80.00237 -222.5155 136.8271 80.00237 -222.5155 -136.8271 -79.99764 -222.5155 136.8271 -79.99764 -222.5155 -136.6366 83.47533 -222.2789 136.6366 83.47533 -222.2789 -136.6366 -83.47059 -222.2789 136.6366 -83.47059 -222.2789 -98.72058 100.0024 -222.2397 98.72058 100.0024 -222.2397 -98.72058 100.0024 -222.2397 98.72058 100.0024 -222.2397 -98.72058 95.00237 -222.2397 98.72058 95.00237 -222.2397 -98.72058 -94.99762 -222.2397 98.72058 -94.99762 -222.2397 -98.72058 -99.99764 -222.2397 98.72058 -99.99764 -222.2397 -130.8849 -91.75334 -222.0146 130.8849 -91.75334 -222.0146 -137.759 80.00237 -221.7387 137.759 80.00237 -221.7387 -137.759 -79.99764 -221.7387 137.759 -79.99764 -221.7387 -136.0708 86.84277 -221.576 136.0708 86.84277 -221.576 -136.0708 -86.83803 -221.576 136.0708 -86.83803 -221.576 -130.4427 92.85813 -221.2776 130.4427 92.85813 -221.2776 -130.4427 -92.85338 -221.2776 130.4427 -92.85338 -221.2776 -130.2777 80.00237 -221.0024 130.2777 80.00237 -221.0024 -130.2777 -79.99764 -221.0024 130.2777 -79.99764 -221.0024 -130.1826 -82.34416 -220.8441 130.1826 -82.34416 -220.8441 -130.1604 82.6071 -220.807 130.1604 82.6071 -220.807 -130.1604 -82.60234 -220.807 -101.5857 100.0024 -220.7248 101.5857 100.0024 -220.7248 -101.5857 100.0024 -220.7248 101.5857 100.0024 -220.7248 -101.5857 100.0024 -220.7248 101.5857 100.0024 -220.7248 -101.5857 95.00237 -220.7248 101.5857 95.00237 -220.7248 -101.5857 -94.99762 -220.7248 101.5857 -94.99762 -220.7248 -101.5857 -99.99764 -220.7248 101.5857 -99.99764 -220.7248 -135.1469 90.00237 -220.4284 135.1469 90.00237 -220.4284 -135.1469 -89.99763 -220.4284 135.1469 -89.99763 -220.4284 -129.8999 -84.63288 -220.3729 129.8999 -84.63288 -220.3729 -129.8363 -94.13977 -220.2668 129.8363 -94.13977 -220.2668 -129.8122 85.13268 -220.2267 129.8122 85.13268 -220.2267 -129.8122 -85.12793 -220.2267 -129.4365 -86.80748 -219.6005 129.4365 -86.80748 -219.6005 -129.2437 87.50237 -219.2792 129.2437 87.50237 -219.2792 -129.2437 -87.49763 -219.2792 -140.3868 80.00237 -219.2227 140.3868 80.00237 -219.2227 -140.3868 -79.99764 -219.2227 140.3868 -79.99764 -219.2227 -129.1744 95.32326 -219.1638 129.1744 95.32326 -219.1638 -129.1744 -95.31852 -219.1638 129.1744 -95.31852 -219.1638 -140.1656 83.47533 -219.0143 140.1656 83.47533 -219.0143 -140.1656 -83.47059 -219.0143 140.1656 -83.47059 -219.0143 -133.893 92.85813 -218.8708 133.893 92.85813 -218.8708 -133.893 -92.85338 -218.8708 133.893 -92.85338 -218.8708 -128.8038 -88.81442 -218.546 128.8038 -88.81442 -218.546 -133.9226 80.00237 -218.4331 133.9226 80.00237 -218.4331 -133.9226 -79.99764 -218.4331 133.9226 -79.99764 -218.4331 -139.5089 86.84277 -218.3956 139.5089 86.84277 -218.3956 -139.5089 -86.83803 -218.3956 139.5089 -86.83803 -218.3956 133.8054 -82.34416 -218.2904 -133.778 82.6071 -218.257 133.778 82.6071 -218.257 -133.778 -82.60234 -218.257 -128.6085 -96.17797 -218.2205 128.6085 -96.17797 -218.2205 -128.4721 89.64419 -217.9932 128.4721 89.64419 -217.9932 -128.4721 -89.63945 -217.9932 -134.4916 80.00237 -217.9539 134.4916 80.00237 -217.9539 -134.4916 -79.99764 -217.9539 134.4916 -79.99764 -217.9539 133.4566 -84.63288 -217.8657 -133.3485 85.13268 -217.734 133.3485 85.13268 -217.734 -133.3485 -85.12793 -217.734 -141.9887 80.00237 -217.4008 141.9887 80.00237 -217.4008 -141.9887 -79.99764 -217.4008 141.9887 -79.99764 -217.4008 -138.4365 90.00237 -217.3853 138.4365 90.00237 -217.3853 -138.4365 -89.99763 -217.3853 138.4365 -89.99763 -217.3853 -128.0173 -90.60424 -217.2351 128.0173 -90.60424 -217.2351 132.8849 -86.80748 -217.1697 -132.3471 95.32326 -216.9505 132.3471 95.32326 -216.9505 -132.3471 -95.31852 -216.9505 132.3471 -95.31852 -216.9505 -132.6471 87.50237 -216.8801 132.6471 87.50237 -216.8801 -132.6471 -87.49763 -216.8801 -127.7052 97.32288 -216.715 127.7052 97.32288 -216.715 -127.7052 -97.31814 -216.715 127.7052 -97.31814 -216.715 -127.5209 91.49304 -216.4078 127.5209 91.49304 -216.4078 -127.5209 -91.4883 -216.4078 132.1044 -88.81442 -216.2193 -136.981 92.85813 -216.0141 136.981 92.85813 -216.0141 -136.981 -92.85338 -216.0141 136.981 -92.85338 -216.0141 -127.2318 -97.81776 -215.9259 127.2318 -97.81776 -215.9259 -131.6952 89.64419 -215.7212 131.6952 89.64419 -215.7212 -131.6952 -89.63945 -215.7212 -127.0964 -92.13289 -215.7004 127.0964 -92.13289 -215.7004 -143.4618 80.00237 -215.4733 143.4618 80.00237 -215.4733 -143.4618 -79.99764 -215.4733 143.4618 -79.99764 -215.4733 -137.1513 80.00237 -215.3569 137.1513 80.00237 -215.3569 -137.1513 -79.99764 -215.3569 137.1513 -79.99764 -215.3569 -143.2142 83.47533 -215.2972 143.2142 83.47533 -215.2972 -143.2142 -83.47059 -215.2972 143.2142 -83.47059 -215.2972 137.0144 -82.34416 -215.2329 -136.9824 82.6071 -215.2039 136.9824 82.6071 -215.2039 -136.9824 -82.60234 -215.2039 131.1341 -90.60424 -215.038 136.6072 -84.63288 -214.864 -142.4789 86.84277 -214.7743 142.4789 86.84277 -214.7743 -142.4789 -86.83803 -214.7743 142.4789 -86.83803 -214.7743 -136.4808 85.13268 -214.7496 136.4808 85.13268 -214.7496 -136.4808 -85.12793 -214.7496 -130.5563 97.32288 -214.726 130.5563 97.32288 -214.726 -130.5563 -97.31814 -214.726 130.5563 -97.31814 -214.726 -126.4189 92.99275 -214.5713 126.4189 92.99275 -214.5713 -126.4189 -92.98801 -214.5713 -135.1868 95.32326 -214.3236 135.1868 95.32326 -214.3236 -135.1868 -95.31852 -214.3236 135.1868 -95.31852 -214.3236 -130.5218 91.49304 -214.2925 130.5218 91.49304 -214.2925 -130.5218 -91.4883 -214.2925 135.9396 -86.80748 -214.2593 -138.1227 80.00237 -214.2301 138.1227 80.00237 -214.2301 -138.1227 -79.99764 -214.2301 138.1227 -79.99764 -214.2301 -135.6618 87.50237 -214.0078 135.6618 87.50237 -214.0078 -135.6618 -87.49763 -214.0078 -126.0796 98.79622 -214.0056 126.0796 98.79622 -214.0056 -126.0796 -98.79149 -214.0056 126.0796 -98.79149 -214.0056 -126.0639 -93.36273 -213.9795 126.0639 -93.36273 -213.9795 -141.2783 90.00237 -213.9203 141.2783 90.00237 -213.9203 -141.2783 -89.99763 -213.9203 141.2783 -89.99763 -213.9203 129.9981 -92.13289 -213.6549 -125.74 -99.01876 -213.4396 125.74 -99.01876 -213.4396 135.028 -88.81442 -213.4337 -134.5503 89.64419 -213.001 134.5503 89.64419 -213.001 -134.5503 -89.63945 -213.001 -139.6488 92.85813 -212.7614 139.6488 92.85813 -212.7614 -139.6488 -92.85338 -212.7614 139.6488 -92.85338 -212.7614 -129.1624 92.99275 -212.6373 129.1624 92.99275 -212.6373 -129.1624 -92.98801 -212.6373 -125.1998 94.09776 -212.5393 125.1998 94.09776 -212.5393 -125.1998 -94.09302 -212.5393 133.895 -90.60424 -212.4075 -145.415 80.00237 -212.404 145.415 80.00237 -212.404 -145.415 -79.99764 -212.404 145.415 -79.99764 -212.404 -133.1082 97.32288 -212.3654 133.1082 97.32288 -212.3654 -133.1082 -97.31814 -212.3654 133.1082 -97.31814 -212.3654 -128.575 98.79622 -212.2649 128.575 98.79622 -212.2649 -128.575 -98.79149 -212.2649 128.575 -98.79149 -212.2649 -124.945 -94.26348 -212.1147 124.945 -94.26348 -212.1147 128.7244 -93.36273 -212.104 -139.8939 80.00237 -211.8404 139.8939 80.00237 -211.8404 -139.8939 -79.99764 -211.8404 139.8939 -79.99764 -211.8404 -133.18 91.49304 -211.7598 133.18 91.49304 -211.7598 -133.18 -91.4883 -211.7598 139.7403 -82.34416 -211.7378 -139.7044 82.6071 -211.7138 139.7044 82.6071 -211.7138 -139.7044 -82.60234 -211.7138 139.2834 -84.63288 -211.4327 -145.9945 80.00237 -211.3382 145.9945 80.00237 -211.3382 -145.9945 -79.99764 -211.3382 145.9945 -79.99764 -211.3382 -139.1416 85.13268 -211.338 139.1416 85.13268 -211.338 -139.1416 -85.12793 -211.338 -137.6399 95.32326 -211.3326 137.6399 95.32326 -211.3326 -137.6399 -95.31852 -211.3326 137.6399 -95.31852 -211.3326 132.5685 -92.13289 -211.206 -145.7251 83.47533 -211.1977 145.7251 83.47533 -211.1977 -145.7251 -83.47059 -211.1977 145.7251 -83.47059 -211.1977 -124.3471 99.69853 -211.1181 124.3471 99.69853 -211.1181 -124.3471 -99.69378 -211.1181 124.3471 -99.69378 -211.1181 138.5343 -86.80748 -210.9324 -124.1699 -99.75139 -210.8229 124.1699 -99.75139 -210.8229 -127.6584 94.09776 -210.8061 127.6584 94.09776 -210.8061 -127.6584 -94.09302 -210.8061 -144.9251 86.84277 -210.7803 144.9251 86.84277 -210.7803 -144.9251 -86.83803 -210.7803 144.9251 -86.83803 -210.7803 -138.2227 87.50237 -210.7243 138.2227 87.50237 -210.7243 -138.2227 -87.49763 -210.7243 127.3442 -94.26348 -210.4236 -123.9003 94.77449 -210.3736 123.9003 94.77449 -210.3736 -123.9003 -94.76974 -210.3736 -131.5925 92.99275 -210.322 131.5925 92.99275 -210.322 -131.5925 -92.98801 -210.322 137.5116 -88.81442 -210.2494 -130.8085 98.79622 -210.1987 130.8085 98.79622 -210.1987 -130.8085 -98.79149 -210.1987 130.8085 -98.79149 -210.1987 -123.7675 -94.81295 -210.1522 123.7675 -94.81295 -210.1522 -143.6188 90.00237 -210.0988 143.6188 90.00237 -210.0988 -143.6188 -89.99763 -210.0988 143.6188 -89.99763 -210.0988 -141.064 80.00237 -209.9405 141.064 80.00237 -209.9405 -141.064 -79.99764 -209.9405 141.064 -79.99764 -209.9405 -136.9755 89.64419 -209.8915 136.9755 89.64419 -209.8915 -136.9755 -89.63945 -209.8915 131.081 -93.36273 -209.8587 -135.3128 97.32288 -209.6774 135.3128 97.32288 -209.6774 -135.3128 -97.31814 -209.6774 135.3128 -97.31814 -209.6774 -126.4633 99.69853 -209.6418 126.4633 99.69853 -209.6418 -126.4633 -99.69378 -209.6418 126.4633 -99.69378 -209.6418 136.2403 -90.60424 -209.4005 -141.846 92.85813 -209.174 141.846 92.85813 -209.174 -141.846 -92.85338 -209.174 141.846 -92.85338 -209.174 -135.438 91.49304 -208.8647 135.438 91.49304 -208.8647 -135.438 -91.4883 -208.8647 -126.0554 94.77449 -208.8545 126.0554 94.77449 -208.8545 -126.0554 -94.76974 -208.8545 -129.8362 94.09776 -208.7312 129.8362 94.09776 -208.7312 -129.8362 -94.09302 -208.7312 125.8915 -94.81295 -208.6549 134.7519 -92.13289 -208.4065 129.4693 -94.26348 -208.3988 -122.5602 100.0024 -208.1401 122.5602 100.0024 -208.1401 122.5602 100.0024 -208.1401 -122.5602 100.0024 -208.1401 122.5602 100.0024 -208.1401 -122.5602 95.00237 -208.1401 122.5602 95.00237 -208.1401 -122.5602 -94.99762 -208.1401 122.5602 -94.99762 -208.1401 -122.5602 -99.99764 -208.1401 122.5602 -99.99764 -208.1401 -139.6603 95.32326 -208.0338 139.6603 95.32326 -208.0338 -139.6603 -95.31852 -208.0338 139.6603 -95.31852 -208.0338 -142.0911 80.00237 -207.9597 142.0911 80.00237 -207.9597 -142.0911 -79.99764 -207.9597 142.0911 -79.99764 -207.9597 -128.3575 99.69853 -207.8896 128.3575 99.69853 -207.8896 -128.3575 -99.69378 -207.8896 128.3575 -99.69378 -207.8896 141.9242 -82.34416 -207.8808 -141.8851 82.6071 -207.8623 141.8851 82.6071 -207.8623 -141.8851 -82.60234 -207.8623 -132.738 98.79622 -207.8462 132.738 98.79622 -207.8462 -132.738 -98.79149 -207.8462 132.738 -98.79149 -207.8462 -133.6568 92.99275 -207.6753 133.6568 92.99275 -207.6753 -133.6568 -92.98801 -207.6753 141.4274 -84.63288 -207.6459 -141.2733 85.13268 -207.5731 141.2733 85.13268 -207.5731 -141.2733 -85.12793 -207.5731 133.0829 -93.36273 -207.292 140.6131 -86.80748 -207.261 -140.2743 87.50237 -207.1009 140.2743 87.50237 -207.1009 -140.2743 -87.49763 -207.1009 -127.9643 94.77449 -207.0357 127.9643 94.77449 -207.0357 -127.9643 -94.76974 -207.0357 124.2855 100.0024 -206.9365 -124.2855 100.0024 -206.9365 124.2855 100.0024 -206.9365 -124.2855 -99.99764 -206.9365 124.2855 -99.99764 -206.9365 -147.9369 80.00237 -206.8952 147.9369 80.00237 -206.8952 -147.9369 -79.99764 -206.8952 147.9369 -79.99764 -206.8952 127.7729 -94.81295 -206.8624 -124.4022 95.00237 -206.8416 124.4022 95.00237 -206.8416 -124.4022 -94.99762 -206.8416 124.4022 -94.99762 -206.8416 -147.6508 83.47533 -206.7928 147.6508 83.47533 -206.7928 -147.6508 -83.47059 -206.7928 147.6508 -83.47059 -206.7928 139.5012 -88.81442 -206.7354 -137.1284 97.32288 -206.7129 137.1284 97.32288 -206.7129 -137.1284 -97.31814 -206.7129 137.1284 -97.31814 -206.7129 -146.8012 86.84277 -206.489 146.8012 86.84277 -206.489 -146.8012 -86.83803 -206.489 146.8012 -86.83803 -206.489 -138.9184 89.64419 -206.4599 138.9184 89.64419 -206.4599 -138.9184 -89.63945 -206.4599 -131.6861 94.09776 -206.3592 131.6861 94.09776 -206.3592 -131.6861 -94.09302 -206.3592 131.2744 -94.26348 -206.0843 138.1192 -90.60424 -206.0821 -145.4139 90.00237 -205.9928 145.4139 90.00237 -205.9928 -145.4139 -89.99763 -205.9928 145.4139 -89.99763 -205.9928 -129.9938 99.69853 -205.8944 129.9938 99.69853 -205.8944 -129.9938 -99.69378 -205.8944 129.9938 -99.69378 -205.8944 -137.2469 91.49304 -205.6697 137.2469 91.49304 -205.6697 -137.2469 -91.4883 -205.6697 125.8297 100.0024 -205.508 -125.8297 100.0024 -205.508 125.8297 100.0024 -205.508 -125.8297 -99.99764 -205.508 125.8297 -99.99764 -205.508 -143.5311 92.85813 -205.3195 143.5311 92.85813 -205.3195 -143.5311 -92.85338 -205.3195 143.5311 -92.85338 -205.3195 136.501 -92.13289 -205.3171 -126.0338 95.00237 -205.2871 126.0338 95.00237 -205.2871 -126.0338 -94.99762 -205.2871 126.0338 -94.99762 -205.2871 -134.3271 98.79622 -205.2515 134.3271 98.79622 -205.2515 -134.3271 -98.79149 -205.2515 134.3271 -98.79149 -205.2515 -143.2289 80.00237 -205.2114 143.2289 80.00237 -205.2114 -143.2289 -79.99764 -205.2114 143.2289 -79.99764 -205.2114 -129.5858 94.77449 -204.9566 129.5858 94.77449 -204.9566 -129.5858 -94.76974 -204.9566 129.3711 -94.81295 -204.8133 -135.3106 92.99275 -204.7544 135.3106 92.99275 -204.7544 -135.3106 -92.98801 -204.7544 -141.2099 95.32326 -204.4893 141.2099 95.32326 -204.4893 -141.2099 -95.31852 -204.4893 141.2099 -95.31852 -204.4893 134.6866 -93.36273 -204.4594 127.1637 100.0024 -203.8815 -127.1637 100.0024 -203.8815 127.1637 100.0024 -203.8815 -127.1637 -99.99764 -203.8815 127.1637 -99.99764 -203.8815 -143.6954 80.00237 -203.7987 143.6954 80.00237 -203.7987 -143.6954 -79.99764 -203.7987 143.6954 -79.99764 -203.7987 143.5187 -82.34416 -203.7452 -133.1682 94.09776 -203.7416 133.1682 94.09776 -203.7416 -133.1682 -94.09302 -203.7416 -143.4773 82.6071 -203.7326 143.4773 82.6071 -203.7326 -143.4773 -82.60234 -203.7326 -131.3415 99.69853 -203.694 131.3415 99.69853 -203.694 -131.3415 -99.69378 -203.694 131.3415 -99.69378 -203.694 142.9929 -84.63288 -203.5857 -142.8297 85.13268 -203.5363 142.8297 85.13268 -203.5363 -142.8297 -85.12793 -203.5363 132.7206 -94.26348 -203.5301 -138.521 97.32288 -203.5277 138.521 97.32288 -203.5277 -138.521 -97.31814 -203.5277 138.521 -97.31814 -203.5277 -127.4197 95.00237 -203.5101 127.4197 95.00237 -203.5101 -127.4197 -94.99762 -203.5101 127.4197 -94.99762 -203.5101 142.1309 -86.80748 -203.3243 -141.7723 87.50237 -203.2156 141.7723 87.50237 -203.2156 -141.7723 -87.49763 -203.2156 140.9539 -88.81442 -202.9675 -140.3371 89.64419 -202.7805 140.3371 89.64419 -202.7805 -140.3371 -89.63945 -202.7805 -130.8849 94.77449 -202.6622 130.8849 94.77449 -202.6622 -130.8849 -94.76974 -202.6622 130.6515 -94.81295 -202.5519 139.491 -90.60424 -202.5239 -135.5459 98.79622 -202.4637 135.5459 98.79622 -202.4637 -135.5459 -98.79149 -202.4637 135.5459 -98.79149 -202.4637 -138.5677 91.49304 -202.244 138.5677 91.49304 -202.244 -138.5677 -91.4883 -202.244 -149.2526 80.00237 -202.2279 149.2526 80.00237 -202.2279 -149.2526 -79.99764 -202.2279 149.2526 -79.99764 -202.2279 -148.9552 83.47533 -202.1658 148.9552 83.47533 -202.1658 -148.9552 -83.47059 -202.1658 148.9552 -83.47059 -202.1658 128.2624 100.0024 -202.0877 -128.2624 100.0024 -202.0877 128.2624 100.0024 -202.0877 -128.2624 -99.99764 -202.0877 128.2624 -99.99764 -202.0877 137.7782 -92.13289 -202.0046 -148.072 86.84277 -201.9812 148.072 86.84277 -201.9812 -148.072 -86.83803 -201.9812 148.072 -86.83803 -201.9812 -146.6298 90.00237 -201.6797 146.6298 90.00237 -201.6797 -146.6298 -89.99763 -201.6797 146.6298 -89.99763 -201.6797 -136.5181 92.99275 -201.6225 136.5181 92.99275 -201.6225 -136.5181 -92.98801 -201.6225 -128.53 95.00237 -201.5491 128.53 95.00237 -201.5491 -128.53 -94.99762 -201.5491 128.53 -94.99762 -201.5491 135.8576 -93.36273 -201.4223 -132.3751 99.69853 -201.3297 132.3751 99.69853 -201.3297 -132.3751 -99.69378 -201.3297 132.3751 -99.69378 -201.3297 -144.6725 92.85813 -201.2705 144.6725 92.85813 -201.2705 -144.6725 -92.85338 -201.2705 144.6725 -92.85338 -201.2705 -149.4804 80.00237 -201.0364 149.4804 80.00237 -201.0364 -149.4804 -79.99764 -201.0364 149.4804 -79.99764 -201.0364 -134.2503 94.09776 -200.9349 134.2503 94.09776 -200.9349 -134.2503 -94.09302 -200.9349 133.7766 -94.26348 -200.7913 -142.2595 95.32326 -200.7661 142.2595 95.32326 -200.7661 -142.2595 -95.31852 -200.7661 142.2595 -95.31852 -200.7661 -131.8334 94.77449 -200.2021 131.8334 94.77449 -200.2021 -131.8334 -94.76974 -200.2021 -144.554 80.00237 -200.1819 144.554 80.00237 -200.1819 -144.554 -79.99764 -200.1819 144.554 -79.99764 -200.1819 -139.4642 97.32288 -200.1817 139.4642 97.32288 -200.1817 -139.4642 -97.31814 -200.1817 139.4642 -97.31814 -200.1817 129.105 100.0024 -200.1602 -129.105 100.0024 -200.1602 129.105 100.0024 -200.1602 -129.105 -99.99764 -200.1602 129.105 -99.99764 -200.1602 131.5863 -94.81295 -200.1272 -136.3714 98.79622 -199.5352 136.3714 98.79622 -199.5352 -136.3714 -98.79149 -199.5352 136.3714 -98.79149 -199.5352 -144.6721 80.00237 -199.4475 144.6721 80.00237 -199.4475 -144.6721 -79.99764 -199.4475 144.6721 -79.99764 -199.4475 -129.3407 95.00237 -199.4463 129.3407 95.00237 -199.4463 -129.3407 -94.99762 -199.4463 129.3407 -94.99762 -199.4463 144.4894 -82.34416 -199.4204 -144.4467 82.6071 -199.414 144.4467 82.6071 -199.414 -144.4467 -82.60234 -199.414 143.9459 -84.63288 -199.3398 -143.7772 85.13268 -199.3148 143.7772 85.13268 -199.3148 -143.7772 -85.12793 -199.3148 143.0549 -86.80748 -199.2077 -142.6842 87.50237 -199.1527 142.6842 87.50237 -199.1527 -142.6842 -87.49763 -199.1527 141.8383 -88.81442 -199.0273 -141.2007 89.64419 -198.9328 141.2007 89.64419 -198.9328 -141.2007 -89.63945 -198.9328 -133.0753 99.69853 -198.8462 133.0753 99.69853 -198.8462 -133.0753 -99.69378 -198.8462 133.0753 -99.69378 -198.8462 140.3262 -90.60424 -198.8031 -139.3718 91.49304 -198.6616 139.3718 91.49304 -198.6616 -139.3718 -91.4883 -198.6616 138.5557 -92.13289 -198.5406 -137.2532 92.99275 -198.3475 137.2532 92.99275 -198.3475 -137.2532 -92.98801 -198.3475 136.5705 -93.36273 -198.2463 129.6758 100.0024 -198.1356 -129.6758 100.0024 -198.1356 129.6758 100.0024 -198.1356 -129.6758 -99.99764 -198.1356 129.6758 -99.99764 -198.1356 -134.9091 94.09776 -197.9999 134.9091 94.09776 -197.9999 -134.9091 -94.09302 -197.9999 134.4194 -94.26348 -197.9273 -132.4108 94.77449 -197.6295 132.4108 94.77449 -197.6295 -132.4108 -94.76974 -197.6295 132.1554 -94.81295 -197.5916 -149.9167 80.00237 -197.4245 149.9167 80.00237 -197.4245 -149.9167 -79.99764 -197.4245 149.9167 -79.99764 -197.4245 -149.6136 83.47533 -197.4037 149.6136 83.47533 -197.4037 -149.6136 -83.47059 -197.4037 149.6136 -83.47059 -197.4037 -148.7134 86.84277 -197.3417 148.7134 86.84277 -197.3417 -148.7134 -86.83803 -197.3417 148.7134 -86.83803 -197.3417 -129.8343 95.00237 -197.2475 129.8343 95.00237 -197.2475 -129.8343 -94.99762 -197.2475 129.8343 -94.99762 -197.2475 -147.2435 90.00237 -197.2406 147.2435 90.00237 -197.2406 -147.2435 -89.99763 -197.2406 147.2435 -89.99763 -197.2406 -145.2486 92.85813 -197.1034 145.2486 92.85813 -197.1034 -145.2486 -92.85338 -197.1034 145.2486 -92.85338 -197.1034 -142.7893 95.32326 -196.9342 142.7893 95.32326 -196.9342 -142.7893 -95.31852 -196.9342 142.7893 -95.31852 -196.9342 -139.9403 97.32288 -196.7382 139.9403 97.32288 -196.7382 -139.9403 -97.31814 -196.7382 139.9403 -97.31814 -196.7382 -136.7881 98.79622 -196.5213 136.7881 98.79622 -196.5213 -136.7881 -98.79149 -196.5213 136.7881 -98.79149 -196.5213 -133.4286 99.69853 -196.2902 133.4286 99.69853 -196.2902 -133.4286 -99.69378 -196.2902 133.4286 -99.69378 -196.2902 129.9639 100.0024 -196.0518 -129.9639 100.0024 -196.0518 129.9639 100.0024 -196.0518 -129.9639 -99.99764 -196.0518 129.9639 -99.99764 -196.0518 -141.4907 -89.63945 -195 -130 95.00237 -195 -130 -94.99762 -195 -144.7721 -82.60234 -195 -142.9904 -87.49763 -195 -139.6418 -91.4883 -195 -137.5 -92.98801 -195 -145 -79.99764 -195 -137.5 92.99275 -195 -144.0954 -85.12793 -195 -135.1303 -94.09302 -195 -130 -94.99762 -195 -139.6418 91.49304 -195 -141.4907 89.64419 -195 -142.9904 87.50237 -195 -144.7721 82.6071 -195 -132.6047 -94.76974 -195 -145 80.00237 -195 -132.6047 94.77449 -195 -135.1303 94.09776 -195 -130 95.00237 -195 -150 80.00237 -195 -150 -79.99764 -195 -145 80.00237 -195 -145 -79.99764 -195 -144.0954 85.13268 -195 145 -79.99764 -195 136.8099 -93.36273 -195 142.1352 -88.81442 -195 144.0954 85.13268 -195 144.8153 -82.34416 -195 140.6066 -90.60424 -195 132.3465 -94.81295 -195 135.1303 94.09776 -195 138.8168 -92.13289 -195 145 80.00237 -195 144.2658 -84.63288 -195 134.6352 -94.26348 -195 130 95.00237 -195 141.4907 89.64419 -195 143.3651 -86.80748 -195 130 -94.99762 -195 142.9904 87.50237 -195 130 -94.99762 -195 139.6418 91.49304 -195 144.7721 82.6071 -195 132.6047 94.77449 -195 137.5 92.99275 -195 130 95.00237 -195 145 80.00237 -195 145 -79.99764 -195 150 80.00237 -195 150 -79.99764 -195 129.9639 100.0024 -193.9482 -129.9639 100.0024 -193.9482 129.9639 100.0024 -193.9482 -129.9639 -99.99764 -193.9482 129.9639 -99.99764 -193.9482 -133.4286 99.69853 -193.7098 133.4286 99.69853 -193.7098 -133.4286 -99.69378 -193.7098 133.4286 -99.69378 -193.7098 -136.7881 98.79622 -193.4787 136.7881 98.79622 -193.4787 -136.7881 -98.79149 -193.4787 136.7881 -98.79149 -193.4787 -139.9403 97.32288 -193.2618 139.9403 97.32288 -193.2618 -139.9403 -97.31814 -193.2618 139.9403 -97.31814 -193.2618 -142.7893 95.32326 -193.0658 142.7893 95.32326 -193.0658 -142.7893 -95.31852 -193.0658 142.7893 -95.31852 -193.0658 -145.2486 92.85813 -192.8966 145.2486 92.85813 -192.8966 -145.2486 -92.85338 -192.8966 145.2486 -92.85338 -192.8966 -147.2435 90.00237 -192.7594 147.2435 90.00237 -192.7594 -147.2435 -89.99763 -192.7594 147.2435 -89.99763 -192.7594 -129.8343 95.00237 -192.7525 129.8343 95.00237 -192.7525 -129.8343 -94.99762 -192.7525 129.8343 -94.99762 -192.7525 -148.7134 86.84277 -192.6582 148.7134 86.84277 -192.6582 -148.7134 -86.83803 -192.6582 148.7134 -86.83803 -192.6582 -149.6136 83.47533 -192.5963 149.6136 83.47533 -192.5963 -149.6136 -83.47059 -192.5963 149.6136 -83.47059 -192.5963 -149.9167 80.00237 -192.5755 149.9167 80.00237 -192.5755 -149.9167 -79.99764 -192.5755 149.9167 -79.99764 -192.5755 132.1554 -94.81295 -192.4084 -132.4108 94.77449 -192.3705 132.4108 94.77449 -192.3705 -132.4108 -94.76974 -192.3705 134.4194 -94.26348 -192.0727 -134.9091 94.09776 -192.0001 134.9091 94.09776 -192.0001 -134.9091 -94.09302 -192.0001 129.6758 100.0024 -191.8644 -129.6758 100.0024 -191.8644 129.6758 100.0024 -191.8644 -129.6758 -99.99764 -191.8644 129.6758 -99.99764 -191.8644 136.5705 -93.36273 -191.7537 -137.2532 92.99275 -191.6525 137.2532 92.99275 -191.6525 -137.2532 -92.98801 -191.6525 138.5557 -92.13289 -191.4594 -139.3718 91.49304 -191.3384 139.3718 91.49304 -191.3384 -139.3718 -91.4883 -191.3384 140.3262 -90.60424 -191.1969 -133.0753 99.69853 -191.1538 133.0753 99.69853 -191.1538 -133.0753 -99.69378 -191.1538 133.0753 -99.69378 -191.1538 -141.2007 89.64419 -191.0672 141.2007 89.64419 -191.0672 -141.2007 -89.63945 -191.0672 141.8383 -88.81442 -190.9727 -142.6842 87.50237 -190.8473 142.6842 87.50237 -190.8473 -142.6842 -87.49763 -190.8473 143.0549 -86.80748 -190.7923 -143.7772 85.13268 -190.6852 143.7772 85.13268 -190.6852 -143.7772 -85.12793 -190.6852 143.9459 -84.63288 -190.6602 -144.4467 82.6071 -190.5859 144.4467 82.6071 -190.5859 -144.4467 -82.60234 -190.5859 144.4894 -82.34416 -190.5796 -129.3407 95.00237 -190.5536 129.3407 95.00237 -190.5536 -129.3407 -94.99762 -190.5536 129.3407 -94.99762 -190.5536 -144.6721 80.00237 -190.5525 144.6721 80.00237 -190.5525 -144.6721 -79.99764 -190.5525 144.6721 -79.99764 -190.5525 -136.3714 98.79622 -190.4648 136.3714 98.79622 -190.4648 -136.3714 -98.79149 -190.4648 136.3714 -98.79149 -190.4648 131.5863 -94.81295 -189.8728 129.105 100.0024 -189.8398 -129.105 100.0024 -189.8398 129.105 100.0024 -189.8398 -129.105 -99.99764 -189.8398 129.105 -99.99764 -189.8398 -139.4642 97.32288 -189.8182 139.4642 97.32288 -189.8182 -139.4642 -97.31814 -189.8182 139.4642 -97.31814 -189.8182 -144.554 80.00237 -189.8181 144.554 80.00237 -189.8181 -144.554 -79.99764 -189.8181 144.554 -79.99764 -189.8181 -131.8334 94.77449 -189.7979 131.8334 94.77449 -189.7979 -131.8334 -94.76974 -189.7979 -142.2595 95.32326 -189.2339 142.2595 95.32326 -189.2339 -142.2595 -95.31852 -189.2339 142.2595 -95.31852 -189.2339 133.7766 -94.26348 -189.2087 -134.2503 94.09776 -189.065 134.2503 94.09776 -189.065 -134.2503 -94.09302 -189.065 -149.4804 80.00237 -188.9636 149.4804 80.00237 -188.9636 -149.4804 -79.99764 -188.9636 149.4804 -79.99764 -188.9636 -144.6725 92.85813 -188.7295 144.6725 92.85813 -188.7295 -144.6725 -92.85338 -188.7295 144.6725 -92.85338 -188.7295 -132.3751 99.69853 -188.6703 132.3751 99.69853 -188.6703 -132.3751 -99.69378 -188.6703 132.3751 -99.69378 -188.6703 135.8576 -93.36273 -188.5777 -128.53 95.00237 -188.4509 128.53 95.00237 -188.4509 -128.53 -94.99762 -188.4509 128.53 -94.99762 -188.4509 -136.5181 92.99275 -188.3775 136.5181 92.99275 -188.3775 -136.5181 -92.98801 -188.3775 -146.6298 90.00237 -188.3203 146.6298 90.00237 -188.3203 -146.6298 -89.99763 -188.3203 146.6298 -89.99763 -188.3203 -148.072 86.84277 -188.0188 148.072 86.84277 -188.0188 -148.072 -86.83803 -188.0188 148.072 -86.83803 -188.0188 137.7782 -92.13289 -187.9954 128.2624 100.0024 -187.9123 -128.2624 100.0024 -187.9123 128.2624 100.0024 -187.9123 -128.2624 -99.99764 -187.9123 128.2624 -99.99764 -187.9123 -148.9552 83.47533 -187.8342 148.9552 83.47533 -187.8342 -148.9552 -83.47059 -187.8342 148.9552 -83.47059 -187.8342 -149.2526 80.00237 -187.772 149.2526 80.00237 -187.772 -149.2526 -79.99764 -187.772 149.2526 -79.99764 -187.772 -138.5677 91.49304 -187.756 138.5677 91.49304 -187.756 -138.5677 -91.4883 -187.756 -135.5459 98.79622 -187.5363 135.5459 98.79622 -187.5363 -135.5459 -98.79149 -187.5363 135.5459 -98.79149 -187.5363 139.491 -90.60424 -187.4761 130.6515 -94.81295 -187.4481 -130.8849 94.77449 -187.3377 130.8849 94.77449 -187.3377 -130.8849 -94.76974 -187.3377 -140.3371 89.64419 -187.2195 140.3371 89.64419 -187.2195 -140.3371 -89.63945 -187.2195 140.9539 -88.81442 -187.0325 -141.7723 87.50237 -186.7844 141.7723 87.50237 -186.7844 -141.7723 -87.49763 -186.7844 142.1309 -86.80748 -186.6756 -127.4197 95.00237 -186.4899 127.4197 95.00237 -186.4899 -127.4197 -94.99762 -186.4899 127.4197 -94.99762 -186.4899 -138.521 97.32288 -186.4723 138.521 97.32288 -186.4723 -138.521 -97.31814 -186.4723 138.521 -97.31814 -186.4723 132.7206 -94.26348 -186.4699 -142.8297 85.13268 -186.4637 142.8297 85.13268 -186.4637 -142.8297 -85.12793 -186.4637 142.9929 -84.63288 -186.4143 -131.3415 99.69853 -186.306 131.3415 99.69853 -186.306 -131.3415 -99.69378 -186.306 131.3415 -99.69378 -186.306 -143.4773 82.6071 -186.2674 143.4773 82.6071 -186.2674 -143.4773 -82.60234 -186.2674 -133.1682 94.09776 -186.2584 133.1682 94.09776 -186.2584 -133.1682 -94.09302 -186.2584 143.5187 -82.34416 -186.2548 -143.6954 80.00237 -186.2013 143.6954 80.00237 -186.2013 -143.6954 -79.99764 -186.2013 143.6954 -79.99764 -186.2013 127.1637 100.0024 -186.1185 -127.1637 100.0024 -186.1185 127.1637 100.0024 -186.1185 -127.1637 -99.99764 -186.1185 127.1637 -99.99764 -186.1185 134.6866 -93.36273 -185.5406 -141.2099 95.32326 -185.5106 141.2099 95.32326 -185.5106 -141.2099 -95.31852 -185.5106 141.2099 -95.31852 -185.5106 -135.3106 92.99275 -185.2456 135.3106 92.99275 -185.2456 -135.3106 -92.98801 -185.2456 129.3711 -94.81295 -185.1867 -129.5858 94.77449 -185.0433 129.5858 94.77449 -185.0433 -129.5858 -94.76974 -185.0433 -143.2289 80.00237 -184.7886 143.2289 80.00237 -184.7886 -143.2289 -79.99764 -184.7886 143.2289 -79.99764 -184.7886 -134.3271 98.79622 -184.7485 134.3271 98.79622 -184.7485 -134.3271 -98.79149 -184.7485 134.3271 -98.79149 -184.7485 -126.0338 95.00237 -184.7129 126.0338 95.00237 -184.7129 -126.0338 -94.99762 -184.7129 126.0338 -94.99762 -184.7129 136.501 -92.13289 -184.6829 -143.5311 92.85813 -184.6805 143.5311 92.85813 -184.6805 -143.5311 -92.85338 -184.6805 143.5311 -92.85338 -184.6805 125.8297 100.0024 -184.492 -125.8297 100.0024 -184.492 125.8297 100.0024 -184.492 -125.8297 -99.99764 -184.492 125.8297 -99.99764 -184.492 -137.2469 91.49304 -184.3303 137.2469 91.49304 -184.3303 -137.2469 -91.4883 -184.3303 -129.9938 99.69853 -184.1056 129.9938 99.69853 -184.1056 -129.9938 -99.69378 -184.1056 129.9938 -99.69378 -184.1056 -145.4139 90.00237 -184.0072 145.4139 90.00237 -184.0072 -145.4139 -89.99763 -184.0072 145.4139 -89.99763 -184.0072 138.1192 -90.60424 -183.9179 131.2744 -94.26348 -183.9157 -131.6861 94.09776 -183.6408 131.6861 94.09776 -183.6408 -131.6861 -94.09302 -183.6408 -138.9184 89.64419 -183.5401 138.9184 89.64419 -183.5401 -138.9184 -89.63945 -183.5401 -146.8012 86.84277 -183.511 146.8012 86.84277 -183.511 -146.8012 -86.83803 -183.511 146.8012 -86.83803 -183.511 -137.1284 97.32288 -183.2871 137.1284 97.32288 -183.2871 -137.1284 -97.31814 -183.2871 137.1284 -97.31814 -183.2871 139.5012 -88.81442 -183.2646 -147.6508 83.47533 -183.2072 147.6508 83.47533 -183.2072 -147.6508 -83.47059 -183.2072 147.6508 -83.47059 -183.2072 -124.4022 95.00237 -183.1584 124.4022 95.00237 -183.1584 -124.4022 -94.99762 -183.1584 124.4022 -94.99762 -183.1584 127.7729 -94.81295 -183.1376 -147.9369 80.00237 -183.1048 147.9369 80.00237 -183.1048 -147.9369 -79.99764 -183.1048 147.9369 -79.99764 -183.1048 124.2855 100.0024 -183.0635 -124.2855 100.0024 -183.0635 124.2855 100.0024 -183.0635 -124.2855 -99.99764 -183.0635 124.2855 -99.99764 -183.0635 -127.9643 94.77449 -182.9643 127.9643 94.77449 -182.9643 -127.9643 -94.76974 -182.9643 -140.2743 87.50237 -182.8992 140.2743 87.50237 -182.8992 -140.2743 -87.49763 -182.8992 140.6131 -86.80748 -182.739 133.0829 -93.36273 -182.708 -141.2733 85.13268 -182.4269 141.2733 85.13268 -182.4269 -141.2733 -85.12793 -182.4269 141.4274 -84.63288 -182.354 -133.6568 92.99275 -182.3247 133.6568 92.99275 -182.3247 -133.6568 -92.98801 -182.3247 -132.738 98.79622 -182.1538 132.738 98.79622 -182.1538 -132.738 -98.79149 -182.1538 132.738 -98.79149 -182.1538 -141.8851 82.6071 -182.1377 141.8851 82.6071 -182.1377 -141.8851 -82.60234 -182.1377 141.9242 -82.34416 -182.1192 -128.3575 99.69853 -182.1104 128.3575 99.69853 -182.1104 -128.3575 -99.69378 -182.1104 128.3575 -99.69378 -182.1104 -142.0911 80.00237 -182.0403 142.0911 80.00237 -182.0403 -142.0911 -79.99764 -182.0403 142.0911 -79.99764 -182.0403 -139.6603 95.32326 -181.9662 139.6603 95.32326 -181.9662 -139.6603 -95.31852 -181.9662 139.6603 -95.31852 -181.9662 -122.5602 100.0024 -181.8599 122.5602 100.0024 -181.8599 122.5602 100.0024 -181.8599 -122.5602 100.0024 -181.8599 122.5602 100.0024 -181.8599 -122.5602 95.00237 -181.8599 122.5602 95.00237 -181.8599 -122.5602 -94.99762 -181.8599 122.5602 -94.99762 -181.8599 -122.5602 -99.99764 -181.8599 122.5602 -99.99764 -181.8599 129.4693 -94.26348 -181.6011 134.7519 -92.13289 -181.5935 125.8915 -94.81295 -181.3451 -129.8362 94.09776 -181.2688 129.8362 94.09776 -181.2688 -129.8362 -94.09302 -181.2688 -126.0554 94.77449 -181.1455 126.0554 94.77449 -181.1455 -126.0554 -94.76974 -181.1455 -135.438 91.49304 -181.1353 135.438 91.49304 -181.1353 -135.438 -91.4883 -181.1353 -141.846 92.85813 -180.826 141.846 92.85813 -180.826 -141.846 -92.85338 -180.826 141.846 -92.85338 -180.826 136.2403 -90.60424 -180.5995 -126.4633 99.69853 -180.3582 126.4633 99.69853 -180.3582 -126.4633 -99.69378 -180.3582 126.4633 -99.69378 -180.3582 -135.3128 97.32288 -180.3226 135.3128 97.32288 -180.3226 -135.3128 -97.31814 -180.3226 135.3128 -97.31814 -180.3226 131.081 -93.36273 -180.1413 -136.9755 89.64419 -180.1085 136.9755 89.64419 -180.1085 -136.9755 -89.63945 -180.1085 -141.064 80.00237 -180.0595 141.064 80.00237 -180.0595 -141.064 -79.99764 -180.0595 141.064 -79.99764 -180.0595 -143.6188 90.00237 -179.9011 143.6188 90.00237 -179.9011 -143.6188 -89.99763 -179.9011 143.6188 -89.99763 -179.9011 -123.7675 -94.81295 -179.8478 123.7675 -94.81295 -179.8478 -130.8085 98.79622 -179.8013 130.8085 98.79622 -179.8013 -130.8085 -98.79149 -179.8013 130.8085 -98.79149 -179.8013 137.5116 -88.81442 -179.7505 -131.5925 92.99275 -179.678 131.5925 92.99275 -179.678 -131.5925 -92.98801 -179.678 -123.9003 94.77449 -179.6264 123.9003 94.77449 -179.6264 -123.9003 -94.76974 -179.6264 127.3442 -94.26348 -179.5764 -138.2227 87.50237 -179.2756 138.2227 87.50237 -179.2756 -138.2227 -87.49763 -179.2756 -144.9251 86.84277 -179.2197 144.9251 86.84277 -179.2197 -144.9251 -86.83803 -179.2197 144.9251 -86.83803 -179.2197 -127.6584 94.09776 -179.1938 127.6584 94.09776 -179.1938 -127.6584 -94.09302 -179.1938 -124.1699 -99.75139 -179.1771 124.1699 -99.75139 -179.1771 138.5343 -86.80748 -179.0675 -124.3471 99.69853 -178.8819 124.3471 99.69853 -178.8819 -124.3471 -99.69378 -178.8819 124.3471 -99.69378 -178.8819 -145.7251 83.47533 -178.8023 145.7251 83.47533 -178.8023 -145.7251 -83.47059 -178.8023 145.7251 -83.47059 -178.8023 132.5685 -92.13289 -178.794 -137.6399 95.32326 -178.6674 137.6399 95.32326 -178.6674 -137.6399 -95.31852 -178.6674 137.6399 -95.31852 -178.6674 -139.1416 85.13268 -178.662 139.1416 85.13268 -178.662 -139.1416 -85.12793 -178.662 -145.9945 80.00237 -178.6618 145.9945 80.00237 -178.6618 -145.9945 -79.99764 -178.6618 145.9945 -79.99764 -178.6618 139.2834 -84.63288 -178.5673 -139.7044 82.6071 -178.2861 139.7044 82.6071 -178.2861 -139.7044 -82.60234 -178.2861 139.7403 -82.34416 -178.2622 -133.18 91.49304 -178.2402 133.18 91.49304 -178.2402 -133.18 -91.4883 -178.2402 -139.8939 80.00237 -178.1596 139.8939 80.00237 -178.1596 -139.8939 -79.99764 -178.1596 139.8939 -79.99764 -178.1596 128.7244 -93.36273 -177.896 -124.945 -94.26348 -177.8852 124.945 -94.26348 -177.8852 -128.575 98.79622 -177.7351 128.575 98.79622 -177.7351 -128.575 -98.79149 -177.7351 128.575 -98.79149 -177.7351 -133.1082 97.32288 -177.6346 133.1082 97.32288 -177.6346 -133.1082 -97.31814 -177.6346 133.1082 -97.31814 -177.6346 -145.415 80.00237 -177.596 145.415 80.00237 -177.596 -145.415 -79.99764 -177.596 145.415 -79.99764 -177.596 133.895 -90.60424 -177.5925 -125.1998 94.09776 -177.4607 125.1998 94.09776 -177.4607 -125.1998 -94.09302 -177.4607 -129.1624 92.99275 -177.3627 129.1624 92.99275 -177.3627 -129.1624 -92.98801 -177.3627 -139.6488 92.85813 -177.2386 139.6488 92.85813 -177.2386 -139.6488 -92.85338 -177.2386 139.6488 -92.85338 -177.2386 -134.5503 89.64419 -176.999 134.5503 89.64419 -176.999 -134.5503 -89.63945 -176.999 135.028 -88.81442 -176.5663 -125.74 -99.01876 -176.5603 125.74 -99.01876 -176.5603 129.9981 -92.13289 -176.3451 -141.2783 90.00237 -176.0797 141.2783 90.00237 -176.0797 -141.2783 -89.99763 -176.0797 141.2783 -89.99763 -176.0797 -126.0639 -93.36273 -176.0205 126.0639 -93.36273 -176.0205 -126.0796 98.79622 -175.9944 126.0796 98.79622 -175.9944 -126.0796 -98.79149 -175.9944 126.0796 -98.79149 -175.9944 -135.6618 87.50237 -175.9922 135.6618 87.50237 -175.9922 -135.6618 -87.49763 -175.9922 -138.1227 80.00237 -175.7699 138.1227 80.00237 -175.7699 -138.1227 -79.99764 -175.7699 138.1227 -79.99764 -175.7699 135.9396 -86.80748 -175.7407 -130.5218 91.49304 -175.7075 130.5218 91.49304 -175.7075 -130.5218 -91.4883 -175.7075 -135.1868 95.32326 -175.6764 135.1868 95.32326 -175.6764 -135.1868 -95.31852 -175.6764 135.1868 -95.31852 -175.6764 -126.4189 92.99275 -175.4287 126.4189 92.99275 -175.4287 -126.4189 -92.98801 -175.4287 -130.5563 97.32288 -175.274 130.5563 97.32288 -175.274 -130.5563 -97.31814 -175.274 130.5563 -97.31814 -175.274 -136.4808 85.13268 -175.2504 136.4808 85.13268 -175.2504 -136.4808 -85.12793 -175.2504 -142.4789 86.84277 -175.2257 142.4789 86.84277 -175.2257 -142.4789 -86.83803 -175.2257 142.4789 -86.83803 -175.2257 136.6072 -84.63288 -175.136 131.1341 -90.60424 -174.962 -136.9824 82.6071 -174.7961 136.9824 82.6071 -174.7961 -136.9824 -82.60234 -174.7961 137.0144 -82.34416 -174.7671 -143.2142 83.47533 -174.7028 143.2142 83.47533 -174.7028 -143.2142 -83.47059 -174.7028 143.2142 -83.47059 -174.7028 -137.1513 80.00237 -174.6431 137.1513 80.00237 -174.6431 -137.1513 -79.99764 -174.6431 137.1513 -79.99764 -174.6431 -143.4618 80.00237 -174.5267 143.4618 80.00237 -174.5267 -143.4618 -79.99764 -174.5267 143.4618 -79.99764 -174.5267 -127.0964 -92.13289 -174.2996 127.0964 -92.13289 -174.2996 -131.6952 89.64419 -174.2788 131.6952 89.64419 -174.2788 -131.6952 -89.63945 -174.2788 -127.2318 -97.81776 -174.0741 127.2318 -97.81776 -174.0741 -136.981 92.85813 -173.9859 136.981 92.85813 -173.9859 -136.981 -92.85338 -173.9859 136.981 -92.85338 -173.9859 132.1044 -88.81442 -173.7807 -127.5209 91.49304 -173.5921 127.5209 91.49304 -173.5921 -127.5209 -91.4883 -173.5921 -127.7052 97.32288 -173.285 127.7052 97.32288 -173.285 -127.7052 -97.31814 -173.285 127.7052 -97.31814 -173.285 -132.6471 87.50237 -173.1199 132.6471 87.50237 -173.1199 -132.6471 -87.49763 -173.1199 -132.3471 95.32326 -173.0495 132.3471 95.32326 -173.0495 -132.3471 -95.31852 -173.0495 132.3471 -95.31852 -173.0495 132.8849 -86.80748 -172.8303 -128.0173 -90.60424 -172.7648 128.0173 -90.60424 -172.7648 -138.4365 90.00237 -172.6147 138.4365 90.00237 -172.6147 -138.4365 -89.99763 -172.6147 138.4365 -89.99763 -172.6147 -141.9887 80.00237 -172.5991 141.9887 80.00237 -172.5991 -141.9887 -79.99764 -172.5991 141.9887 -79.99764 -172.5991 -133.3485 85.13268 -172.266 133.3485 85.13268 -172.266 -133.3485 -85.12793 -172.266 133.4566 -84.63288 -172.1343 -134.4916 80.00237 -172.0461 134.4916 80.00237 -172.0461 -134.4916 -79.99764 -172.0461 134.4916 -79.99764 -172.0461 -128.4721 89.64419 -172.0068 128.4721 89.64419 -172.0068 -128.4721 -89.63945 -172.0068 -128.6085 -96.17797 -171.7795 128.6085 -96.17797 -171.7795 -133.778 82.6071 -171.743 133.778 82.6071 -171.743 -133.778 -82.60234 -171.743 133.8054 -82.34416 -171.7096 -139.5089 86.84277 -171.6044 139.5089 86.84277 -171.6044 -139.5089 -86.83803 -171.6044 139.5089 -86.83803 -171.6044 -133.9226 80.00237 -171.5669 133.9226 80.00237 -171.5669 -133.9226 -79.99764 -171.5669 133.9226 -79.99764 -171.5669 -128.8038 -88.81442 -171.454 128.8038 -88.81442 -171.454 -133.893 92.85813 -171.1292 133.893 92.85813 -171.1292 -133.893 -92.85338 -171.1292 133.893 -92.85338 -171.1292 -140.1656 83.47533 -170.9857 140.1656 83.47533 -170.9857 -140.1656 -83.47059 -170.9857 140.1656 -83.47059 -170.9857 -129.1744 95.32326 -170.8362 129.1744 95.32326 -170.8362 -129.1744 -95.31852 -170.8362 129.1744 -95.31852 -170.8362 -140.3868 80.00237 -170.7773 140.3868 80.00237 -170.7773 -140.3868 -79.99764 -170.7773 140.3868 -79.99764 -170.7773 -129.2437 87.50237 -170.7208 129.2437 87.50237 -170.7208 -129.2437 -87.49763 -170.7208 -129.4365 -86.80748 -170.3995 129.4365 -86.80748 -170.3995 -129.8122 85.13268 -169.7733 129.8122 85.13268 -169.7733 -129.8122 -85.12793 -169.7733 -129.8363 -94.13977 -169.7332 129.8363 -94.13977 -169.7332 -129.8999 -84.63288 -169.6271 129.8999 -84.63288 -169.6271 -135.1469 90.00237 -169.5716 135.1469 90.00237 -169.5716 -135.1469 -89.99763 -169.5716 135.1469 -89.99763 -169.5716 -101.5857 100.0024 -169.2752 101.5857 100.0024 -169.2752 -101.5857 100.0024 -169.2752 101.5857 100.0024 -169.2752 -101.5857 100.0024 -169.2752 101.5857 100.0024 -169.2752 -101.5857 95.00237 -169.2752 101.5857 95.00237 -169.2752 -101.5857 -94.99762 -169.2752 101.5857 -94.99762 -169.2752 -101.5857 -99.99764 -169.2752 101.5857 -99.99764 -169.2752 -130.1604 82.6071 -169.1929 130.1604 82.6071 -169.1929 -130.1604 -82.60234 -169.1929 -130.1826 -82.34416 -169.1559 130.1826 -82.34416 -169.1559 -130.2777 80.00237 -168.9976 130.2777 80.00237 -168.9976 -130.2777 -79.99764 -168.9976 130.2777 -79.99764 -168.9976 -130.4427 92.85813 -168.7224 130.4427 92.85813 -168.7224 -130.4427 -92.85338 -168.7224 130.4427 -92.85338 -168.7224 -136.0708 86.84277 -168.424 136.0708 86.84277 -168.424 -136.0708 -86.83803 -168.424 136.0708 -86.83803 -168.424 -137.759 80.00237 -168.2613 137.759 80.00237 -168.2613 -137.759 -79.99764 -168.2613 137.759 -79.99764 -168.2613 -130.8849 -91.75334 -167.9854 130.8849 -91.75334 -167.9854 -98.72058 100.0024 -167.7603 98.72058 100.0024 -167.7603 -98.72058 100.0024 -167.7603 98.72058 100.0024 -167.7603 -98.72058 95.00237 -167.7603 98.72058 95.00237 -167.7603 -98.72058 -94.99762 -167.7603 98.72058 -94.99762 -167.7603 -98.72058 -99.99764 -167.7603 98.72058 -99.99764 -167.7603 -136.6366 83.47533 -167.7211 136.6366 83.47533 -167.7211 -136.6366 -83.47059 -167.7211 136.6366 -83.47059 -167.7211 -136.8271 80.00237 -167.4844 136.8271 80.00237 -167.4844 -136.8271 -79.99764 -167.4844 136.8271 -79.99764 -167.4844 -102.7929 -94.81295 -167.2631 -102.9258 94.77449 -167.0417 102.9258 94.77449 -167.0417 -102.9258 -94.76974 -167.0417 102.9258 -94.76974 -167.0417 -131.4716 90.00237 -167.0077 131.4716 90.00237 -167.0077 -131.4716 -89.99763 -167.0077 131.4716 -89.99763 -167.0077 -103.1954 -99.75139 -166.5924 103.1954 -99.75139 -166.5924 -131.7286 -89.07744 -166.5793 131.7286 -89.07744 -166.5793 -95.70879 100.0024 -166.5633 95.70879 100.0024 -166.5633 -95.70879 100.0024 -166.5633 95.70879 100.0024 -166.5633 -95.70879 95.00237 -166.5633 95.70879 95.00237 -166.5633 -95.70879 -94.99762 -166.5633 95.70879 -94.99762 -166.5633 -95.70879 -99.99764 -166.5633 95.70879 -99.99764 -166.5633 -103.3725 99.69853 -166.2972 103.3725 99.69853 -166.2972 -103.3725 -99.69378 -166.2972 103.3725 -99.69378 -166.2972 -132.2296 86.84277 -165.7444 132.2296 86.84277 -165.7444 -132.2296 -86.83803 -165.7444 132.2296 -86.83803 -165.7444 -92.58544 100.0024 -165.6982 92.58544 100.0024 -165.6982 -92.58544 100.0024 -165.6982 92.58544 100.0024 -165.6982 -92.58544 95.00237 -165.6982 92.58544 95.00237 -165.6982 -92.58544 -94.99762 -165.6982 92.58544 -94.99762 -165.6982 -92.58544 -99.99764 -165.6982 92.58544 -99.99764 -165.6982 -132.3465 -86.17797 -165.5494 132.3465 -86.17797 -165.5494 -99.81195 94.77449 -165.3952 99.81195 94.77449 -165.3952 -99.81195 -94.76974 -165.3952 99.81195 -94.76974 -165.3952 -103.9705 -94.26348 -165.3005 103.9705 -94.26348 -165.3005 -89.38701 100.0024 -165.1751 89.38701 100.0024 -165.1751 -89.38701 100.0024 -165.1751 89.38701 100.0024 -165.1751 -89.38701 95.00237 -165.1751 89.38701 95.00237 -165.1751 -89.38701 -94.99762 -165.1751 89.38701 -94.99762 -165.1751 -89.38701 -99.99764 -165.1751 89.38701 -99.99764 -165.1751 -86.15081 100.0024 -165 86.15081 100.0024 -165 -86.15081 100.0024 -165 86.15081 100.0024 -165 -86.15081 95.00237 -165 86.15081 95.00237 -165 -86.15081 -94.99762 -165 86.15081 -94.99762 -165 -86.15081 -99.99764 -165 86.15081 -99.99764 -165 -132.6938 83.47533 -164.9706 132.6938 83.47533 -164.9706 -132.6938 -83.47059 -164.9706 132.6938 -83.47059 -164.9706 -132.7234 -83.12631 -164.9212 132.7234 -83.12631 -164.9212 -104.2252 94.09776 -164.876 104.2252 94.09776 -164.876 -104.2252 -94.09302 -164.876 104.2252 -94.09302 -164.876 -132.8501 80.00237 -164.7101 132.8501 80.00237 -164.7101 -132.8501 -79.99764 -164.7101 132.8501 -79.99764 -164.7101 -100.1757 99.69853 -164.6069 100.1757 99.69853 -164.6069 -100.1757 -99.69378 -164.6069 100.1757 -99.69378 -164.6069 -96.53866 94.77449 -164.0943 96.53866 94.77449 -164.0943 -96.53866 -94.76974 -164.0943 96.53866 -94.76974 -164.0943 -104.7654 -99.01876 -163.9756 104.7654 -99.01876 -163.9756 -105.0893 -93.36273 -163.4358 105.0893 -93.36273 -163.4358 -105.105 98.79622 -163.4096 105.105 98.79622 -163.4096 -105.105 -98.79149 -163.4096 105.105 -98.79149 -163.4096 -96.81527 99.69853 -163.2713 96.81527 99.69853 -163.2713 -96.81527 -99.69378 -163.2713 96.81527 -99.69378 -163.2713 -93.14413 94.77449 -163.1541 93.14413 94.77449 -163.1541 -93.14413 -94.76974 -163.1541 93.14413 -94.76974 -163.1541 -100.8701 94.09776 -163.102 100.8701 94.09776 -163.102 -100.8701 -94.09302 -163.102 100.8701 -94.09302 -163.102 -105.4444 92.99275 -162.844 105.4444 92.99275 -162.844 -105.4444 -92.98801 -162.844 105.4444 -92.98801 -162.844 -86.15081 94.81769 -162.6535 86.15081 94.81769 -162.6535 -89.66799 94.77449 -162.5855 89.66799 94.77449 -162.5855 -89.66799 -94.76974 -162.5855 89.66799 -94.76974 -162.5855 -86.15081 94.77449 -162.3953 86.15081 94.77449 -162.3953 -86.15081 -94.76974 -162.3953 86.15081 -94.76974 -162.3953 -93.33036 99.69853 -162.3061 93.33036 99.69853 -162.3061 -93.33036 -99.69378 -162.3061 93.33036 -99.69378 -162.3061 -89.76165 99.69853 -161.7224 89.76165 99.69853 -161.7224 -89.76165 -99.69378 -161.7224 89.76165 -99.69378 -161.7224 -106.1219 -92.13289 -161.7149 106.1219 -92.13289 -161.7149 -97.3433 94.09776 -161.7003 97.3433 94.09776 -161.7003 -97.3433 -94.09302 -161.7003 97.3433 -94.09302 -161.7003 -101.5867 98.79622 -161.5493 101.5867 98.79622 -161.5493 -101.5867 -98.79149 -161.5493 101.5867 -98.79149 -161.5493 -86.15081 99.69853 -161.527 86.15081 99.69853 -161.527 -86.15081 -99.69378 -161.527 86.15081 -99.69378 -161.527 -106.2572 -97.81776 -161.4893 106.2572 -97.81776 -161.4893 -106.5464 91.49304 -161.0074 106.5464 91.49304 -161.0074 -106.5464 -91.4883 -161.0074 106.5464 -91.4883 -161.0074 -101.863 92.99275 -160.9504 101.863 92.99275 -160.9504 -101.863 -92.98801 -160.9504 101.863 -92.98801 -160.9504 -106.7306 97.32288 -160.7003 106.7306 97.32288 -160.7003 -106.7306 -97.31814 -160.7003 106.7306 -97.31814 -160.7003 -93.68584 94.09776 -160.6873 93.68584 94.09776 -160.6873 -93.68584 -94.09302 -160.6873 93.68584 -94.09302 -160.6873 -86.15081 94.26822 -160.3647 86.15081 94.26822 -160.3647 -107.0427 -90.60424 -160.1801 107.0427 -90.60424 -160.1801 -97.88815 98.79622 -160.0794 97.88815 98.79622 -160.0794 -97.88815 -98.79149 -160.0794 97.88815 -98.79149 -160.0794 -89.94044 94.09776 -160.0747 89.94044 94.09776 -160.0747 -89.94044 -94.09302 -160.0747 89.94044 -94.09302 -160.0747 -86.15081 94.09776 -159.8697 86.15081 94.09776 -159.8697 -86.15081 -94.09302 -159.8697 86.15081 -94.09302 -159.8697 -98.09828 92.99275 -159.4541 98.09828 92.99275 -159.4541 -98.09828 -92.98801 -159.4541 98.09828 -92.98801 -159.4541 -107.4976 89.64419 -159.422 107.4976 89.64419 -159.422 -107.4976 -89.63945 -159.422 107.4976 -89.63945 -159.422 -107.6339 -96.17797 -159.1948 107.6339 -96.17797 -159.1948 -94.05264 98.79622 -159.017 94.05264 98.79622 -159.017 -94.05264 -98.79149 -159.017 94.05264 -98.79149 -159.017 -102.7604 91.49304 -159.0056 102.7604 91.49304 -159.0056 -102.7604 -91.4883 -159.0056 102.7604 -91.4883 -159.0056 -107.8292 -88.81442 -158.8693 107.8292 -88.81442 -158.8693 -102.9105 97.32288 -158.6804 102.9105 97.32288 -158.6804 -102.9105 -97.31814 -158.6804 102.9105 -97.31814 -158.6804 -90.12491 98.79622 -158.3746 90.12491 98.79622 -158.3746 -90.12491 -98.79149 -158.3746 90.12491 -98.79149 -158.3746 -94.19411 92.99275 -158.3727 94.19411 92.99275 -158.3727 -94.19411 -92.98801 -158.3727 94.19411 -92.98801 -158.3727 -108.1999 95.32326 -158.2515 108.1999 95.32326 -158.2515 -108.1999 -95.31852 -158.2515 108.1999 -95.31852 -158.2515 -86.15081 93.36746 -158.1901 86.15081 93.36746 -158.1901 -86.15081 98.79622 -158.1596 86.15081 98.79622 -158.1596 -86.15081 -98.79149 -158.1596 86.15081 -98.79149 -158.1596 -108.2692 87.50237 -158.136 108.2692 87.50237 -158.136 -108.2692 -87.49763 -158.136 108.2692 -87.49763 -158.136 -108.462 -86.80748 -157.8147 108.462 -86.80748 -157.8147 -90.19606 92.99275 -157.7188 90.19606 92.99275 -157.7188 -90.19606 -92.98801 -157.7188 90.19606 -92.98801 -157.7188 -86.15081 92.99275 -157.5 86.15081 92.99275 -157.5 -86.15081 -92.98801 -157.5 86.15081 -92.98801 -157.5 -98.78067 91.49304 -157.4239 98.78067 91.49304 -157.4239 -98.78067 -91.4883 -157.4239 98.78067 -91.4883 -157.4239 -103.5351 89.64419 -157.3269 103.5351 89.64419 -157.3269 -103.5351 -89.63945 -157.3269 103.5351 -89.63945 -157.3269 -108.8377 85.13268 -157.1885 108.8377 85.13268 -157.1885 -108.8377 -85.12793 -157.1885 108.8377 -85.12793 -157.1885 -108.8618 -94.13977 -157.1484 108.8618 -94.13977 -157.1484 -98.89479 97.32288 -157.0844 98.89479 97.32288 -157.0844 -98.89479 -97.31814 -157.0844 98.89479 -97.31814 -157.0844 -108.9254 -84.63288 -157.0424 108.9254 -84.63288 -157.0424 -109.1859 82.6071 -156.6082 109.1859 82.6071 -156.6082 -109.1859 -82.60234 -156.6082 109.1859 -82.60234 -156.6082 -109.2081 -82.34416 -156.5712 -109.3031 80.00237 -156.4128 109.3031 80.00237 -156.4128 -109.3031 -79.99764 -156.4128 109.3031 -79.99764 -156.4128 -94.65351 91.49304 -156.2808 94.65351 91.49304 -156.2808 -94.65351 -91.4883 -156.2808 94.65351 -91.4883 -156.2808 -86.15081 92.13762 -156.1832 86.15081 92.13762 -156.1832 -109.4682 92.85813 -156.1377 109.4682 92.85813 -156.1377 -109.4682 -92.85338 -156.1377 109.4682 -92.85338 -156.1377 -104.1071 95.32326 -156.0874 104.1071 95.32326 -156.0874 -104.1071 -95.31852 -156.0874 104.1071 -95.31852 -156.0874 -104.1635 87.50237 -155.9652 104.1635 87.50237 -155.9652 -104.1635 -87.49763 -155.9652 104.1635 -87.49763 -155.9652 -94.73033 97.32288 -155.9309 94.73033 97.32288 -155.9309 -94.73033 -97.31814 -155.9309 94.73033 -97.31814 -155.9309 -99.36972 89.64419 -155.6714 99.36972 89.64419 -155.6714 -99.36972 -89.63945 -155.6714 99.36972 -89.63945 -155.6714 -90.42711 91.49304 -155.5895 90.42711 91.49304 -155.5895 -90.42711 -91.4883 -155.5895 90.42711 -91.4883 -155.5895 -109.9104 -91.75334 -155.4007 109.9104 -91.75334 -155.4007 -86.15081 91.49304 -155.3582 86.15081 91.49304 -155.3582 -86.15081 -91.4883 -155.3582 86.15081 -91.4883 -155.3582 -90.46575 97.32288 -155.2334 90.46575 97.32288 -155.2334 -90.46575 -97.31814 -155.2334 90.46575 -97.31814 -155.2334 -86.15081 97.32288 -155 86.15081 97.32288 -155 -5 15.00237 -155 5 15.00237 -155 -6.564345 14.87925 -155 6.564345 14.87925 -155 -8.09017 14.51293 -155 8.09017 14.51293 -155 -9.539905 13.91244 -155 9.539905 13.91244 -155 -10.87785 13.09254 -155 10.87785 13.09254 -155 -12.07107 12.07343 -155 12.07107 12.07343 -155 -13.09017 10.88022 -155 13.09017 10.88022 -155 -13.91007 9.542277 -155 13.91007 9.542277 -155 -14.51057 8.092535 -155 14.51057 8.092535 -155 -14.87688 6.566716 -155 14.87688 6.566716 -155 -15 5.002369 -155 15 5.002369 -155 -15 -4.997628 -155 15 -4.997628 -155 -14.87688 -6.561975 -155 14.87688 -6.561975 -155 -14.51057 -8.087802 -155 14.51057 -8.087802 -155 -13.91007 -9.537536 -155 13.91007 -9.537536 -155 -13.09017 -10.87548 -155 13.09017 -10.87548 -155 -12.07107 -12.0687 -155 12.07107 -12.0687 -155 -10.87785 -13.0878 -155 10.87785 -13.0878 -155 -9.539905 -13.9077 -155 9.539905 -13.9077 -155 -8.09017 -14.5082 -155 8.09017 -14.5082 -155 -6.564345 -14.87451 -155 6.564345 -14.87451 -155 -5 -14.99763 -155 5 -14.99763 -155 -86.15081 -97.31814 -155 86.15081 -97.31814 -155 -104.6265 85.13268 -154.9618 104.6265 85.13268 -154.9618 -104.6265 -85.12793 -154.9618 104.6265 -85.12793 -154.9618 -95.05006 89.64419 -154.475 95.05006 89.64419 -154.475 -95.05006 -89.63945 -154.475 95.05006 -89.63945 -154.475 -110.497 90.00237 -154.423 110.497 90.00237 -154.423 -110.497 -89.99763 -154.423 110.497 -89.99763 -154.423 -86.15081 90.60897 -154.3934 86.15081 90.60897 -154.3934 -99.80463 95.32326 -154.3775 99.80463 95.32326 -154.3775 -99.80463 -95.31852 -154.3775 99.80463 -95.31852 -154.3775 -104.91 82.6071 -154.3474 104.91 82.6071 -154.3474 -104.91 -82.60234 -154.3474 104.91 -82.60234 -154.3474 -99.84752 87.50237 -154.2499 99.84752 87.50237 -154.2499 -99.84752 -87.49763 -154.2499 99.84752 -87.49763 -154.2499 -105.0055 80.00237 -154.1405 105.0055 80.00237 -154.1405 -105.0055 -79.99764 -154.1405 105.0055 -79.99764 -154.1405 -110.7541 -89.07744 -153.9946 110.7541 -89.07744 -153.9946 -105.1399 92.85813 -153.8491 105.1399 92.85813 -153.8491 -105.1399 -92.85338 -153.8491 105.1399 -92.85338 -153.8491 -90.62655 89.64419 -153.7514 90.62655 89.64419 -153.7514 -90.62655 -89.63945 -153.7514 90.62655 -89.63945 -153.7514 -103.8947 80.00237 -153.646 103.8947 80.00237 -153.646 -103.8947 -79.99764 -153.646 103.8947 -79.99764 -153.646 -86.15081 89.64419 -153.5093 86.15081 89.64419 -153.5093 -86.15081 -89.63945 -153.5093 86.15081 -89.63945 -153.5093 -100.1996 85.13268 -153.2024 100.1996 85.13268 -153.2024 -100.1996 -85.12793 -153.2024 100.1996 -85.12793 -153.2024 -111.255 86.84277 -153.1596 111.255 86.84277 -153.1596 -111.255 -86.83803 -153.1596 111.255 -86.83803 -153.1596 -95.34285 95.32326 -153.1416 95.34285 95.32326 -153.1416 -95.34285 -95.31852 -153.1416 95.34285 -95.31852 -153.1416 -95.37173 87.50237 -153.0101 95.37173 87.50237 -153.0101 -95.37173 -87.49763 -153.0101 95.37173 -87.49763 -153.0101 -111.372 -86.17797 -152.9647 111.372 -86.17797 -152.9647 -86.15081 88.81915 -152.8647 86.15081 88.81915 -152.8647 -100.4152 82.6071 -152.561 100.4152 82.6071 -152.561 -100.4152 -82.60234 -152.561 100.4152 -82.60234 -152.561 -90.77381 95.32326 -152.3943 90.77381 95.32326 -152.3943 -90.77381 -95.31852 -152.3943 90.77381 -95.31852 -152.3943 -111.7193 83.47533 -152.3859 111.7193 83.47533 -152.3859 -111.7193 -83.47059 -152.3859 111.7193 -83.47059 -152.3859 -100.4878 80.00237 -152.345 100.4878 80.00237 -152.345 -100.4878 -79.99764 -152.345 100.4878 -79.99764 -152.345 -111.7489 -83.12631 -152.3365 111.7489 -83.12631 -152.3365 -90.78833 87.50237 -152.2605 90.78833 87.50237 -152.2605 -90.78833 -87.49763 -152.2605 90.78833 -87.49763 -152.2605 -86.15081 95.32326 -152.1443 86.15081 95.32326 -152.1443 -86.15081 -95.31852 -152.1443 86.15081 -95.31852 -152.1443 -111.8756 80.00237 -152.1254 111.8756 80.00237 -152.1254 -111.8756 -79.99764 -152.1254 111.8756 -79.99764 -152.1254 -100.59 92.85813 -152.0408 100.59 92.85813 -152.0408 -100.59 -92.85338 -152.0408 100.59 -92.85338 -152.0408 -105.9777 90.00237 -152.0335 105.9777 90.00237 -152.0335 -105.9777 -89.99763 -152.0335 105.9777 -89.99763 -152.0335 -86.15081 87.50237 -152.0096 86.15081 87.50237 -152.0096 -86.15081 -87.49763 -152.0096 86.15081 -87.49763 -152.0096 -95.60874 85.13268 -151.9308 95.60874 85.13268 -151.9308 -95.60874 -85.12793 -151.9308 95.60874 -85.12793 -151.9308 -86.15081 86.81223 -151.6349 86.15081 86.81223 -151.6349 -98.16281 80.00237 -151.6328 98.16281 80.00237 -151.6328 -98.16281 -79.99764 -151.6328 98.16281 -79.99764 -151.6328 -95.75389 82.6071 -151.2699 95.75389 82.6071 -151.2699 -95.75389 -82.60234 -151.2699 95.75389 -82.60234 -151.2699 -90.90753 85.13268 -151.1619 90.90753 85.13268 -151.1619 -90.90753 -85.12793 -151.1619 90.90753 -85.12793 -151.1619 -95.80278 80.00237 -151.0473 95.80278 80.00237 -151.0473 -95.80278 -79.99764 -151.0473 95.80278 -79.99764 -151.0473 -86.15081 85.13268 -150.9046 86.15081 85.13268 -150.9046 -86.15081 -85.12793 -150.9046 86.15081 -85.12793 -150.9046 -86.15081 84.63763 -150.7342 86.15081 84.63763 -150.7342 -95.8716 92.85813 -150.7339 95.8716 92.85813 -150.7339 -95.8716 -92.85338 -150.7339 95.8716 -92.85338 -150.7339 -106.5951 86.84277 -150.6957 106.5951 86.84277 -150.6957 -106.5951 -86.83803 -150.6957 106.5951 -86.83803 -150.6957 -90.98053 82.6071 -150.4891 90.98053 82.6071 -150.4891 -90.98053 -82.60234 -150.4891 90.98053 -82.60234 -150.4891 -92.21205 80.00237 -150.4101 92.21205 80.00237 -150.4101 -92.21205 -79.99764 -150.4101 92.21205 -79.99764 -150.4101 -91.00511 80.00237 -150.2626 91.00511 80.00237 -150.2626 -91.00511 -79.99764 -150.2626 91.00511 -79.99764 -150.2626 -86.15081 82.6071 -150.2279 86.15081 82.6071 -150.2279 -86.15081 -82.60234 -150.2279 86.15081 -82.60234 -150.2279 -86.15081 82.34889 -150.1847 86.15081 82.34889 -150.1847 -101.2271 90.00237 -150.1454 101.2271 90.00237 -150.1454 -101.2271 -89.99763 -150.1454 101.2271 -89.99763 -150.1454 -86.15081 80.00237 -150 86.15081 80.00237 -150 -5 15.00237 -150 5 15.00237 -150 -6.564345 14.87925 -150 6.564345 14.87925 -150 -8.09017 14.51293 -150 8.09017 14.51293 -150 -9.539905 13.91244 -150 9.539905 13.91244 -150 -10.87785 13.09254 -150 10.87785 13.09254 -150 -12.07107 12.07343 -150 12.07107 12.07343 -150 -13.09017 10.88022 -150 13.09017 10.88022 -150 -5 10.00236 -150 5 10.00236 -150 -5.782173 9.940808 -150 5.782173 9.940808 -150 -6.545085 9.757651 -150 6.545085 9.757651 -150 -13.91007 9.542277 -150 13.91007 9.542277 -150 -7.269952 9.4574 -150 7.269952 9.4574 -150 -7.938926 9.047453 -150 7.938926 9.047453 -150 -8.535534 8.537901 -150 8.535534 8.537901 -150 -14.51057 8.092535 -150 14.51057 8.092535 -150 -9.045085 7.941296 -150 9.045085 7.941296 -150 -9.455033 7.272323 -150 9.455033 7.272323 -150 -14.87688 6.566716 -150 14.87688 6.566716 -150 -9.755283 6.547456 -150 9.755283 6.547456 -150 -9.938443 5.784539 -150 9.938443 5.784539 -150 -15 5.002369 -150 -10 5.002369 -150 10 5.002369 -150 15 5.002369 -150 -15 -4.997628 -150 -10 -4.997628 -150 10 -4.997628 -150 15 -4.997628 -150 -9.938443 -5.779805 -150 9.938443 -5.779805 -150 -9.755283 -6.542715 -150 9.755283 -6.542715 -150 -14.87688 -6.561975 -150 14.87688 -6.561975 -150 -9.455033 -7.267582 -150 9.455033 -7.267582 -150 -9.045085 -7.936555 -150 9.045085 -7.936555 -150 -14.51057 -8.087802 -150 14.51057 -8.087802 -150 -8.535534 -8.533168 -150 8.535534 -8.533168 -150 -7.938926 -9.04272 -150 7.938926 -9.04272 -150 -7.269952 -9.452667 -150 7.269952 -9.452667 -150 -13.91007 -9.537536 -150 13.91007 -9.537536 -150 -6.545085 -9.752918 -150 6.545085 -9.752918 -150 -5.782173 -9.936075 -150 5.782173 -9.936075 -150 -5 -9.997632 -150 5 -9.997632 -150 -13.09017 -10.87548 -150 13.09017 -10.87548 -150 -12.07107 -12.0687 -150 12.07107 -12.0687 -150 -10.87785 -13.0878 -150 10.87785 -13.0878 -150 -9.539905 -13.9077 -150 9.539905 -13.9077 -150 -8.09017 -14.5082 -150 8.09017 -14.5082 -150 -6.564345 -14.87451 -150 6.564345 -14.87451 -150 -5 -14.99763 -150 5 -14.99763 -150 -86.15081 -79.99764 -150 86.15081 -79.99764 -150 -91.03973 92.85813 -149.9436 91.03973 92.85813 -149.9436 -91.03973 -92.85338 -149.9436 91.03973 -92.85338 -149.9436 -106.9731 83.47533 -149.8764 106.9731 83.47533 -149.8764 -106.9731 -83.47059 -149.8764 106.9731 -83.47059 -149.8764 -86.15081 92.85813 -149.6791 86.15081 92.85813 -149.6791 -86.15081 -92.85338 -149.6791 86.15081 -92.85338 -149.6791 -107.1004 80.00237 -149.6005 107.1004 80.00237 -149.6005 -107.1004 -79.99764 -149.6005 107.1004 -79.99764 -149.6005 -105.8662 80.00237 -149.0511 105.8662 80.00237 -149.0511 -105.8662 -79.99764 -149.0511 105.8662 -79.99764 -149.0511 -96.30049 90.00237 -148.7808 96.30049 90.00237 -148.7808 -96.30049 -89.99763 -148.7808 96.30049 -89.99763 -148.7808 -101.6965 86.84277 -148.7488 101.6965 86.84277 -148.7488 -101.6965 -86.83803 -148.7488 101.6965 -86.83803 -148.7488 -91.25543 90.00237 -147.9556 91.25543 90.00237 -147.9556 -91.25543 -89.99763 -147.9556 91.25543 -89.99763 -147.9556 -101.984 83.47533 -147.8935 101.984 83.47533 -147.8935 -101.984 -83.47059 -147.8935 101.984 -83.47059 -147.8935 -86.15081 90.00237 -147.6795 86.15081 90.00237 -147.6795 -86.15081 -89.99763 -147.6795 86.15081 -89.99763 -147.6795 -102.0808 80.00237 -147.6055 102.0808 80.00237 -147.6055 -102.0808 -79.99764 -147.6055 102.0808 -79.99764 -147.6055 -96.61651 86.84277 -147.3417 96.61651 86.84277 -147.3417 -96.61651 -86.83803 -147.3417 96.61651 -86.83803 -147.3417 -99.49748 80.00237 -146.8143 99.49748 80.00237 -146.8143 -99.49748 -79.99764 -146.8143 99.49748 -79.99764 -146.8143 -91.41437 86.84277 -146.4909 91.41437 86.84277 -146.4909 -91.41437 -86.83803 -146.4909 91.41437 -86.83803 -146.4909 -96.81005 83.47533 -146.4604 96.81005 83.47533 -146.4604 -96.81005 -83.47059 -146.4604 96.81005 -83.47059 -146.4604 -86.15081 86.84277 -146.2061 86.15081 86.84277 -146.2061 -86.15081 -86.83803 -146.2061 86.15081 -86.83803 -146.2061 -96.87522 80.00237 -146.1637 96.87522 80.00237 -146.1637 -96.87522 -79.99764 -146.1637 96.87522 -79.99764 -146.1637 -91.51171 83.47533 -145.5938 91.51171 83.47533 -145.5938 -91.51171 -83.47059 -145.5938 91.51171 -83.47059 -145.5938 -92.88552 80.00237 -145.4556 92.88552 80.00237 -145.4556 -92.88552 -79.99764 -145.4556 92.88552 -79.99764 -145.4556 -86.15081 83.47533 -145.3038 86.15081 83.47533 -145.3038 -86.15081 -83.47059 -145.3038 86.15081 -83.47059 -145.3038 -91.54448 80.00237 -145.2918 91.54448 80.00237 -145.2918 -91.54448 -79.99764 -145.2918 91.54448 -79.99764 -145.2918 -86.15081 80.00237 -145 86.15081 80.00237 -145 -5 10.00236 -145 5 10.00236 -145 -5.782173 9.940808 -145 5.782173 9.940808 -145 -6.545085 9.757651 -145 6.545085 9.757651 -145 -7.269952 9.4574 -145 7.269952 9.4574 -145 -7.938926 9.047453 -145 7.938926 9.047453 -145 -8.535534 8.537901 -145 8.535534 8.537901 -145 -9.045085 7.941296 -145 9.045085 7.941296 -145 -9.455033 7.272323 -145 9.455033 7.272323 -145 -9.755283 6.547456 -145 9.755283 6.547456 -145 -9.938443 5.784539 -145 9.938443 5.784539 -145 -10 5.002369 -145 10 5.002369 -145 -10 -4.997628 -145 10 -4.997628 -145 -9.938443 -5.779805 -145 9.938443 -5.779805 -145 -9.755283 -6.542715 -145 9.755283 -6.542715 -145 -9.455033 -7.267582 -145 9.455033 -7.267582 -145 -9.045085 -7.936555 -145 9.045085 -7.936555 -145 -8.535534 -8.533168 -145 8.535534 -8.533168 -145 -7.938926 -9.04272 -145 7.938926 -9.04272 -145 -7.269952 -9.452667 -145 7.269952 -9.452667 -145 -6.545085 -9.752918 -145 6.545085 -9.752918 -145 -5.782173 -9.936075 -145 5.782173 -9.936075 -145 -5 -9.997632 -145 5 -9.997632 -145 -86.15081 -79.99764 -145 86.15081 -79.99764 -145 -10 -4.997632 -150 -10 5.002368 -150 -9.924038 -5.865872 -150 -9.924038 5.870609 -150 -9.698463 -6.707733 -150 -9.698463 6.712469 -150 -9.330128 -7.497632 -150 -9.330128 7.502368 -150 -8.830223 -8.21157 -150 -8.830223 8.216307 -150 -8.213938 -8.827855 -150 -8.213938 8.832592 -150 -7.5 -9.327759 -150 -7.5 9.332496 -150 -6.710101 -9.696095 -150 -6.710101 9.700832 -150 -5.868241 -9.92167 -150 -5.868241 9.926407 -150 -5 -9.997632 -150 -5 -4.997632 -150 -5 5.002368 -150 -5 10.00237 -150 5 -9.997632 -150 5 -4.997632 -150 5 5.002368 -150 5 10.00237 -150 5.868241 -9.92167 -150 5.868241 9.926407 -150 6.710101 -9.696095 -150 6.710101 9.700832 -150 7.5 -9.327759 -150 7.5 9.332496 -150 8.213938 -8.827855 -150 8.213938 8.832592 -150 8.830223 -8.21157 -150 8.830223 8.216307 -150 9.330128 -7.497632 -150 9.330128 7.502368 -150 9.698463 -6.707733 -150 9.698463 6.712469 -150 9.924038 -5.865872 -150 9.924038 5.870609 -150 10 -4.997632 -150 10 5.002368 -150 -10 0.00236839 -25 -10 0.00236839 -25 -5 0.00236839 -25 -5 0.00236839 -25 -10 -0.8658725 -24.92403 -10 0.8706093 -24.92403 -5 -0.8658725 -24.92403 -5 0.8706093 -24.92403 -10 -1.707732 -24.69846 -10 1.712469 -24.69846 -5 -1.707732 -24.69846 -5 1.712469 -24.69846 -10 -2.497632 -24.33013 -10 2.502368 -24.33013 -5 -2.497632 -24.33013 -5 2.502368 -24.33013 -10 -3.21157 -23.83023 -10 3.216306 -23.83023 -5 -3.21157 -23.83023 -5 3.216306 -23.83023 -10 -3.827854 -23.21393 -10 3.832591 -23.21393 -5 -3.827854 -23.21393 -5 3.832591 -23.21393 -10 -4.327759 -22.5 -10 4.332495 -22.5 -5 -4.327759 -22.5 -5 4.332495 -22.5 -10 -4.696095 -21.71011 -10 4.700831 -21.71011 -5 -4.696095 -21.71011 -5 4.700831 -21.71011 -10 -4.92167 -20.86824 -10 4.926407 -20.86824 -5 -4.92167 -20.86824 -5 4.926407 -20.86824 -10 -4.997632 -20.00001 -10 5.002368 -20.00001 -5 -4.997632 -20.00001 -5 5.002368 -20.00001 -10 -4.92167 -19.13176 -10 4.926407 -19.13176 -5 -4.92167 -19.13176 -5 4.926407 -19.13176 -10 -4.696095 -18.2899 -10 4.700831 -18.2899 -5 -4.696095 -18.2899 -5 4.700831 -18.2899 -10 -4.327759 -17.50001 -10 4.332495 -17.50001 -5 -4.327759 -17.50001 -5 4.332495 -17.50001 -10 -3.827854 -16.78606 -10 3.832591 -16.78606 -5 -3.827854 -16.78606 -5 3.832591 -16.78606 -10 -3.21157 -16.16978 -10 3.216306 -16.16978 -5 -3.21157 -16.16978 -5 3.216306 -16.16978 -10 -2.497632 -15.66988 -10 2.502368 -15.66988 -5 -2.497632 -15.66988 -5 2.502368 -15.66988 -10 -1.707732 -15.30153 -10 1.712469 -15.30153 -5 -1.707732 -15.30153 -5 1.712469 -15.30153 -10 -0.8658725 -15.07596 -10 0.8706093 -15.07596 -5 -0.8658725 -15.07596 -5 0.8706093 -15.07596 -10 0.00236839 -15 -10 0.00236839 -15 -5 -4.997632 -15 -5 0.00236839 -15 -5 0.00236839 -15 -5 5.002368 -15 5 -4.997632 -15 5 5.002368 -15 -10 -4.997632 -10 -10 5.002368 -10 -9.924038 -5.865872 -10 -9.924038 5.870609 -10 -9.698463 -6.707733 -10 -9.698463 6.712469 -10 -9.330128 -7.497632 -10 -9.330128 7.502368 -10 -8.830223 -8.21157 -10 -8.830223 8.216307 -10 -8.213938 -8.827855 -10 -8.213938 8.832592 -10 -7.5 -9.327759 -10 -7.5 9.332496 -10 -6.710101 -9.696095 -10 -6.710101 9.700832 -10 -5.868241 -9.92167 -10 -5.868241 9.926407 -10 -5 -9.997632 -10 -5 10.00237 -10 5 -9.997632 -10 5 10.00237 -10 5.868241 -9.92167 -10 5.868241 9.926407 -10 6.710101 -9.696095 -10 6.710101 9.700832 -10 7.5 -9.327759 -10 7.5 9.332496 -10 8.213938 -8.827855 -10 8.213938 8.832592 -10 8.830223 -8.21157 -10 8.830223 8.216307 -10 9.330128 -7.497632 -10 9.330128 7.502368 -10 9.698463 -6.707733 -10 9.698463 6.712469 -10 9.924038 -5.865872 -10 9.924038 5.870609 -10 10 -4.997632 -10 10 5.002368 -10 0 -4.997632 -5.000004 0 5.002368 -5.000004 0 -4.997632 -5.000004 0 5.002368 -5.000004 -0.8682409 -4.997632 -4.924038 -0.8682409 5.002368 -4.924038 0.8682409 -4.997632 -4.924038 0.8682409 5.002368 -4.924038 -1.710101 -4.997632 -4.698464 -1.710101 5.002368 -4.698464 1.710101 -4.997632 -4.698464 1.710101 5.002368 -4.698464 -2.5 -4.997632 -4.330122 -2.5 5.002368 -4.330122 2.5 -4.997632 -4.330122 2.5 5.002368 -4.330122 -3.213938 -4.997632 -3.830218 -3.213938 5.002368 -3.830218 3.213938 -4.997632 -3.830218 3.213938 5.002368 -3.830218 -3.830222 -4.997632 -3.213936 -3.830222 5.002368 -3.213936 3.830222 -4.997632 -3.213936 3.830222 5.002368 -3.213936 -4.330127 -4.997632 -2.500006 -4.330127 5.002368 -2.500006 4.330127 -4.997632 -2.500006 4.330127 5.002368 -2.500006 -4.698463 -4.997632 -1.710096 -4.698463 5.002368 -1.710096 4.698463 -4.997632 -1.710096 4.698463 5.002368 -1.710096 -4.924039 -4.997632 -0.86824 -4.924039 5.002368 -0.86824 4.924039 -4.997632 -0.86824 4.924039 5.002368 -0.86824 -10 -4.997632 5.96046e-6 -10 5.002368 5.96046e-6 -5 -4.997632 5.96046e-6 -5 5.002368 5.96046e-6 5 -4.997632 5.96046e-6 5 5.002368 5.96046e-6 10 -4.997632 5.96046e-6 10 5.002368 5.96046e-6 -4.924039 -4.997632 0.868237 -4.924039 5.002368 0.868237 4.924039 -4.997632 0.868237 4.924039 5.002368 0.868237 -4.698463 -4.997632 1.710108 -4.698463 5.002368 1.710108 4.698463 -4.997632 1.710108 4.698463 5.002368 1.710108 -9.848078 -4.997632 1.736483 -9.848078 5.002368 1.736483 9.848078 -4.997632 1.736483 9.848078 5.002368 1.736483 -4.330127 -4.997632 2.500004 -4.330127 5.002368 2.500004 4.330127 -4.997632 2.500004 4.330127 5.002368 2.500004 -3.830222 -4.997632 3.213933 -3.830222 5.002368 3.213933 3.830222 -4.997632 3.213933 3.830222 5.002368 3.213933 -9.396927 -4.997632 3.420195 -9.396927 5.002368 3.420195 9.396927 -4.997632 3.420195 9.396927 5.002368 3.420195 -3.213938 -4.997632 3.830215 -3.213938 5.002368 3.830215 3.213938 -4.997632 3.830215 3.213938 5.002368 3.830215 -2.5 -4.997632 4.330134 -2.5 5.002368 4.330134 2.5 -4.997632 4.330134 2.5 5.002368 4.330134 -1.710101 -4.997632 4.698462 -1.710101 5.002368 4.698462 1.710101 -4.997632 4.698462 1.710101 5.002368 4.698462 -0.8682409 -4.997632 4.924035 -0.8682409 5.002368 4.924035 0.8682409 -4.997632 4.924035 0.8682409 5.002368 4.924035 -8.660255 -4.997632 5.000001 -8.660255 5.002368 5.000001 0 -4.997632 5.000001 0 5.002368 5.000001 0 -4.997632 5.000001 0 5.002368 5.000001 8.660255 -4.997632 5.000001 8.660255 5.002368 5.000001 -7.660444 -4.997632 6.427875 -7.660444 5.002368 6.427875 7.660444 -4.997632 6.427875 7.660444 5.002368 6.427875 -6.427876 -4.997632 7.660439 -6.427876 5.002368 7.660439 6.427876 -4.997632 7.660439 6.427876 5.002368 7.660439 -5 -4.997632 8.660248 -5 5.002368 8.660248 5 -4.997632 8.660248 5 5.002368 8.660248 -3.420201 -4.997632 9.396931 -3.420201 5.002368 9.396931 3.420201 -4.997632 9.396931 3.420201 5.002368 9.396931 -1.736482 -4.997632 9.848079 -1.736482 5.002368 9.848079 1.736482 -4.997632 9.848079 1.736482 5.002368 9.848079 0 -4.997632 9.999997 0 5.002368 9.999997 0 -4.997632 9.999997 0 5.002368 9.999997</float_array>
          <technique_common>
            <accessor source="#battery-mesh-positions-array" count="3009" stride="3">
              <param name="X" type="float"/>
              <param name="Y" type="float"/>
              <param name="Z" type="float"/>
            </accessor>
          </technique_common>
        </source>
        <source id="battery-mesh-normals">
          <float_array id="battery-mesh-normals-array" count="17646">0 0 -1 0 0 -1 -0.05401742 0 -0.9985401 -0.05381244 0.08703047 -0.9947512 0 0.08715671 -0.9961946 0.05401742 0 -0.9985401 0.05401742 0 -0.9985401 0 0.08715671 -0.9961946 0.05381017 0.08703047 -0.9947513 0.05381244 0.08702695 -0.9947515 -0.05401742 0 -0.9985401 -0.05381244 -0.08702713 -0.9947515 -0.05381017 -0.08703064 -0.9947512 0 -0.08715689 -0.9961946 0 -0.08715689 -0.9961946 0.05381244 -0.08703064 -0.9947511 -0.1212902 0 -0.9926171 -0.1208288 0.08714532 -0.9888408 -0.05381017 0.08702695 -0.9947516 0.1212902 0 -0.9926171 0.1212902 0 -0.9926171 0.1208288 0.08714532 -0.9888408 -0.1212902 0 -0.9926171 -0.1208288 -0.0871455 -0.9888408 0.05381017 -0.08702713 -0.9947515 0.1208288 -0.0871455 -0.9888408 -0.05217969 0.2584693 -0.9646092 0 0.2588219 -0.965925 0 0.2588219 -0.965925 0.05217987 0.2584693 -0.9646093 0.05217969 0.2584696 -0.9646092 -0.05217969 -0.2584696 -0.9646092 -0.05217987 -0.2584693 -0.9646093 0 -0.2588219 -0.965925 0 -0.2588219 -0.965925 0.05217969 -0.2584693 -0.9646092 -0.1747326 0 -0.984616 -0.1740687 0.08708751 -0.980875 -0.1605657 0.1025792 -0.9816802 0.1747326 0 -0.984616 0.1747326 0 -0.984616 0.1740687 0.08708751 -0.980875 0.1605657 0.1025792 -0.9816802 -0.1747326 0 -0.984616 -0.1740687 -0.08708769 -0.980875 -0.1605656 -0.1025794 -0.9816802 0.1605656 -0.1025794 -0.9816802 0.1740687 -0.08708769 -0.980875 -0.1559321 0.2584695 -0.9533513 -0.05217987 0.2584696 -0.9646092 0.1559324 0.2584622 -0.9533532 0.1559271 0.2584697 -0.953352 -0.1559324 -0.2584622 -0.9533532 -0.1559271 -0.2584697 -0.953352 0.05217987 -0.2584696 -0.9646092 0.1559321 -0.2584695 -0.9533513 -0.240801 0 -0.9705745 -0.2659225 0.08703219 -0.9600576 -0.2388153 0.1281589 -0.9625708 0.240801 0 -0.9705745 0.240801 0 -0.9705745 0.2398853 0.08712691 -0.9668836 -0.240801 0 -0.9705745 -0.2398853 -0.08712708 -0.9668836 0.2388153 -0.1281592 -0.9625708 0.2659225 -0.08703237 -0.9600576 -0.04896742 0.4221071 -0.9052225 0 0.422614 -0.9063097 0 0.422614 -0.9063097 0.04896855 0.4221071 -0.9052224 0.04896736 0.4221087 -0.9052218 -0.04896736 -0.4221087 -0.9052218 -0.04896855 -0.4221071 -0.9052224 0 -0.422614 -0.9063097 0 -0.422614 -0.9063097 0.04896742 -0.4221071 -0.9052225 -0.2578653 0.2584623 -0.9309687 -0.1559275 0.2584621 -0.953354 0.2653813 0.1077506 -0.9581037 0.2578653 0.2584634 -0.9309684 0.257866 0.2584623 -0.9309685 -0.2653813 -0.1077508 -0.9581037 -0.2578653 -0.2584634 -0.9309684 -0.257866 -0.2584623 -0.9309685 0.1559275 -0.2584621 -0.953354 0.2578653 -0.2584623 -0.9309687 -0.1463273 0.4221088 -0.8946577 -0.04896855 0.4221087 -0.9052217 0.1463268 0.422115 -0.8946549 0.1463319 0.4221087 -0.894657 -0.1463268 -0.422115 -0.8946549 -0.1463319 -0.4221087 -0.894657 0.04896855 -0.4221087 -0.9052217 0.1463273 -0.4221088 -0.8946577 -0.2928783 0 -0.9561497 -0.2917647 0.0871241 -0.9525138 0.2928783 0 -0.9561497 0.2928783 0 -0.9561497 0.2917647 0.0871241 -0.9525139 -0.2928783 0 -0.9561497 -0.2917647 -0.08712428 -0.9525139 0.2917647 -0.08712428 -0.9525139 -0.2419888 0.422115 -0.8736477 -0.2578659 0.2584633 -0.9309682 -0.1463314 0.4221151 -0.8946541 0.2419891 0.4221125 -0.8736489 0.2419871 0.422115 -0.8736482 -0.2419891 -0.4221125 -0.8736489 -0.2419871 -0.422115 -0.8736482 0.1463314 -0.4221151 -0.8946541 0.2578659 -0.2584633 -0.9309682 0.2419888 -0.422115 -0.8736477 -0.3567448 0 -0.9342019 -0.3553895 0.08708477 -0.9306527 0.3567448 0 -0.9342019 0.3567448 0 -0.9342019 0.3553895 0.08708477 -0.9306527 -0.3567448 0 -0.9342019 -0.3553895 -0.08708494 -0.9306527 0.3553895 -0.08708494 -0.9306527 -0.04426914 0.5730131 -0.8183497 0 0.5735754 -0.8191528 0 0.5735754 -0.8191528 0.04426842 0.5730132 -0.8183497 0.04426914 0.5730123 -0.8183503 -0.04426914 -0.5730134 -0.8183495 -0.04426836 -0.5730141 -0.818349 0 -0.5735765 -0.819152 0 -0.5735765 -0.819152 0.04426908 -0.5730141 -0.818349 -0.3673862 0.1025812 -0.9243941 -0.3567849 0.2584635 -0.8977199 0.3673862 0.1025812 -0.9243941 0.3567848 0.2584649 -0.8977196 0.3567858 0.2584635 -0.8977196 -0.3673862 -0.1025814 -0.9243941 -0.3567848 -0.2584649 -0.8977196 -0.3567858 -0.2584635 -0.8977196 0.3673862 -0.1025814 -0.9243941 0.3567849 -0.2584635 -0.8977199 -0.1322888 0.5730123 -0.8087995 -0.04426848 0.5730123 -0.8183503 0.1322888 0.5730129 -0.808799 0.1322894 0.5730122 -0.8087993 -0.1322886 -0.5730139 -0.8087984 -0.1322892 -0.5730133 -0.8087987 0.04426842 -0.5730133 -0.8183495 0.1322888 -0.5730133 -0.8087988 -0.2419874 0.4221124 -0.8736494 -0.3567857 0.2584649 -0.8977192 -0.3348187 0.4221121 -0.8424475 0.3348188 0.4221119 -0.8424476 0.3348186 0.4221122 -0.8424475 -0.3348188 -0.4221119 -0.8424476 -0.3348186 -0.4221122 -0.8424475 0.2419874 -0.4221124 -0.8736494 0.3567857 -0.2584649 -0.8977192 0.3348187 -0.4221121 -0.8424475 -0.2187649 0.5730128 -0.7898089 -0.1322893 0.5730129 -0.808799 0.2187653 0.5730101 -0.7898108 0.2187625 0.5730129 -0.7898095 -0.2187652 -0.5730112 -0.7898101 -0.2187624 -0.573014 -0.7898089 0.1322892 -0.5730139 -0.8087983 0.2187647 -0.5730139 -0.7898083 -0.4066875 0 -0.9135673 -0.4051402 0.0871489 -0.9100914 0.4066875 0 -0.9135673 0.4066875 0 -0.9135673 0.4051402 0.0871489 -0.9100914 -0.4066875 0 -0.9135673 -0.4051402 -0.08714914 -0.9100914 0.4051402 -0.08714914 -0.9100914 -0.4674254 0 -0.8840325 -0.4656518 0.08703041 -0.8806782 0.4674254 0 -0.8840325 0.4674254 0 -0.8840325 0.4656527 0.08703041 -0.8806777 0.4656518 0.08703196 -0.8806781 -0.4674254 0 -0.8840325 -0.4659887 -0.07834351 -0.8813154 -0.4611442 -0.08705341 -0.8830446 0.4659888 -0.07834351 -0.8813154 0.4611442 -0.08705335 -0.8830446 -0.03822267 0.7065922 -0.7065879 0 0.707109 -0.7071046 0 0.707109 -0.7071046 0.03821974 0.7065923 -0.706588 0.03822284 0.7065895 -0.7065906 -0.0382229 -0.7065884 -0.7065917 -0.0382198 -0.7065913 -0.7065891 0 -0.7071079 -0.7071058 0 -0.7071079 -0.7071058 0.03822278 -0.7065912 -0.706589 -0.4515435 0.2584651 -0.8539932 -0.4656527 0.08703196 -0.8806777 0.4515436 0.2584651 -0.8539931 0.4515434 0.2584654 -0.8539932 -0.461031 -0.1648543 -0.8719367 -0.453581 -0.2415849 -0.8578467 -0.443386 -0.2585782 -0.8582227 0.461031 -0.1648543 -0.8719367 0.453581 -0.2415849 -0.8578467 0.443386 -0.2585783 -0.8582227 -0.114223 0.7065894 -0.6983441 -0.03821992 0.7065894 -0.7065909 0.1142229 0.70659 -0.6983435 0.1142236 0.7065894 -0.6983439 -0.1142231 -0.706589 -0.6983446 -0.1142238 -0.7065884 -0.6983451 0.03821998 -0.7065883 -0.706592 0.1142232 -0.7065884 -0.6983452 0 0 1 0.05401492 0 0.9985402 0.05401492 0 0.9985402 0.05384886 -0.07834613 0.9954709 0 -0.07845991 0.9969173 0 0 1 -0.05401492 0 0.9985402 0 -0.07845991 0.9969173 -0.05384886 -0.07834613 0.9954709 0.05381041 0.08703237 0.9947511 0.05380994 0.08703327 0.994751 0 0.08715867 0.9961944 0 0.08715867 0.9961944 -0.05401492 0 0.9985402 -0.05380994 0.08703243 0.9947512 -0.2187631 0.57301 -0.7898115 -0.3348187 0.4221119 -0.8424476 -0.3026882 0.5730102 -0.7616031 0.3026875 0.5730126 -0.7616015 0.30269 0.5730102 -0.7616023 -0.3026872 -0.5730136 -0.7616008 -0.3026898 -0.5730112 -0.7616016 0.2187629 -0.5730111 -0.7898108 0.3348187 -0.4221119 -0.8424476 0.3026879 -0.5730112 -0.7616024 0.05804163 -0.08705157 0.9945116 0.05327659 -0.1648261 0.9848827 0 -0.1650605 0.9862834 0 -0.1650605 0.9862834 -0.05327659 -0.1648261 0.9848827 -0.05804163 -0.08705157 0.9945116 0.05241531 -0.2415905 0.9689617 0 -0.241923 0.9702954 0 -0.241923 0.9702954 -0.05241531 -0.2415905 0.9689617 0.05217927 0.2584657 0.9646102 0.05217993 0.2584645 0.9646105 0 0.2588182 0.965926 0 0.2588182 0.965926 -0.05217993 0.2584657 0.9646102 -0.05381041 0.08703327 0.994751 0.1212888 0 0.9926173 0.1212888 0 0.9926173 0.1208273 -0.08715081 0.9888405 -0.1212888 0 0.9926173 -0.1208273 -0.08715081 0.9888405 0.1208273 0.08715158 0.9888404 -0.1212888 0 0.9926173 -0.1208273 0.08715158 0.9888404 0.1747371 0 0.9846151 0.1747371 0 0.9846151 0.1605112 -0.1056862 0.9813596 0.1740733 -0.08708465 0.9808745 -0.1747371 0 0.9846151 -0.1740733 -0.08708465 0.9808745 -0.1605112 -0.1056862 0.9813596 0.1605112 0.1056871 0.9813596 0.1740733 0.08708542 0.9808744 -0.1747371 0 0.9846151 -0.1740733 0.08708542 0.9808744 -0.1605112 0.1056871 0.9813596 0.1559304 -0.2584651 0.9533528 0.05979448 -0.2585607 0.9641426 -0.05979448 -0.2585608 0.9641427 -0.1559303 -0.2584673 0.9533522 -0.1559316 -0.2584651 0.9533525 0.1559316 0.2584644 0.9533528 0.1559303 0.2584666 0.9533524 -0.05217927 0.2584645 0.9646105 -0.1559304 0.2584644 0.9533529 -0.4237425 0.422112 -0.8014136 -0.4515436 0.2584654 -0.853993 0.4237421 0.422112 -0.8014137 0.4237426 0.4221114 -0.8014138 -0.4420268 -0.3251553 -0.8359943 -0.4287586 -0.3982547 -0.8109003 -0.4127206 -0.4223358 -0.807028 0.4420268 -0.3251553 -0.8359943 0.4287586 -0.3982547 -0.8109003 0.4127206 -0.4223357 -0.8070281 -0.1888868 0.7065902 -0.6819473 -0.1142235 0.7065901 -0.6983433 0.1888864 0.7065917 -0.6819459 0.1888882 0.7065901 -0.6819469 -0.1888866 -0.7065905 -0.6819469 -0.1888885 -0.7065891 -0.681948 0.1142237 -0.706589 -0.6983444 0.188887 -0.7065891 -0.6819484 0.05107986 -0.3251381 0.9442861 0 -0.3255631 0.9455204 0 -0.3255631 0.9455204 -0.05107986 -0.3251381 0.944286 0.04954624 -0.3982577 0.9159345 0 -0.3987475 0.9170608 0 -0.3987475 0.9170608 -0.04954624 -0.3982577 0.9159345 0.04896849 0.4221074 0.9052224 0.0489667 0.4221102 0.9052211 0 0.4226143 0.9063097 0 0.4226143 0.9063097 -0.04896676 0.4221074 0.9052224 0.2407996 0 0.9705749 0.2407996 0 0.9705749 0.2398839 -0.08712416 0.9668842 -0.2407996 0 0.9705749 -0.2385509 -0.1363421 0.9615115 -0.2659218 -0.08702951 0.960058 0.2398839 0.08712494 0.9668841 -0.2407996 0 0.9705749 -0.2398839 0.08712494 0.9668841 0.1559315 -0.2584673 0.953352 0.1463311 -0.4221113 0.894656 0.05917036 -0.4223009 0.9045224 -0.05917036 -0.4223009 0.9045224 -0.1463308 -0.4221154 0.894654 -0.1463336 -0.4221113 0.8946556 0.1463336 0.4221102 0.8946561 0.1463309 0.4221143 0.8946546 -0.04896843 0.4221102 0.9052211 -0.1463311 0.4221102 0.8946564 -0.1559315 0.2584666 0.9533522 0.290136 -0.1363381 0.9472239 0.2659218 -0.08703351 0.9600577 0.2578643 -0.2584672 0.9309676 -0.2578647 -0.2584618 0.930969 -0.2578613 -0.2584673 0.9309684 0.2578614 0.2584665 0.9309686 0.2578647 0.2584611 0.9309691 0.2652589 0.1118773 0.9576644 -0.2578643 0.2584665 0.9309678 -0.2659218 0.08703422 0.9600577 -0.290136 0.1363393 0.9472237 0.2928708 0 0.9561521 0.2928708 0 0.9561521 -0.2928708 0 0.9561521 -0.291757 -0.08712822 0.9525159 0.291757 0.08712899 0.9525159 -0.2928708 0 0.9561521 0.0474866 -0.4766153 0.8778285 0 -0.4771536 0.8788199 0 -0.4771536 0.8788199 -0.0474866 -0.4766153 0.8778285 0.2578617 -0.2584618 0.9309698 0.2419847 -0.4221155 0.8736486 0.1463333 -0.4221155 0.8946537 -0.2419847 -0.4221162 0.8736482 -0.2419852 -0.4221155 0.8736485 0.2419853 0.4221143 0.873649 0.2419849 0.4221152 0.8736488 -0.2419849 0.4221144 0.8736491 -0.2578618 0.2584611 0.93097 -0.1463333 0.4221143 0.8946541 0.04532164 -0.5440821 0.837807 0 -0.5446417 0.8386688 0 -0.5446417 0.8386688 -0.04532164 -0.5440821 0.837807 0.04426771 0.5730155 0.8183482 0.04426902 0.5730136 0.8183494 0 0.5735777 0.8191512 0 0.5735777 0.8191512 -0.04426896 0.5730154 0.8183482 -0.3830774 0.5730127 -0.7245055 -0.4237422 0.4221114 -0.801414 -0.3026894 0.5730127 -0.7616007 0.3830778 0.5730127 -0.7245052 0.3830772 0.5730133 -0.7245051 -0.4109158 -0.476631 -0.7771558 -0.3921865 -0.5440786 -0.7417333 -0.3699737 -0.5733242 -0.7310397 0.4109158 -0.476631 -0.7771558 0.3921865 -0.5440786 -0.7417333 0.3699737 -0.5733242 -0.7310397 0.3026891 -0.5730136 -0.7616 -0.1888878 0.7065917 -0.6819455 -0.2613513 0.7065916 -0.6575894 0.2613514 0.7065913 -0.6575897 0.261351 0.7065916 -0.6575894 -0.2613518 -0.7065903 -0.6575908 -0.2613514 -0.7065905 -0.6575905 0.1888881 -0.7065905 -0.6819465 0.2613517 -0.7065905 -0.6575904 -0.5144957 0 -0.857493 -0.5125378 0.08715915 -0.8542297 -0.5125379 0.08715802 -0.8542296 0.5144957 0 -0.857493 0.5144957 0 -0.857493 0.5125378 0.08715808 -0.8542298 -0.5144957 0 -0.857493 -0.5129098 -0.07845705 -0.8548498 0.5129097 -0.07845866 -0.8548497 0.5129099 -0.07845741 -0.8548496 -0.03101021 0.8187574 -0.5733017 0 0.8191514 -0.5735775 0 0.8191514 -0.5735775 0.03101229 0.8187572 -0.5733016 0.03101009 0.8187588 -0.5732995 -0.03101009 -0.8187588 -0.5732995 -0.03101229 -0.8187572 -0.5733016 0 -0.8191514 -0.5735775 0 -0.8191514 -0.5735775 0.03101021 -0.8187574 -0.5733017 0.1322904 -0.5730136 0.8087983 0.05626696 -0.5732777 0.8174269 -0.05626696 -0.5732777 0.8174269 -0.1322909 -0.5730094 0.8088012 -0.1322875 -0.5730137 0.8087987 0.1322875 0.5730137 0.8087987 0.1322909 0.5730094 0.8088012 -0.04426783 0.5730136 0.8183494 -0.1322904 0.5730136 0.8087983 -0.5129098 -0.07845866 -0.8548496 -0.5074366 -0.165086 -0.8457275 -0.5074366 -0.1650858 -0.8457275 0.5074366 -0.165086 -0.8457275 0.3567502 0 0.9341999 0.3567502 0 0.9341999 0.3553947 -0.08708876 0.9306504 -0.3567502 0 0.9341999 -0.3553947 -0.08708876 0.9306504 0.3553947 0.08708953 0.9306504 -0.3567502 0 0.9341999 -0.3553947 0.08708953 0.9306504 -0.4969649 0.258818 -0.8282747 -0.496965 0.258818 -0.8282747 0.5125378 0.08715915 -0.8542296 0.496965 0.2588182 -0.8282747 -0.4992136 -0.2419177 -0.8320226 -0.4992136 -0.241918 -0.8320225 0.5074366 -0.165086 -0.8457275 0.4992137 -0.2419177 -0.8320226 -0.09267646 0.8187588 -0.5666083 -0.03101217 0.8187589 -0.5732993 0.09267663 0.8187583 -0.5666092 0.09267568 0.8187589 -0.5666084 -0.09267663 -0.8187583 -0.5666092 -0.09267568 -0.8187589 -0.5666084 0.03101217 -0.8187589 -0.5732993 0.09267646 -0.8187588 -0.5666083 0.3672687 -0.1056826 0.9240914 0.3567875 -0.258462 0.8977194 -0.3672687 -0.1056826 0.9240914 -0.3567878 -0.258459 0.8977202 -0.3567858 -0.258462 0.89772 0.3567859 0.2584613 0.8977202 0.3567878 0.2584582 0.8977203 0.3672687 0.1056835 0.9240913 -0.3567876 0.2584613 0.8977196 -0.3672686 0.1056835 0.9240913 0.04258805 -0.6151018 0.7872967 0 -0.6156604 0.7880116 0 -0.6156604 0.7880116 -0.04258805 -0.6151019 0.7872967 -0.4864634 -0.3255796 -0.810772 -0.4864632 -0.3255807 -0.8107718 0.4992136 -0.2419177 -0.8320226 0.4864634 -0.3255796 -0.8107721 0.1322879 -0.5730093 0.8088018 0.218764 -0.5730094 0.7898118 0.2419851 -0.4221162 0.8736481 -0.2187638 -0.5730102 0.7898112 -0.2187645 -0.5730094 0.7898116 0.2187645 0.5730094 0.7898116 0.2187638 0.5730102 0.7898112 -0.218764 0.5730094 0.7898118 -0.2419853 0.4221152 0.8736487 -0.1322879 0.5730093 0.8088018 -0.1532567 0.8187581 -0.5533059 -0.0926758 0.8187583 -0.5666093 0.1532567 0.8187584 -0.5533056 0.1532571 0.8187582 -0.5533059 -0.1532567 -0.8187584 -0.5533056 -0.1532571 -0.8187582 -0.5533059 0.0926758 -0.8187583 -0.5666093 0.1532567 -0.8187581 -0.5533059 -0.4662917 0.4226176 -0.7771528 -0.4662914 0.4226185 -0.7771525 0.4969649 0.258818 -0.8282747 0.4662916 0.4226184 -0.7771524 -0.4718246 -0.3987446 -0.7863742 -0.4718246 -0.3987445 -0.7863742 0.4864634 -0.3255796 -0.810772 0.4718246 -0.3987446 -0.7863742 0.3348179 -0.422116 0.8424459 0.3567861 -0.258459 0.8977208 -0.3348181 -0.4221149 0.8424463 -0.3348172 -0.4221161 0.8424461 0.3348175 0.4221149 0.8424466 0.3348183 0.4221138 0.8424468 -0.3348181 0.4221149 0.8424463 -0.3567862 0.2584582 0.8977209 0.03985053 -0.6750549 0.7366904 0 -0.6755915 0.7372761 0 -0.6755915 0.7372761 -0.03985053 -0.6750549 0.7366904 0.03821969 0.706593 0.7065872 0.03822231 0.7065902 0.70659 0 0.7071097 0.7071039 0 0.7071097 0.7071039 -0.03822213 0.706593 0.7065871 0.4066869 0 0.9135677 0.4066869 0 0.9135677 0.4051394 -0.08715057 0.9100916 -0.4066869 0 0.9135677 -0.4051394 -0.08715057 0.9100916 0.4051394 0.08715134 0.9100915 -0.4066869 0 0.9135677 -0.4051394 0.08715134 0.9100915 0.05118811 -0.7068821 0.7054767 0.1142213 -0.7065902 0.6983436 -0.05118811 -0.7068821 0.7054767 -0.114221 -0.7065927 0.6983411 -0.1142235 -0.7065901 0.6983433 0.1142235 0.7065901 0.6983433 0.114221 0.7065927 0.6983411 -0.03821986 0.7065901 0.7065901 -0.1142213 0.7065902 0.6983436 -0.3307614 0.7065911 -0.6255605 -0.3830776 0.5730133 -0.7245048 -0.2613511 0.7065913 -0.6575897 0.33076 0.7065912 -0.6255611 0.330762 0.7065896 -0.6255618 -0.3685402 -0.615105 -0.6970107 -0.344853 -0.6750528 -0.6522117 -0.3164129 -0.7069316 -0.6325589 0.3685402 -0.615105 -0.6970107 0.344853 -0.6750528 -0.6522117 0.3164129 -0.7069315 -0.6325588 0.2613515 -0.7065902 -0.6575908 -0.4521456 -0.4771662 -0.7535759 -0.4521448 -0.477169 -0.7535747 0.4718246 -0.3987446 -0.7863742 0.4521448 -0.4771691 -0.7535746 0.4674271 0 0.8840315 0.4674271 0 0.8840315 0.4656535 -0.08703213 0.8806771 -0.4674271 0 0.8840315 -0.4656538 -0.08702695 0.8806775 -0.465651 -0.08703213 0.8806784 0.4619003 0.08705198 0.8826495 0.4659905 0.07834339 0.8813145 -0.4674271 0 0.8840315 -0.4656535 0.08703291 0.8806771 0.3348175 -0.4221149 0.8424466 0.3026875 -0.5730103 0.7616032 0.2187643 -0.5730102 0.789811 -0.3026871 -0.5730121 0.7616021 -0.3026887 -0.5730103 0.7616028 0.3026887 0.5730103 0.7616028 0.3026871 0.5730121 0.7616021 -0.3348177 0.4221138 0.8424471 -0.3026875 0.5730103 0.7616032 -0.2187643 0.5730102 0.789811 0.4515426 -0.2584592 0.8539954 0.4656512 -0.08702695 0.8806788 -0.4515416 -0.2584676 0.8539934 -0.4515469 -0.258459 0.8539932 0.4447757 0.2585539 0.8575106 0.4535787 0.2415913 0.8578462 0.4610322 0.1648179 0.8719428 -0.4656512 0.08702766 0.8806788 -0.4447757 0.2585538 0.8575106 -0.4535787 0.2415912 0.8578462 -0.153257 0.8187584 -0.5533055 -0.2120506 0.8187584 -0.533544 0.2120512 0.8187574 -0.5335453 0.2120493 0.8187584 -0.5335445 -0.2120512 -0.8187574 -0.5335453 -0.2120493 -0.8187584 -0.5335445 0.153257 -0.8187584 -0.5533055 0.2120506 -0.8187584 -0.533544 0.03651845 -0.7367897 0.6751351 0 -0.7372815 0.6755858 0 -0.7372815 0.6755858 -0.03651845 -0.7367897 0.6751351 -0.42145 0.5735771 -0.7024167 -0.4214507 0.5735756 -0.7024175 0.4662916 0.4226175 -0.7771528 0.4214505 0.5735756 -0.7024177 -0.4314928 -0.5446382 -0.7191546 -0.4314927 -0.5446383 -0.7191545 0.4521455 -0.4771662 -0.753576 0.4314928 -0.5446382 -0.7191546 0.1888872 -0.7065926 0.6819447 0.1142231 -0.7065927 0.6983407 -0.1888871 -0.706593 0.6819443 -0.1888875 -0.7065926 0.6819446 0.1888875 0.7065926 0.6819446 0.1888871 0.706593 0.6819443 -0.1888872 0.7065926 0.6819447 -0.1142231 0.7065927 0.6983407 0.4515458 -0.2584676 0.8539912 0.4237443 -0.422115 0.8014112 -0.4237455 -0.4221088 0.8014136 -0.4237408 -0.4221151 0.8014128 0.4146359 0.4223034 0.8060626 0.4287596 0.3982609 0.8108966 0.442032 0.3251377 0.8359982 -0.4146359 0.4223034 0.8060626 -0.4287596 0.3982609 0.8108966 -0.442032 0.3251377 0.8359982 -0.02285522 0.906071 -0.4225081 0 0.9063077 -0.4226185 0 0.9063077 -0.4226185 0.02285575 0.906071 -0.4225081 0.02285522 0.9060712 -0.4225077 -0.02285534 -0.9060704 -0.4225094 -0.02285581 -0.9060701 -0.4225099 0 -0.9063069 -0.4226203 0 -0.9063069 -0.4226203 0.02285534 -0.9060701 -0.4225099 -0.06829971 0.9060712 -0.4175766 -0.02285569 0.9060711 -0.4225076 0.06829971 0.9060711 -0.4175769 0.06829953 0.9060711 -0.4175766 -0.0683 -0.9060702 -0.4175786 -0.06829982 -0.9060704 -0.4175784 0.02285581 -0.9060703 -0.4225094 0.0683 -0.9060703 -0.4175783 0.03328311 -0.787573 0.6153219 0 -0.7880095 0.615663 0 -0.7880095 0.615663 -0.03328311 -0.787573 0.6153219 0.03101247 0.8187571 0.573302 0.03101003 0.8187591 0.5732992 0 0.8191511 0.573578 0 0.8191511 0.573578 -0.03101021 0.8187571 0.573302 -0.4054259 -0.6156671 -0.6757099 -0.4054274 -0.6156639 -0.675712 0.4314928 -0.5446382 -0.7191546 0.4054273 -0.6156637 -0.6757122 0.09267669 -0.8187577 0.5666098 0.04402786 -0.81902 0.5720734 -0.04402786 -0.81902 0.5720734 -0.09267681 -0.8187572 0.5666106 -0.09267616 -0.8187578 0.5666099 0.0926758 0.8187592 0.566608 0.09267652 0.8187586 0.5666087 -0.03101229 0.8187592 0.573299 -0.0926764 0.8187592 0.5666079 0.1888874 -0.706593 0.6819441 0.2613497 -0.7065929 0.6575886 0.3026882 -0.5730121 0.7616016 -0.26135 -0.7065919 0.6575896 -0.2613489 -0.706593 0.657589 0.2613489 0.706593 0.657589 0.26135 0.7065919 0.6575896 -0.2613497 0.7065929 0.6575886 -0.1888874 0.706593 0.6819441 -0.3026882 0.5730121 0.7616016 -0.1129466 0.9060711 -0.4077724 -0.06829953 0.9060711 -0.4175769 0.1129465 0.9060711 -0.4077723 0.1129467 0.9060711 -0.4077724 -0.112947 -0.9060703 -0.407774 -0.1129472 -0.9060702 -0.407774 0.06829982 -0.9060702 -0.4175786 0.1129471 -0.9060702 -0.4077741 0.383077 -0.5730121 0.7245062 0.4237422 -0.4221087 0.8014155 -0.3830755 -0.5730165 0.7245035 -0.3830799 -0.5730119 0.7245048 0.3723145 0.5732761 0.7298879 0.3921852 0.544081 0.7417322 0.4109218 0.4766054 0.7771683 -0.3723145 0.5732761 0.7298879 -0.3921852 0.544081 0.7417322 -0.4109217 0.4766054 0.7771683 -0.2683671 0.8187574 -0.5075584 -0.3307607 0.7065896 -0.6255625 -0.2120499 0.8187573 -0.5335459 0.2683686 0.8187573 -0.5075575 0.2683662 0.8187586 -0.5075568 -0.3160394 -0.7367834 -0.5977203 -0.2880362 -0.7875743 -0.5447584 -0.2537412 -0.8190616 -0.5145421 0.3160394 -0.7367833 -0.5977203 0.2880362 -0.7875743 -0.5447585 0.2537412 -0.8190616 -0.5145421 0.2120499 -0.8187573 -0.5335459 -0.3638041 0.7071058 -0.6063398 -0.3638036 0.7071064 -0.6063393 0.4214502 0.5735771 -0.7024166 0.3638038 0.7071064 -0.6063392 -0.3793266 -0.6755895 -0.6322106 -0.3793267 -0.6755892 -0.6322109 0.405426 -0.6156671 -0.6757097 0.3793266 -0.6755895 -0.6322107 0.02944946 -0.8383036 0.5444077 0 -0.8386673 0.544644 0 -0.8386673 0.544644 -0.02944946 -0.8383036 0.5444077 0.09267628 -0.8187572 0.5666107 0.153257 -0.8187572 0.5533071 -0.1532571 -0.8187569 0.5533075 -0.1532567 -0.8187572 0.5533072 0.1532562 0.8187587 0.5533053 0.1532567 0.8187583 0.5533057 -0.1532565 0.8187586 0.5533053 -0.09267592 0.8187586 0.5666088 0.5144957 0 0.857493 0.5144957 0 0.857493 0.5125377 -0.08715301 0.8542304 0.5125382 -0.08714967 0.8542304 -0.5144957 0 0.857493 -0.5125381 -0.08715319 0.8542301 0.5129098 0.07845717 0.8548498 -0.5144957 0 0.857493 -0.512538 0.08715373 0.8542301 0.5074394 0.1650528 0.8457321 0.5129098 0.07845884 0.8548495 0.4969647 -0.2588201 0.8282743 0.4969636 -0.2588248 0.8282734 -0.4969642 -0.2588202 0.8282745 -0.5125378 -0.08714967 0.8542305 0.4992124 0.2419238 0.8320216 0.5074431 0.1650042 0.8457394 -0.4999327 0.2419235 0.831589 -0.5121097 0.07845878 0.855329 0.4864662 0.3255628 0.8107771 0.4992122 0.2419279 0.8320204 -0.4864662 0.3255628 0.8107771 -0.50028 0.2334466 0.8338001 -0.1129466 0.9060711 -0.4077722 -0.156275 0.9060711 -0.393209 0.1562749 0.9060713 -0.3932086 0.1562755 0.9060711 -0.3932089 -0.1562755 -0.9060704 -0.3932102 -0.1562761 -0.9060702 -0.3932105 0.1129472 -0.9060703 -0.4077739 0.1562757 -0.9060702 -0.3932107 -0.3475902 -0.7372743 -0.5793166 -0.3475894 -0.7372754 -0.5793157 0.3793266 -0.6755895 -0.6322106 0.3475896 -0.7372753 -0.5793157 0.4662923 -0.4226158 0.7771534 0.4662919 -0.4226171 0.777153 -0.4662922 -0.4226158 0.7771534 -0.496964 -0.2588248 0.8282731 0.4718233 0.3987506 0.786372 0.4864651 0.3255695 0.810775 -0.4718232 0.3987506 0.7863719 -0.476452 0.3826845 0.7915466 0.3830784 -0.5730166 0.7245019 0.3307626 -0.7065919 0.625559 0.2613492 -0.7065919 0.6575899 -0.3307633 -0.7065903 0.6255604 -0.3307614 -0.7065919 0.6255596 0.3190674 0.7068839 0.6312775 0.3448583 0.6750444 0.6522176 0.3685414 0.6151066 0.6970087 -0.3448583 0.6750444 0.6522176 -0.3190674 0.7068839 0.6312775 -0.2613492 0.7065919 0.6575899 -0.3685414 0.6151066 0.6970087 0.2120499 -0.8187571 0.5335463 0.1532568 -0.8187569 0.5533076 -0.2120497 -0.8187576 0.5335457 -0.2120504 -0.8187571 0.5335461 0.2120497 0.8187584 0.5335443 0.212049 0.818759 0.5335438 -0.2120493 0.8187585 0.5335445 -0.1532563 0.8187583 0.5533058 0.02580279 -0.8785274 0.4769948 0 -0.8788199 0.4771536 0 -0.8788199 0.4771536 -0.02580279 -0.8785274 0.4769948 0.02285397 0.9060712 0.4225077 0.02285546 0.9060704 0.4225094 0 0.9063078 0.422618 0 0.9063078 0.422618 -0.02285534 0.9060711 0.4225077 0.03486132 -0.9062555 0.4212906 0.06829977 -0.9060714 0.417576 -0.03486132 -0.9062555 0.4212906 -0.06829971 -0.9060716 0.4175756 -0.06830006 -0.9060714 0.417576 0.06830048 0.9060702 0.4175783 0.06830006 0.9060705 0.417578 -0.02285408 0.9060703 0.4225095 -0.06830018 0.9060703 0.4175784 0.4521519 0.4771439 0.7535863 0.4718233 0.3987506 0.786372 -0.4521517 0.4771446 0.753586 0.4214495 -0.5735787 0.7024157 0.42145 -0.5735778 0.7024162 -0.4214496 -0.5735787 0.7024156 -0.466292 -0.422617 0.7771528 0.4314922 0.5446405 0.7191532 0.452151 0.4771478 0.7535845 -0.4314919 0.54464 0.7191537 -0.4401223 0.5224913 0.7302706 -0.01399952 0.9658311 -0.2587939 0 0.9659257 -0.2588193 0 0.9659257 -0.2588193 0.01399934 0.9658311 -0.2587939 0.01399958 0.9658311 -0.2587941 -0.01399934 -0.9658321 -0.25879 -0.01399916 -0.9658322 -0.2587898 0 -0.9659269 -0.2588152 0 -0.9659269 -0.2588152 0.01399934 -0.9658322 -0.2587898 0.02156376 -0.9168473 0.3986551 0 -0.9170606 0.3987479 0 -0.9170606 0.3987479 -0.02156376 -0.9168473 0.3986552 -0.2683677 0.8187587 -0.5075559 -0.2951025 0.8191523 -0.4918374 -0.2951021 0.8191527 -0.491837 0.363804 0.7071059 -0.6063398 0.2951022 0.8191527 -0.4918369 -0.3167544 -0.788012 -0.5279238 -0.3167552 -0.7880111 -0.527925 0.3475901 -0.7372742 -0.5793167 0.3167551 -0.788011 -0.527925 0.1129457 -0.9060716 0.4077715 0.0683 -0.9060717 0.4175755 -0.1129455 -0.906072 0.4077706 -0.1129464 -0.9060716 0.4077713 0.1129471 0.9060704 0.4077736 0.1129462 0.9060709 0.4077728 -0.1129464 0.9060705 0.4077737 -0.06830042 0.9060705 0.4175779 -0.04183477 0.965831 -0.2557738 -0.01399934 0.9658311 -0.2587941 0.04183471 0.9658311 -0.2557734 0.04183512 0.9658311 -0.2557738 -0.04183405 -0.9658322 -0.2557694 -0.04183447 -0.9658322 -0.2557697 0.01399916 -0.9658321 -0.2587901 0.04183411 -0.9658321 -0.2557697 -0.1977802 0.9060713 -0.3740559 -0.1562753 0.9060713 -0.3932084 0.1977801 0.9060713 -0.3740559 0.1977803 0.9060712 -0.3740559 -0.2548402 -0.8383076 -0.4819718 -0.2232896 -0.8785236 -0.4223009 -0.1840594 -0.9062804 -0.3804971 0.2548402 -0.8383076 -0.4819717 0.2232896 -0.8785235 -0.4223009 0.1840594 -0.9062804 -0.3804972 0.1562759 -0.9060704 -0.3932101 0.4054265 0.6156652 0.6757113 0.4314937 0.5446346 0.7191567 -0.4054268 0.6156647 0.6757116 0.3307622 -0.7065902 0.6255611 0.2683684 -0.8187575 0.5075575 0.2120501 -0.8187576 0.5335455 -0.2683694 -0.818756 0.5075595 -0.2683668 -0.8187575 0.5075582 0.2565707 0.8190212 0.5132017 0.2880419 0.7875675 0.5447655 0.3160357 0.7367938 0.5977092 -0.2880419 0.7875674 0.5447655 -0.2565707 0.8190212 0.5132016 -0.2120494 0.8187589 0.5335437 -0.3160357 0.7367938 0.5977092 -0.06918191 0.9658311 -0.249768 -0.04183506 0.9658312 -0.2557734 0.06918209 0.9658309 -0.2497687 0.0691812 0.9658312 -0.2497682 -0.06918102 -0.9658321 -0.2497648 -0.06918007 -0.9658322 -0.2497642 0.04183441 -0.9658322 -0.2557693 0.06918084 -0.9658322 -0.249764 -0.2802148 -0.8386703 -0.4670244 -0.2802138 -0.8386714 -0.467023 0.3167545 -0.7880121 -0.5279238 0.280214 -0.8386715 -0.4670229 0.363803 -0.707107 0.6063392 0.3638051 -0.7071037 0.6063417 -0.3638034 -0.707107 0.6063389 -0.4214498 -0.5735777 0.7024163 0.3793303 0.6755814 0.632217 0.4054246 0.6156706 0.6757075 -0.3793303 0.6755815 0.632217 -0.3928261 0.6494455 0.6510823 0.1562746 -0.906072 0.3932071 0.1129462 -0.906072 0.4077704 -0.1562749 -0.9060716 0.3932079 -0.1562741 -0.906072 0.3932073 0.156275 0.9060709 0.3932095 0.1562758 0.9060705 0.3932101 -0.1129468 0.9060709 0.4077727 -0.1562755 0.9060708 0.3932093 0.01760834 -0.9453676 0.3255301 0 -0.9455143 0.3255806 0 -0.9455143 0.3255806 -0.01760834 -0.9453676 0.3255301 0.01399928 0.9658318 0.2587916 0.01399832 0.965832 0.2587904 0 0.9659264 0.258817 0 0.9659264 0.258817 -0.01399838 0.9658318 0.2587916 0.04183501 -0.9658313 0.2557727 0.0237196 -0.9659174 0.2577615 -0.02371966 -0.9659174 0.2577615 -0.04183495 -0.9658315 0.2557722 -0.04183536 -0.9658313 0.2557727 0.04183489 0.9658321 0.25577 0.04183447 0.9658321 0.2557696 -0.01399922 0.9658321 0.2587903 -0.04183453 0.9658321 0.25577 -0.06918138 0.9658309 -0.249769 -0.09572184 0.965831 -0.2408483 0.09572178 0.965831 -0.2408481 0.09572201 0.9658309 -0.2408482 -0.09572023 -0.9658321 -0.2408443 -0.09572052 -0.9658321 -0.2408444 0.0691803 -0.965832 -0.249765 0.09572035 -0.9658321 -0.2408444 0.3475838 0.7372854 0.5793062 0.3793303 0.6755814 0.632217 -0.3475838 0.7372856 0.5793061 0.01308548 -0.9702132 0.2418989 0 -0.9702963 0.2419196 0 -0.9702963 0.2419196 -0.01308548 -0.9702132 0.2418989 0.06918162 -0.9658314 0.2497669 0.0418353 -0.9658315 0.2557722 -0.06918203 -0.965831 0.2497684 -0.06918042 -0.9658315 0.2497672 0.06917971 0.9658322 0.2497646 0.06918132 0.9658318 0.2497658 -0.0691809 0.9658321 0.2497643 -0.04183483 0.9658322 0.2557695 -0.1977801 0.9060713 -0.374056 -0.217435 0.9063079 -0.3623918 -0.2174351 0.9063079 -0.3623918 0.2951024 0.8191523 -0.4918375 0.2174351 0.9063079 -0.3623919 -0.2454962 -0.878817 -0.4091604 -0.2454972 -0.878816 -0.4091619 0.2802147 -0.8386703 -0.4670245 0.245497 -0.8788162 -0.4091618 0.2683679 -0.8187559 0.5075603 0.1977787 -0.9060716 0.3740559 0.1562744 -0.9060716 0.3932081 -0.1977786 -0.9060717 0.3740558 -0.1977787 -0.9060717 0.3740558 0.1868598 0.9062545 0.3791915 0.2232829 0.8785297 0.4222918 0.2548373 0.8383095 0.4819701 -0.1562753 0.9060705 0.3932103 -0.1868598 0.9062545 0.3791915 -0.2232829 0.8785297 0.4222918 -0.2548373 0.8383095 0.4819701 0.2951042 -0.8191499 0.4918403 0.2951023 -0.8191521 0.4918378 -0.2951039 -0.81915 0.4918404 -0.3638046 -0.7071037 0.6063419 0.3167591 0.7880044 0.5279325 0.3475867 0.7372796 0.579312 -0.3167597 0.7880041 0.5279327 -0.3357375 0.7604059 0.5559346 -0.186616 -0.9168462 -0.3529415 -0.2051559 -0.9170591 -0.3419264 -0.2051555 -0.9170594 -0.3419259 0.186616 -0.9168462 -0.3529415 0.2454962 -0.878817 -0.4091603 0.2051556 -0.9170594 -0.3419259 -0.004714608 0.9961835 -0.08715575 0 0.9961946 -0.08715671 0 0.9961946 -0.08715671 0.004714727 0.9961835 -0.08715575 0.004714608 0.9961835 -0.08715569 -0.004714727 -0.9961834 -0.08715784 -0.004714846 -0.9961834 -0.0871579 0 -0.9961944 -0.08715891 0 -0.9961944 -0.08715891 0.004714787 -0.9961834 -0.0871579 -0.1211443 0.9658311 -0.2291168 -0.09572196 0.9658311 -0.240848 0.1211435 0.9658311 -0.2291172 0.1211447 0.9658308 -0.2291175 -0.1523749 -0.9453744 -0.2881823 -0.1098258 -0.9659257 -0.2343629 0.09572041 -0.9658321 -0.2408442 0.1523749 -0.9453744 -0.2881823 0.1098257 -0.9659256 -0.2343629 0.09572136 -0.965831 0.2408483 0.0691809 -0.9658311 0.2497689 -0.0957213 -0.9658311 0.2408481 -0.09572154 -0.9658311 0.2408483 0.09572052 0.9658318 0.2408457 0.09572029 0.9658318 0.2408455 -0.06918013 0.9658317 0.2497662 -0.09572035 0.9658318 0.2408457 0.2802125 0.8386731 0.4670207 0.3167554 0.7880105 0.5279256 -0.2802126 0.8386731 0.4670208 -0.01408904 0.9961835 -0.08613848 -0.004714727 0.9961835 -0.08715569 0.0140891 0.9961835 -0.08613884 0.01408869 0.9961835 -0.08613854 -0.01408946 -0.9961833 -0.08614099 -0.01408904 -0.9961833 -0.08614069 0.004714846 -0.9961834 -0.08715784 0.0140894 -0.9961833 -0.08614063 -0.02329868 0.9961836 -0.08411639 -0.01408874 0.9961835 -0.0861389 0.02329856 0.9961836 -0.08411598 0.02329915 0.9961835 -0.08411628 -0.02329915 -0.9961834 -0.08411806 -0.02329975 -0.9961833 -0.08411836 0.0140891 -0.9961833 -0.08614104 0.02329927 -0.9961833 -0.08411848 0.008926987 -0.9862489 0.1650256 0 -0.9862882 0.1650322 0 -0.9862882 0.1650322 -0.008926987 -0.9862489 0.1650256 0.004714608 0.9961837 0.08715432 0.004714548 0.9961837 0.08715426 0 0.9961947 0.08715528 0 0.9961947 0.08715528 -0.004714548 0.9961837 0.08715432 0.01408898 -0.9961837 0.08613705 0.01056581 -0.9961941 0.08652025 -0.01056581 -0.9961941 0.08652025 -0.01408904 -0.9961837 0.08613765 -0.01408845 -0.9961836 0.08613711 0.01408845 0.9961836 0.08613711 0.01408904 0.9961837 0.08613765 -0.004714608 0.9961836 0.0871542 -0.01408898 0.9961837 0.08613705 0.004244267 -0.9969083 0.0784595 0 -0.9969173 0.07846021 0 -0.9969173 0.07846021 -0.004244267 -0.9969083 0.0784595 0.1977786 -0.9060717 0.3740558 0.2174346 -0.9063085 0.362391 0.2174349 -0.9063082 0.3623914 -0.2174346 -0.9063085 0.3623909 -0.2951026 -0.8191521 0.4918376 0.2454914 0.8788223 0.4091522 0.2802125 0.8386731 0.4670206 -0.2454912 0.8788221 0.4091525 -0.2702619 0.8526412 0.4471706 0.1211435 -0.9658311 0.2291169 0.09572142 -0.9658311 0.240848 -0.1211427 -0.9658315 0.2291154 -0.1211447 -0.9658311 0.2291164 0.1122786 0.9659178 0.23323 0.1523707 0.9453769 0.2881765 0.1866165 0.9168447 0.352945 -0.09572046 0.9658318 0.2408455 -0.1122786 0.9659178 0.2332301 -0.1523707 0.9453769 0.2881765 -0.1866165 0.9168446 0.352945 0.0232982 -0.9961836 0.08411526 0.01408857 -0.9961836 0.08613777 -0.02329802 -0.9961837 0.08411455 -0.02329885 -0.9961837 0.08411514 0.02329885 0.9961837 0.08411514 0.02329802 0.9961837 0.08411455 -0.01408857 0.9961836 0.08613777 -0.0232982 0.9961836 0.08411526 -0.02329903 0.9961836 -0.0841158 -0.03223681 0.9961835 -0.08111166 0.03223687 0.9961835 -0.0811119 0.03223657 0.9961836 -0.08111178 -0.03223764 -0.9961834 -0.08111387 -0.03223741 -0.9961834 -0.08111375 0.02329957 -0.9961834 -0.08411788 0.03223758 -0.9961834 -0.08111369 -0.121144 0.9658308 -0.2291181 -0.133162 0.9659255 -0.2219368 -0.133162 0.9659255 -0.2219367 0.2174351 0.9063079 -0.3623918 0.133162 0.9659255 -0.2219368 -0.1675005 -0.9455205 -0.2791676 -0.1674995 -0.9455212 -0.279166 0.2051558 -0.9170591 -0.3419264 0.1674996 -0.9455211 -0.2791661 0.205157 0.9170579 0.3419287 0.2454947 0.8788184 0.4091583 -0.205157 0.9170579 0.3419287 -0.1132351 -0.9702129 -0.21416 -0.1244668 -0.9702961 -0.2074448 -0.124467 -0.9702961 -0.2074451 0.1132351 -0.9702129 -0.21416 0.1675004 -0.9455205 -0.2791676 0.124467 -0.9702961 -0.2074451 0.03223603 -0.9961837 0.08111029 0.02329862 -0.9961838 0.08411431 -0.03223609 -0.9961837 0.08111035 -0.03223603 -0.9961837 0.08111029 0.03223603 0.9961837 0.08111029 0.03223609 0.9961837 0.08111035 -0.03223603 0.9961837 0.08111029 -0.02329862 0.9961838 0.08411431 -0.04079824 0.9961836 -0.07716125 -0.03223669 0.9961835 -0.08111196 0.0407983 0.9961835 -0.07716119 0.04079818 0.9961836 -0.07716113 -0.07725089 -0.9862485 -0.1461036 -0.03384238 -0.9961901 -0.08037406 0.07725089 -0.9862485 -0.1461036 0.03223747 -0.9961834 -0.08111399 0.03384238 -0.9961901 -0.08037406 -0.5721419 0 -0.8201547 -0.5699747 0.08695495 -0.8170481 0.5721419 0 -0.8201547 0.5721419 0 -0.8201547 0.5699691 0.08695501 -0.8170521 0.5699752 0.08694547 -0.8170489 -0.5721419 0 -0.8201547 -0.5703865 -0.07827502 -0.8176383 0.5703865 -0.07827496 -0.8176383 0.1211439 -0.9658315 0.2291147 0.1331605 -0.9659262 0.2219343 0.1331605 -0.9659262 0.2219343 -0.1331605 -0.9659262 0.2219343 -0.2174348 -0.9063082 0.3623915 0.167496 0.9455235 0.2791602 0.2051562 0.9170588 0.3419271 -0.167496 0.9455235 0.2791601 -0.198009 0.9238792 0.3274746 -0.5746167 -0.08697807 -0.8137878 -0.5643226 -0.1647038 -0.8089578 0.5643226 -0.1647037 -0.8089578 0.5746166 -0.08697807 -0.8137878 -0.5527284 0.2582485 -0.7923376 -0.5699696 0.08694541 -0.8170528 0.5527318 0.2582485 -0.7923353 0.5527277 0.2582538 -0.7923366 -0.5552183 -0.2413809 -0.7959069 0.5552184 -0.2413809 -0.7959069 0 1 0 0 1 0 0 1 0 0 1 0 0 1 0 0 1 0 0 1 0 0 1 0 0 1 0 0 -1 0 0 -1 0 0 -1 0 0 -1 0 0 -1 0 0 -1 0 0 -1 0 0 -1 0 0 -1 0 0 1 0 0 1 0 0 1 0 0 1 0 0 1 0 0 1 0 0 1 0 0 1 0 0 1 0 0 -1 0 0 -1 0 0 -1 0 0 -1 0 0 -1 0 0 -1 0 0 -1 0 0 -1 0 0 -1 0 0 1 0 0 1 0 0 -1 0 0 -1 0 0 1 0 0 1 0 0 -1 0 0 -1 0 0.113236 0.9702132 0.2141589 0.1244667 0.9702963 0.2074446 0.167496 0.9455235 0.2791602 -0.113236 0.9702132 0.2141588 -0.1244667 0.9702963 0.2074446 0.04079788 -0.9961837 0.07715952 0.03223603 -0.9961837 0.08111035 -0.04079812 -0.9961837 0.07715994 -0.04079753 -0.9961837 0.0771597 0.03545212 0.9961941 0.07962733 0.07726633 0.9862432 0.1461309 -0.03223603 0.9961837 0.08111035 -0.04079788 0.9961837 0.07715952 -0.561133 -0.2584171 -0.7863526 -0.5411016 -0.3248921 -0.7756636 0.5411017 -0.3248919 -0.7756637 0.5611331 -0.2584171 -0.7863526 0 1 0 0 1 0 0 -1 0 0 -1 0 0 1 0 0 1 0 0 -1 0 0 -1 0 -0.5187531 0.4217983 -0.7436273 -0.5527309 0.2582538 -0.7923341 0.5187522 0.4217983 -0.7436278 0.5187534 0.4217971 -0.7436277 -0.5248841 -0.3979534 -0.7524159 0.5248841 -0.3979534 -0.752416 -0.0407983 0.9961835 -0.07716107 -0.0448417 0.9961946 -0.07473617 -0.0448417 0.9961946 -0.07473617 0.133162 0.9659255 -0.2219368 0.0448417 0.9961946 -0.07473617 -0.08490967 -0.9862877 -0.1415162 -0.08490961 -0.9862878 -0.141516 0.1244668 -0.9702962 -0.2074448 0.08490967 -0.9862877 -0.1415162 0 1 0 0 1 0 0 -1 0 0 -1 0 0 1 0 0 1 0 0 -1 0 0 -1 0 -0.5301144 -0.4221248 -0.7353839 -0.503073 -0.476296 -0.7211517 0.503073 -0.476296 -0.7211517 0.5301144 -0.4221248 -0.7353839 -0.03672909 -0.996908 -0.06946516 -0.04036915 -0.996917 -0.0672819 0.03672909 -0.996908 -0.06946516 0.08490967 -0.9862877 -0.1415162 0.04036915 -0.996917 -0.06728196 0.04036915 -0.996917 -0.06728196 -0.4690319 0.5726685 -0.6723541 -0.5187526 0.421797 -0.7436283 0.4690291 0.5726686 -0.6723559 0.4690332 0.5726652 -0.6723559 -0.4801719 -0.5437337 -0.6883231 0.4801719 -0.5437336 -0.6883231 0.04079777 -0.9961836 0.07716012 0.04484111 -0.9961947 0.07473522 0.04484111 -0.9961947 0.07473528 -0.04484111 -0.9961947 0.07473522 -0.1331605 -0.9659262 0.2219343 0.08492577 0.9862825 0.1415429 0.1244667 0.9702963 0.2074446 -0.04079777 0.9961836 0.07716012 -0.0441209 0.9961944 0.07516735 -0.1207468 0.9723696 0.1997939 0.03672599 0.9969085 0.06945925 0.04036575 0.9969175 0.06727629 0.08492577 0.9862825 0.1415429 -0.6403613 0 -0.7680738 -0.6379256 0.08713662 -0.7651524 0.6403613 0 -0.7680738 0.6403613 0 -0.7680738 0.6379256 0.08713662 -0.7651523 -0.6403613 0 -0.7680738 -0.6379256 -0.0871368 -0.7651523 0.6379256 -0.0871368 -0.7651523 -0.6753389 0.104689 -0.7300394 -0.6560344 0.2582537 -0.7091712 0.6753389 0.1046889 -0.7300394 0.6560352 0.2582494 -0.7091721 0.656032 0.2582538 -0.7091735 -0.675339 -0.1046891 -0.7300394 -0.6560352 -0.2582494 -0.7091721 -0.656032 -0.2582538 -0.7091735 0.675339 -0.1046892 -0.7300394 0.6560344 -0.2582537 -0.7091712 0 1 0 0 1 0 0 -1 0 0 -1 0 0 1 0 0 1 0 0 -1 0 0 -1 0 -0.4825924 -0.5731297 -0.6622892 -0.4512491 -0.6147649 -0.6468681 0.4512491 -0.6147649 -0.6468681 0.4825924 -0.5731297 -0.6622892 -0.6915722 0 -0.7223073 -0.6889474 0.08704274 -0.7195659 0.6915722 0 -0.7223073 0.6915722 0 -0.7223073 0.6889474 0.08704274 -0.7195658 -0.6915722 0 -0.7223073 -0.6889474 -0.08704292 -0.7195658 0.6889474 -0.08704292 -0.7195658 -0.6560328 0.2582494 -0.7091744 -0.6157042 0.4217971 -0.6655791 0.6157035 0.4217993 -0.6655783 0.6157056 0.421797 -0.6655778 -0.6157056 -0.421797 -0.6655778 -0.6157035 -0.4217993 -0.6655783 0.6560328 -0.2582494 -0.7091744 0.6157042 -0.4217971 -0.6655791 -0.4050386 0.7062706 -0.5806251 -0.4690305 0.572665 -0.6723579 0.4050409 0.7062706 -0.5806236 0.4050374 0.7062728 -0.5806234 -0.422277 -0.674722 -0.6053365 0.422277 -0.674722 -0.6053365 0.5761548 0 0.8173407 0.5761548 0 0.8173407 0.5739743 -0.08691591 0.8142475 -0.5761548 0 0.8173407 -0.573979 -0.08691591 0.8142443 -0.5739738 -0.0869255 0.8142468 0.5743882 0.07824784 0.8148347 -0.5761548 0 0.8173407 -0.5743882 0.07824784 0.8148347 0.5683035 0.1645724 0.8061929 0.5777471 0.08695489 0.8115708 -0.5603172 0.2328489 0.794875 -0.5743875 0.07824599 0.8148353 0.5739786 -0.08692556 0.8142436 0.5566272 -0.2581707 0.7896291 -0.5566285 -0.2581628 0.7896308 -0.5566232 -0.2581707 0.7896319 0.5591326 0.2413105 0.7931833 0.0448417 0.9961946 -0.07473617 0 1 0 0 1 0 0 1 0 0 1 0 0 1 0 0 1 0 0 1 0 0 1 0 0 -1 0 0 -1 0 0 -1 0 0 -1 0 0 -1 0 0 -1 0 0 -1 0 -0.04484111 -0.9961947 0.07473528 0 1 0 0 1 0 0 1 0 0 1 0 0 1 0 0 1 0 0 1 0 0.04036575 0.9969175 0.06727623 0 1 0 -0.04036575 0.9969175 0.06727629 0 -1 0 -0.04036915 -0.996917 -0.06728196 0 -1 0 0 -1 0 0 -1 0 0 -1 0 0 -1 0 0 -1 0 0 -1 0 -0.6157049 0.4217993 -0.6655771 -0.5566939 0.5726652 -0.6017861 0.5566924 0.5726682 -0.6017845 0.5566961 0.5726652 -0.6017841 -0.556692 -0.5726693 -0.601784 -0.5566956 -0.5726661 -0.6017835 0.6157049 -0.4217993 -0.6655771 0.5566934 -0.5726662 -0.6017856 0.5449212 0.3247823 0.7730313 0.5634283 0.2583069 0.7847459 -0.5325085 0.3818002 0.7554225 -0.560318 0.2328518 0.7948735 -0.4200218 -0.7067935 -0.5692316 -0.3870289 -0.7364791 -0.5548037 0.3870289 -0.7364791 -0.5548037 0.4200218 -0.7067935 -0.5692316 0.5566244 -0.2581627 0.7896336 0.5224266 -0.4216769 0.7411202 -0.5224263 -0.4216781 0.7411197 -0.5224272 -0.4216769 0.7411197 0.5285959 0.3978422 0.749872 0.5066508 0.47615 0.7187393 0.5315795 0.4219697 0.7344146 -0.491617 0.521463 0.6974161 -0.5325078 0.3817974 0.7554246 0.5224269 -0.4216781 0.7411193 0.4723792 -0.5725342 0.6701212 -0.4723806 -0.5725306 0.6701233 -0.4723768 -0.5725343 0.6701229 0.4835947 0.5435963 0.6860316 -0.7509739 0 -0.6603319 -0.7481194 0.08710652 -0.657822 0.7509739 0 -0.6603319 0.7509739 0 -0.6603319 0.7481194 0.08710652 -0.657822 -0.7509739 0 -0.6603319 -0.7481194 -0.0871067 -0.657822 0.7481194 -0.08710676 -0.657822 -0.3286849 0.8185152 -0.4711678 -0.4050396 0.7062729 -0.5806217 0.328685 0.8185153 -0.4711678 0.3286848 0.8185153 -0.4711678 -0.3527588 -0.7873063 -0.5056777 0.3527588 -0.7873063 -0.5056777 -0.7684623 0.110587 -0.6302669 -0.7469763 0.2582491 -0.6126449 0.7469773 0.2582491 -0.6126437 0.7469759 0.2582511 -0.6126446 0.7702763 0.08695077 -0.6317548 0.7873863 0.1337586 -0.6017736 -0.7702763 -0.08695101 -0.6317548 -0.7873863 -0.1337589 -0.6017736 -0.7469759 -0.2582511 -0.6126446 -0.7469773 -0.2582491 -0.6126437 0.7684622 -0.1105872 -0.6302669 0.7469763 -0.2582491 -0.6126449 -0.5566946 0.5726683 -0.6017825 -0.4807421 0.7062729 -0.5196784 0.4807439 0.7062703 -0.5196803 0.4807397 0.706273 -0.5196806 -0.4807404 -0.7062719 -0.5196813 -0.4807447 -0.7062692 -0.5196812 0.5566942 -0.5726693 -0.601782 0.4807429 -0.7062718 -0.5196792 0.4544768 0.6146336 0.6447297 0.4832276 0.572947 0.661984 -0.4386161 0.6484283 0.6222192 -0.4916186 0.5214716 0.6974084 0.6441263 0 0.7649192 0.6441263 0 0.7649192 0.6416753 -0.08715355 0.7620086 -0.6441263 0 0.7649192 -0.6416753 -0.08715355 0.7620086 0.6416752 0.08715432 0.7620085 -0.6441263 0 0.7649192 -0.6421411 0.07845157 0.7625617 -0.7469769 0.2582512 -0.6126434 -0.7010571 0.4217996 -0.5749818 0.7010574 0.4217996 -0.5749814 0.7010571 0.4218 -0.5749815 -0.7010574 -0.4217996 -0.5749814 -0.7010571 -0.4218 -0.5749815 0.7469769 -0.2582512 -0.6126434 0.7010571 -0.4217996 -0.5749818 -0.6708414 0.2328516 0.7040966 -0.6865191 0.09745401 0.7205514 0.6860459 -0.1041918 0.7200591 0.6664172 -0.2581623 0.6994573 -0.6860459 -0.1041918 0.7200591 -0.6664165 -0.2581657 0.6994565 -0.6664188 -0.2581622 0.6994557 0.6664189 0.2581614 0.6994559 0.6664166 0.258165 0.6994567 0.6860458 0.1041928 0.7200591 -0.3442184 -0.8189924 -0.4590916 -0.3121269 -0.838082 -0.4474319 0.3121269 -0.838082 -0.4474319 0.3442184 -0.8189924 -0.4590917 0.4723783 -0.5725305 0.670125 0.4079552 -0.7061448 0.5787332 -0.4079525 -0.7061496 0.5787292 -0.4079593 -0.7061446 0.5787305 0.4253141 0.6745858 0.6033588 0.6986294 0 0.7154837 0.6986294 0 0.7154837 0.6959806 -0.08699733 0.712771 -0.6986294 0 0.7154837 -0.6959806 -0.08699727 0.712771 0.6959806 0.08699804 0.712771 -0.6986294 0 0.7154837 -0.6964837 0.07831633 0.7132862 -0.6375471 0.3817976 0.669152 -0.6708413 0.2328512 0.7040968 0.6664181 -0.2581658 0.699455 0.6254747 -0.4216787 0.6564819 -0.6254749 -0.4216781 0.6564821 -0.6254745 -0.4216787 0.6564822 0.6254748 0.4216776 0.6564825 0.6254752 0.421677 0.6564825 -0.794526 0 -0.6072302 -0.7915062 0.08710378 -0.6049222 0.794526 0 -0.6072302 0.794526 0 -0.6072302 -0.794526 0 -0.6072302 0.7915062 -0.08710402 -0.6049222 -0.7010572 0.4218 -0.5749813 -0.6338642 0.5726684 -0.5198721 0.6338633 0.5726685 -0.5198732 0.633865 0.572667 -0.5198727 -0.6338645 -0.572668 -0.5198723 -0.6338627 -0.5726696 -0.5198727 0.7010572 -0.4218 -0.5749813 0.6338638 -0.5726695 -0.5198716 0.3898193 0.7363662 0.5529971 0.4198191 0.706622 0.569594 -0.3747704 0.7595369 0.5316492 -0.438616 0.6484272 0.6222204 -0.5885872 0.5214709 0.6177647 -0.6375471 0.3817981 0.6691516 -0.4807416 0.7062702 -0.5196827 -0.3901147 0.8185152 -0.4217149 -0.3286849 0.8185153 -0.4711676 0.390114 0.8185158 -0.4217141 0.3901157 0.8185151 -0.421714 -0.390114 -0.8185158 -0.4217141 -0.3901157 -0.8185151 -0.421714 0.4807423 -0.7062691 -0.5196835 0.3901147 -0.8185152 -0.4217149 0.6254746 -0.4216781 0.6564823 0.565557 -0.5725305 0.5935943 -0.5655573 -0.5725297 0.5935947 -0.5655566 -0.5725305 0.5935947 0.5655566 0.5725305 0.5935947 0.5655573 0.5725297 0.5935947 -0.2422652 0.905925 -0.3472856 0.2422648 0.9059251 -0.3472858 0.2422654 0.9059249 -0.3472859 -0.273499 -0.8783439 -0.392059 0.273499 -0.8783439 -0.392059 0.4079563 -0.7061499 0.5787263 0.3310722 -0.8184205 0.4696584 -0.3310716 -0.8184213 0.4696577 -0.3310729 -0.8184205 0.469658 0.3553156 0.7872002 0.5040503 -0.5251286 0.6484273 0.5511642 -0.588587 0.5214663 0.6177689 -0.6338642 0.572667 -0.5198739 -0.5473847 0.7062698 -0.4489464 0.5473847 0.7062698 -0.4489465 0.5473848 0.7062698 -0.4489465 -0.5473856 -0.7062687 -0.4489472 -0.5473856 -0.7062687 -0.4489472 0.6338636 -0.572668 -0.5198734 0.5473856 -0.7062687 -0.4489471 -0.257254 -0.906262 -0.3354241 -0.2285941 -0.9167141 -0.3276888 0.228594 -0.9167141 -0.3276888 0.2572539 -0.906262 -0.3354241 0.5655569 -0.5725297 0.5935952 0.4884223 -0.7061496 0.5126366 -0.4884229 -0.7061488 0.5126371 -0.4884217 -0.7061497 0.5126371 0.4884217 0.7061497 0.5126371 0.4884229 0.7061488 0.5126371 0.3143956 0.8379975 0.4459996 0.3432033 0.8188598 0.4600871 -0.3016324 0.8520103 0.4278977 -0.3747702 0.7595353 0.5316516 -0.8436738 0 -0.5368562 -0.8404719 0.08704012 -0.5348187 0.8436738 0 -0.5368562 0.8436738 0 -0.5368562 0.8404719 0.08704012 -0.5348187 -0.8436738 0 -0.5368562 -0.8404719 -0.0870403 -0.5348188 0.8404719 -0.0870403 -0.5348188 0.7574161 0 0.6529325 0.7574161 0 0.6529325 0.7545353 -0.08713418 0.6504492 -0.7574161 0 0.6529325 -0.7545353 -0.08713418 0.6504492 0.7545352 0.08713489 0.6504491 -0.7574161 0 0.6529325 -0.7550824 0.07843971 0.6509208 -0.8480816 0.1046903 -0.5194203 -0.8238401 0.2582507 -0.5045733 0.8480816 0.1046903 -0.5194203 0.8238409 0.2582468 -0.5045738 0.8238385 0.2582507 -0.5045758 -0.8480817 -0.1046905 -0.5194204 -0.8238409 -0.2582468 -0.5045738 -0.8238385 -0.2582507 -0.5045758 0.8480817 -0.1046905 -0.5194204 0.8238401 -0.2582507 -0.5045733 -0.7668536 0.2328509 0.5980937 -0.7861101 0.07825601 0.6131125 -0.797177 0.1239814 0.5908785 0.7833389 -0.1145088 0.6109566 0.7617951 -0.2581658 0.5941537 -0.7833389 -0.1145088 0.6109566 -0.7617944 -0.2581691 0.5941532 -0.7617964 -0.2581658 0.5941521 0.7617965 0.2581651 0.5941522 0.7617945 0.2581684 0.5941533 0.7833388 0.1145098 0.6109565 -0.4486917 0.7595352 0.4709373 -0.5251286 0.6484277 0.5511638 -0.728794 0.3817977 0.5684099 -0.7668536 0.2328509 0.5980937 -0.8238394 0.2582468 -0.5045763 -0.7731934 0.4218005 -0.4735572 0.7731923 0.4218032 -0.4735565 0.7731946 0.4218004 -0.4735553 -0.7731946 -0.4218004 -0.4735553 -0.7731923 -0.4218032 -0.4735565 0.8238394 -0.2582468 -0.5045763 0.7731934 -0.4218005 -0.4735572 0.7617956 -0.2581692 0.5941515 0.7149932 -0.4216783 0.5576487 -0.714992 -0.4216817 0.5576478 -0.7149947 -0.4216783 0.5576469 0.7149952 0.4216771 0.5576472 0.7149925 0.4216805 0.5576481 -0.3901149 0.818516 -0.4217131 -0.2875443 0.9059251 -0.3108346 -0.2422651 0.9059249 -0.3472861 0.2875438 0.9059254 -0.3108341 0.2875449 0.905925 -0.310834 -0.2875462 -0.9059242 -0.3108353 -0.2875451 -0.9059245 -0.3108354 0.3901149 -0.818516 -0.4217131 0.2875455 -0.9059242 -0.3108359 0.3310723 -0.8184212 0.4696571 0.2440379 -0.9058684 0.3461906 -0.2440391 -0.9058674 0.3461924 -0.244036 -0.9058685 0.3461917 0.2754943 0.878275 0.3908145 -0.5473848 0.7062698 -0.4489465 -0.4441936 0.818516 -0.3643125 0.4441927 0.8185161 -0.3643134 0.4441943 0.8185154 -0.3643131 -0.4441943 -0.8185154 -0.3643131 -0.4441927 -0.8185161 -0.3643134 0.5473856 -0.7062686 -0.4489473 0.4441936 -0.818516 -0.3643125 0.4884223 -0.7061488 0.5126378 0.3963723 -0.8184211 0.416024 -0.3963735 -0.8184198 0.4160252 -0.396371 -0.8184211 0.4160251 0.3963696 0.8184225 0.4160237 0.3963721 0.8184212 0.4160239 -0.6728282 0.5214667 0.5247616 -0.728794 0.3817959 0.5684112 0.8033754 0 0.5954729 0.8033754 0 0.5954729 0.8003256 -0.08705234 0.5932124 -0.8033754 0 0.5954729 -0.8003256 -0.08705234 0.5932124 0.8003255 0.08705312 0.5932123 -0.8033754 0 0.5954729 0.7149935 -0.4216817 0.5576459 0.6465023 -0.572529 0.5042275 -0.6465017 -0.57253 0.5042271 -0.6465028 -0.5725289 0.5042268 0.6465028 0.5725289 0.5042268 0.6465017 0.57253 0.5042271 -0.1484075 0.9657724 -0.2127416 0.1484079 0.9657724 -0.2127413 0.1484072 0.9657725 -0.2127413 -0.1866601 -0.9452835 -0.2675766 0.1866601 -0.9452835 -0.2675766 0.2302675 0.9166626 0.3266596 0.2555359 0.9061843 0.3369446 -0.2209951 0.9235125 0.3135058 -0.3016323 0.8520098 0.4278986 -0.7731935 0.4218032 -0.4735546 -0.6990888 0.5726668 -0.4281679 0.6990909 0.5726631 -0.4281693 0.6990867 0.5726669 -0.428171 -0.6990903 -0.5726642 -0.4281688 -0.6990861 -0.5726679 -0.4281706 0.7731935 -0.4218032 -0.4735546 0.6990881 -0.5726678 -0.4281675 -0.3611282 0.8520098 0.3790324 -0.4486917 0.7595353 0.4709372 -0.1613078 -0.9659259 -0.202403 -0.13872 -0.9701618 -0.1988537 0.13872 -0.9701618 -0.1988537 0.1613078 -0.9659259 -0.202403 -0.6002867 0.6484281 0.4681847 -0.6728283 0.5214657 0.5247625 0.6465022 -0.57253 0.5042264 0.5583282 -0.7061493 0.4354568 -0.5583283 -0.7061493 0.4354569 -0.5583283 -0.7061493 0.4354569 0.5583283 0.7061493 0.4354569 0.5583283 0.7061493 0.4354569 -0.699089 0.572663 -0.4281724 -0.6037088 0.7062699 -0.3697547 0.6037046 0.7062747 -0.3697522 0.6037121 0.7062698 -0.3697496 -0.603713 -0.7062686 -0.3697502 -0.6037056 -0.7062736 -0.3697528 0.6990884 -0.572664 -0.4281721 0.6037097 -0.7062689 -0.3697552 0.3963723 -0.8184198 0.4160265 0.2440375 -0.9058673 0.3461937 0.2921718 -0.9058674 0.3066592 -0.2921687 -0.9058695 0.306656 -0.2921751 -0.9058673 0.3066564 0.2921767 0.9058662 0.3066582 0.2921704 0.9058684 0.3066577 0.1494969 -0.9657503 0.2120776 -0.1494966 -0.9657505 0.2120773 -0.1494972 -0.9657505 0.2120774 0.1880248 0.9452512 0.2667336 -0.5129096 0.7595353 0.4000375 -0.600287 0.6484265 0.4681865 -0.8785288 0 -0.4776893 -0.8751867 0.08714348 -0.4758721 0.8785288 0 -0.4776893 0.8785288 0 -0.4776893 0.8751867 0.08714348 -0.4758722 -0.8785288 0 -0.4776893 -0.8751866 -0.08714365 -0.4758721 0.8751866 -0.08714365 -0.4758721 -0.4441936 0.8185154 -0.3643141 -0.3274033 0.9059254 -0.2685263 -0.2875444 0.9059253 -0.3108335 0.3274036 0.9059253 -0.2685258 0.327403 0.9059256 -0.268526 -0.327405 -0.9059245 -0.268527 -0.3274043 -0.9059246 -0.2685271 0.4441936 -0.8185154 -0.3643141 0.3274047 -0.9059246 -0.2685274 0.2875456 -0.9059245 -0.3108348 -0.176145 0.9657725 -0.1904115 -0.1484076 0.9657725 -0.2127409 0.1761448 0.9657725 -0.1904113 0.1761452 0.9657724 -0.1904113 -0.1761421 -0.9657736 -0.1904084 -0.1761424 -0.9657735 -0.1904083 0.1761422 -0.9657736 -0.1904085 0.1397399 0.9701419 0.1982358 0.1591591 0.9659059 0.2041913 -0.134846 0.9722259 0.1912941 -0.2209951 0.9235124 0.3135061 -0.2645872 0.9235123 0.2777023 -0.3611279 0.8520118 0.3790283 0.8514836 0 0.5243813 0.8514836 0 0.5243813 0.8482477 -0.08709794 0.5223885 -0.8514836 0 0.5243813 -0.8482478 -0.08709794 0.5223885 0.8669068 0.08692312 0.490833 0.8420692 0.1482928 0.5185834 -0.8514836 0 0.5243813 -0.8488617 0.07841432 0.5227666 0.5583283 -0.7061493 0.4354569 0.4531057 -0.8184193 0.3533907 -0.4531065 -0.8184186 0.3533913 -0.453105 -0.8184195 0.3533914 0.4531035 0.8184208 0.3533902 0.453105 0.81842 0.3533901 -0.8462786 0.2328506 0.4791589 -0.8646487 0.1127544 0.48956 0.864127 -0.1179413 0.4892591 0.8407003 -0.2581695 0.4759952 -0.864127 -0.1179413 0.4892591 -0.8407011 -0.2581662 0.4759956 -0.8406993 -0.2581695 0.475997 0.8406996 0.2581688 0.4759971 0.8407013 0.2581655 0.4759957 -0.8042776 0.381796 0.4553782 -0.8462786 0.2328504 0.4791589 -0.9162623 0 -0.400579 -0.9127919 0.08695232 -0.3990617 0.9162623 0 -0.400579 0.9162623 0 -0.400579 0.9127911 0.08695232 -0.3990637 0.9127922 0.08694946 -0.3990619 -0.9162623 0 -0.400579 -0.9127921 -0.08694964 -0.3990619 -0.9127911 -0.0869525 -0.3990637 0.9127919 -0.0869525 -0.3990617 0.8407001 -0.2581662 0.4759974 0.7890481 -0.4216814 0.4467525 -0.7890499 -0.4216772 0.4467535 -0.7890466 -0.4216815 0.4467551 0.7890471 0.4216805 0.4467553 0.7890504 0.421676 0.4467537 -0.6037076 0.7062749 -0.3697469 -0.489903 0.8185153 -0.3000462 0.489906 0.8185129 -0.3000479 0.4899006 0.8185155 -0.3000497 -0.489906 -0.8185129 -0.3000479 -0.4899006 -0.8185155 -0.3000497 0.6037086 -0.7062738 -0.3697475 0.489903 -0.8185153 -0.3000462 -0.4128117 0.8520118 0.3219663 -0.5129092 0.7595364 0.4000359 -0.8851809 0.2582464 -0.3869928 -0.9127913 0.08694946 -0.3990638 0.8851812 0.2582464 -0.3869923 0.8851808 0.2582471 -0.3869927 -0.8851808 -0.2582471 -0.3869927 -0.8851812 -0.2582464 -0.3869923 0.9127913 -0.08694964 -0.3990638 0.8851809 -0.2582464 -0.3869928 -0.04998272 0.9961768 -0.07164973 0.04998284 0.9961767 -0.07164967 0.04998266 0.9961768 -0.07164967 -0.09464013 -0.9862241 -0.1356657 0.09464013 -0.9862242 -0.1356656 -0.7425165 0.5214656 0.4204081 -0.8042775 0.3817979 0.4553769 -0.05842453 -0.9961828 -0.06485718 -0.04499769 -0.9969024 -0.06450349 0.04499769 -0.9969024 -0.06450349 0.05842453 -0.9961828 -0.06485718 0.2921717 -0.9058697 0.3066529 0.1494969 -0.9657505 0.212077 0.1789857 -0.9657504 0.187857 -0.1789877 -0.9657496 0.1878591 -0.1789835 -0.9657505 0.1878589 0.1789816 0.9657512 0.1878569 0.1789858 0.9657504 0.1878571 -0.8307629 0.4218031 -0.3632012 -0.885181 0.2582471 -0.3869923 0.8307617 0.4218032 -0.3632041 0.8307645 0.4217994 -0.3632019 -0.8307617 -0.4218032 -0.3632041 -0.8307645 -0.4217994 -0.3632019 0.885181 -0.2582471 -0.3869923 0.8307629 -0.4218031 -0.3632012 0.7890484 -0.4216771 0.4467561 0.7134611 -0.57253 0.4039588 -0.7134603 -0.5725313 0.4039584 -0.7134616 -0.5725299 0.4039579 0.7134616 0.5725299 0.4039579 0.7134603 0.5725313 0.4039584 -0.1348461 0.9722259 0.1912937 -0.1614437 0.972226 0.1694481 -0.2645874 0.9235113 0.2777059 0.05035054 -0.9961742 0.07142752 -0.05035054 -0.9961742 0.07142752 -0.05035048 -0.9961742 0.07142752 0.09535503 0.9862095 0.1352711 0.4531059 -0.8184186 0.3533921 0.3339864 -0.9058696 0.2604869 -0.3339874 -0.905869 0.2604877 -0.3339854 -0.9058697 0.2604879 0.3339873 0.9058685 0.2604894 0.3339893 0.9058678 0.2604892 -0.6624628 0.6484265 0.3750814 -0.7425162 0.5214667 0.4204071 -0.3274033 0.9059256 -0.2685256 -0.200562 0.9657725 -0.1644944 -0.176145 0.9657725 -0.1904112 0.2005622 0.9657724 -0.164494 0.2005617 0.9657726 -0.1644942 -0.2005585 -0.9657737 -0.1644916 -0.2005591 -0.9657737 -0.1644915 0.3274046 -0.9059247 -0.2685267 0.1761423 -0.9657737 -0.1904082 0.2005588 -0.9657736 -0.1644918 0.04532539 0.9969008 0.06429892 0.05647748 0.9961935 0.06639742 -0.04532539 0.9969007 0.06429892 -0.7511416 0.5726633 -0.3283947 -0.8307633 0.4217994 -0.3632048 0.7511441 0.5726631 -0.3283893 0.7511379 0.5726691 -0.3283931 -0.7511372 -0.5726702 -0.3283928 -0.7511435 -0.5726641 -0.328389 0.8307633 -0.4217994 -0.3632048 0.7511409 -0.5726643 -0.3283944 0.887739 0 0.4603471 0.887739 0 0.4603471 0.8843654 -0.08709794 0.4585977 -0.887739 0 0.4603471 -0.8843654 -0.08709794 0.4585977 0.8843653 0.08709871 0.4585977 -0.887739 0 0.4603471 -0.8850061 0.07840555 0.45893 0.7134608 -0.5725313 0.4039574 0.6161552 -0.7061494 0.3488636 -0.6161527 -0.7061523 0.3488621 -0.6161568 -0.7061493 0.348861 0.6161568 0.7061493 0.348861 0.6161527 0.7061523 0.3488621 -0.3024552 0.9235113 0.2358978 -0.4128127 0.8520099 0.3219704 -0.489904 0.8185127 -0.3000518 -0.3610925 0.9059255 -0.2211585 0.3610916 0.905926 -0.221158 0.3610932 0.9059255 -0.2211574 -0.3610948 -0.9059246 -0.2211584 -0.3610932 -0.9059252 -0.2211589 0.489904 -0.8185127 -0.3000518 0.3610941 -0.9059247 -0.2211595 -0.05932444 0.9961767 -0.06412917 -0.04998278 0.9961767 -0.07164955 0.05932474 0.9961767 -0.06412947 0.05932396 0.9961767 -0.06412959 -0.05932617 -0.9961765 -0.06413108 -0.05932545 -0.9961766 -0.0641312 0.05932593 -0.9961766 -0.06413078 -0.5660358 0.7595365 0.3204804 -0.6624606 0.6484327 0.3750746 -0.6486573 0.7062748 -0.2835836 -0.7511401 0.5726693 -0.3283876 0.6486551 0.7062749 -0.2835883 0.6486611 0.7062706 -0.2835853 -0.648656 -0.7062739 -0.2835887 -0.648662 -0.7062696 -0.2835857 0.7511394 -0.5726704 -0.3283873 0.6486583 -0.7062737 -0.283584 0.616154 -0.7061524 0.3488594 0.5000367 -0.8184186 0.2831152 -0.5000377 -0.8184179 0.2831157 -0.5000362 -0.8184186 0.2831161 0.5000345 0.8184201 0.2831151 0.500036 0.8184193 0.2831147 0.1789857 -0.9657496 0.1878612 0.05035048 -0.9961741 0.07142758 0.06028157 -0.9961742 0.0632708 -0.06028127 -0.9961742 0.06327044 -0.06028199 -0.9961742 0.06327044 0.06028199 0.9961742 0.06327044 0.06028127 0.9961742 0.06327044 0.3339867 -0.9058689 0.2604888 0.2046033 -0.9657496 0.1595779 -0.2046023 -0.96575 0.159577 -0.2046042 -0.9657496 0.1595768 0.2046021 0.9657503 0.1595752 0.2046001 0.9657507 0.1595754 -0.04532539 0.9969008 0.06429892 -0.05426555 0.9969008 0.05695599 -0.1614437 0.9722259 0.169448 -0.4555737 0.8520098 0.2579373 -0.566035 0.7595379 0.3204784 -0.184551 0.972226 0.1439363 -0.3024539 0.9235132 0.2358919 0 1 0 0 1 0 0 1 0 0 1 0 0 1 0 0 1 0 0 1 0 0 1 0 0 1 0 0 1 0 0 1 0 0 1 0 0 1 0 0 1 0 0 1 0 0 1 0 0 1 0 0 -1 0 0 -1 0 0 -1 0 0 -1 0 0 -1 0 0 -1 0 0 -1 0 0 -1 0 0 -1 0 0 -1 0 0 1 0 0 1 0 0 1 0 0 1 0 0 1 0 0 1 0 0 1 0 0 1 0 0 1 0 0 1 0 0 1 0 0 1 0 0 1 0 0 1 0 0 1 0 0 1 0 0 1 0 0 1 0 0 1 0 0 1 0 0 1 0 0 1 0 0 1 0 0 -1 0 0 -1 0 0 -1 0 0 -1 0 0 -1 0 0 -1 0 0 -1 0 0 -1 0 0 -1 0 0 -1 0 0 -1 0 0 -1 0 0 -1 0 0 -1 0 0 -1 0 0 -1 0 0 -1 0 -0.5263806 0.8185129 -0.2301306 -0.6486591 0.7062705 -0.2835901 0.5263831 0.8185127 -0.2301255 0.5263764 0.8185161 -0.2301288 -0.5263764 -0.8185161 -0.2301288 -0.5263831 -0.8185127 -0.2301255 0.6486601 -0.7062694 -0.2835905 0.5263806 -0.8185129 -0.2301306 0.9239489 0 0.382516 0.9239489 0 0.382516 0.9204413 -0.08705228 0.3810638 -0.9239489 0 0.382516 -0.9204413 -0.08705228 0.3810638 0.9204413 0.087053 0.3810638 -0.9239489 0 0.382516 -0.9211075 0.07836472 0.3813397 -0.200562 0.9657725 -0.1644938 -0.06754833 0.9961766 -0.05540072 -0.05932426 0.9961767 -0.06412994 0.06754845 0.9961767 -0.05540055 0.06754821 0.9961767 -0.05540066 -0.06754988 -0.9961766 -0.05540204 -0.06755018 -0.9961766 -0.05540198 0.2005588 -0.9657737 -0.1644912 0.05932575 -0.9961765 -0.06413155 0.06755 -0.9961766 -0.0554021 -0.9074046 0.2328497 0.3498539 -0.9275001 0.1089232 0.3576018 0.9269157 -0.1145011 0.3573752 0.9014221 -0.2581665 0.3475461 -0.9269157 -0.1145011 0.3573751 -0.9014227 -0.2581641 0.3475463 -0.9014216 -0.2581665 0.3475474 0.9014217 0.2581657 0.3475475 0.9269155 0.1145021 0.357375 0.9014229 0.2581633 0.3475463 -0.3610923 0.9059261 -0.2211568 -0.2211995 0.9657726 -0.1354773 0.2212004 0.9657722 -0.1354778 0.2211987 0.9657726 -0.1354784 -0.2211969 -0.9657734 -0.1354756 -0.2211952 -0.9657737 -0.1354762 0.3610938 -0.9059253 -0.2211578 0.2211961 -0.9657737 -0.1354751 0.5000372 -0.8184179 0.2831166 0.3685802 -0.9058688 0.2086868 -0.3685803 -0.9058688 0.2086868 -0.3685802 -0.9058689 0.2086869 0.3685823 0.9058678 0.2086881 0.3685824 0.9058677 0.208688 -0.8623689 0.3817986 0.3324903 -0.9074046 0.2328496 0.3498541 0.9014222 -0.258164 0.3475477 0.8460406 -0.4216776 0.326195 -0.8460404 -0.4216782 0.326195 -0.8460408 -0.4216776 0.3261947 0.8460409 0.4216771 0.3261951 0.8460413 0.4216765 0.3261949 -0.3337805 0.9235131 0.188982 -0.455575 0.8520084 0.2579403 -0.7961473 0.5214661 0.306957 -0.8623685 0.3818006 0.3324888 0.8460405 -0.4216782 0.3261946 0.7649932 -0.5725314 0.2949464 -0.7649931 -0.5725315 0.2949464 -0.7649931 -0.5725314 0.2949463 0.7649931 0.5725315 0.2949464 0.7649931 0.5725314 0.2949463 0.204603 -0.96575 0.1595759 0.06028163 -0.9961742 0.06327009 0.0689094 -0.9961742 0.05374449 -0.0689094 -0.9961742 0.05374449 -0.06890946 -0.9961742 0.05374449 0.06890946 0.9961742 0.05374449 0.0689094 0.9961742 0.05374449 0 1 0 0 1 0 0 -1 0 0 -1 0 -0.9624875 0 -0.271326 -0.9588424 0.08694905 -0.2702984 0.9624875 0 -0.271326 0.9624875 0 -0.271326 0.9588433 0.08694905 -0.2702954 0.958842 0.0869534 -0.2702983 -0.9624875 0 -0.271326 -0.958842 -0.08695358 -0.2702983 -0.9588432 -0.08694922 -0.2702954 0.9588423 -0.08694922 -0.2702984 -0.05426555 0.9969008 0.05695575 -0.06203204 0.9969009 0.04838109 -0.1845514 0.9722256 0.1439385 0 -1 0 0 -1 0 0 -1 0 0 -1 0 0 -1 0 0 -1 0 0 -1 0 0 1 0 0 1 0 0 1 0 0 1 0 -0.9298397 0.2582469 -0.2621194 -0.9588428 0.0869534 -0.2702953 0.9298402 0.2582468 -0.2621178 0.9298392 0.2582491 -0.2621192 -0.9298392 -0.2582491 -0.2621192 -0.9298402 -0.2582468 -0.2621178 0.9588429 -0.08695358 -0.2702953 0.9298397 -0.2582469 -0.2621194 -0.7103062 0.6484332 0.2738607 -0.7961473 0.5214662 0.306957 -0.3879793 0.9059259 -0.1696178 -0.5263784 0.8185163 -0.2301235 0.3879777 0.9059261 -0.169621 0.387982 0.9059247 -0.169619 -0.3879793 -0.9059252 -0.1696217 -0.3879836 -0.9059239 -0.1696197 0.5263784 -0.8185163 -0.2301235 0.3879809 -0.9059251 -0.1696185 -0.8726782 0.4217996 -0.2460041 -0.9298396 0.2582491 -0.2621176 0.8726781 0.4217995 -0.2460045 0.8726783 0.4217991 -0.2460042 -0.8726781 -0.4217995 -0.2460045 -0.8726783 -0.4217991 -0.2460042 0.9298396 -0.2582491 -0.2621176 0.8726782 -0.4217996 -0.2460041 0.7649931 -0.5725314 0.2949463 0.6606568 -0.7061521 0.254719 -0.6606594 -0.7061493 0.25472 -0.6606558 -0.7061522 0.2547215 0.6606594 0.7061493 0.25472 0.6606558 0.7061522 0.2547215 0.3685803 -0.9058688 0.208687 0.2257944 -0.96575 0.1278429 -0.2257944 -0.96575 0.1278429 -0.2257943 -0.96575 0.1278429 0.2257919 0.9657507 0.1278415 0.2257921 0.9657508 0.1278415 -0.2036664 0.9722256 0.1153146 -0.3337818 0.923512 0.1889851 -0.6069148 0.7595378 0.2340015 -0.7103088 0.648428 0.2738661 -0.7890354 0.5726692 -0.2224259 -0.8726782 0.421799 -0.2460045 0.7890343 0.5726692 -0.2224295 0.7890378 0.5726654 -0.2224267 -0.7890372 -0.5726665 -0.2224265 -0.7890335 -0.5726702 -0.2224293 0.8726782 -0.421799 -0.2460045 0.7890347 -0.5726701 -0.2224258 -0.2211997 0.9657722 -0.135479 -0.07449859 0.9961767 -0.04562842 -0.06754833 0.9961767 -0.05540049 0.07449865 0.9961767 -0.04562848 0.07449847 0.9961767 -0.04562854 -0.07450056 -0.9961766 -0.04562962 -0.07450032 -0.9961765 -0.04562968 0.2211962 -0.9657734 -0.1354769 0.06755 -0.9961766 -0.05540186 0.07450044 -0.9961766 -0.04562956 0.6606585 -0.7061492 0.2547226 0.5361527 -0.8184179 0.2067183 -0.53615 -0.8184199 0.2067172 -0.5361539 -0.8184177 0.2067158 0.5361482 0.8184213 0.2067165 0.5361521 0.8184191 0.2067151 0 1 0 0 1 0 0 -1 0 0 -1 0 -0.6813852 0.7062706 -0.1920832 -0.7890369 0.5726653 -0.2224303 0.6813868 0.7062704 -0.1920785 0.6813816 0.7062745 -0.1920821 -0.6813879 -0.7062693 -0.1920788 -0.6813827 -0.7062734 -0.1920824 0.7890362 -0.5726663 -0.2224301 0.6813863 -0.7062695 -0.1920835 -0.4884783 0.8520084 0.1883372 -0.6069147 0.7595378 0.2340014 0.0689094 -0.9961742 0.05374449 0 -1 0 -0.06203198 0.9969009 0.04838055 -0.23767 0.9657723 -0.1039076 -0.3879806 0.9059246 -0.1696223 0.2376703 0.9657724 -0.1039071 0.2376696 0.9657725 -0.1039074 -0.2376658 -0.9657735 -0.1039058 -0.2376665 -0.9657734 -0.1039054 0.3879823 -0.9059237 -0.169623 0.2376663 -0.9657734 -0.103906 0.9495698 0 0.3135557 0.9495698 0 0.3135557 0.9459586 -0.08713012 0.3123632 -0.9495698 0 0.3135557 -0.9459586 -0.08713012 0.3123632 0.9459584 0.0871309 0.3123632 -0.9495698 0 0.3135557 -0.9466446 0.07843297 0.3125897 0.2257944 -0.96575 0.127843 0.07604652 -0.9961742 0.0430569 -0.07604694 -0.9961742 0.04305714 -0.07604622 -0.9961742 0.04305732 0.07604622 0.9961742 0.04305732 0.07604694 0.9961742 0.04305714 -0.068457 0.9969009 0.03875923 -0.2036654 0.9722261 0.115312 0.5361509 -0.8184199 0.2067146 0.3952021 -0.9058688 0.1523714 -0.3952004 -0.9058696 0.1523707 -0.3952028 -0.9058688 0.1523698 0.3952027 0.9058685 0.1523716 0.3952051 0.9058676 0.1523706 -0.5529341 0.8185163 -0.1558685 -0.6813828 0.7062746 -0.1920773 0.552933 0.8185164 -0.1558717 0.5529367 0.8185144 -0.1558693 -0.5529367 -0.8185144 -0.1558693 -0.552933 -0.8185164 -0.1558717 0.6813838 -0.7062735 -0.1920776 0.5529341 -0.8185163 -0.1558685 -0.3578904 0.9235121 0.1379853 -0.4884756 0.8520108 0.1883326 0 1 0 -0.07449859 0.9961767 -0.04562866 0 1 0 0 1 0 0 1 0 0 -1 0 0 -1 0 0 -1 0 0 -1 0 0.07450044 -0.9961765 -0.04562979 0.9729642 0 0.2309564 0.9729642 0 0.2309564 0.9692755 -0.08699327 0.2300808 -0.9729642 0 0.2309564 -0.9692755 -0.08699327 0.2300808 0.9692755 0.08699399 0.2300808 -0.9729642 0 0.2309564 -0.9699762 0.07831019 0.2302471 -0.9489039 0.2328485 0.212986 -0.9710795 0.09744995 0.2179634 0.3952009 -0.9058697 0.1523691 0.2421035 -0.96575 0.0933426 -0.2421043 -0.9657498 0.0933429 -0.2421032 -0.96575 0.09334337 0.2421017 0.9657505 0.09334194 0.2421007 0.9657507 0.09334236 0.9704137 -0.1041873 0.2178125 0.9426478 -0.2581644 0.2115804 -0.9704137 -0.1041873 0.2178125 -0.9426481 -0.2581634 0.2115805 -0.9426476 -0.2581644 0.211581 0.9704136 0.1041883 0.2178125 0.9426483 0.2581626 0.2115805 0.9426478 0.2581637 0.2115811 -0.08004581 0.9961767 -0.03499519 -0.2376698 0.9657725 -0.1039069 0.08004623 0.9961767 -0.03499442 0.08004528 0.9961767 -0.03499501 -0.0800473 -0.9961766 -0.03499585 -0.0800482 -0.9961766 -0.03499531 0.2376661 -0.9657736 -0.1039053 0.08004778 -0.9961765 -0.03499609 -0.9018073 0.3818003 0.2024157 -0.948904 0.2328472 0.2129867 0.9426479 -0.2581634 0.2115811 0.8847333 -0.421678 0.1985819 -0.8847322 -0.4216802 0.1985816 -0.8847336 -0.4216779 0.1985804 0.8847342 0.4216768 0.1985805 0.8847327 0.4216791 0.1985818 -0.2183745 0.972226 0.08419692 -0.3578931 0.9235103 0.13799 -0.407555 0.9059246 -0.1148897 -0.552936 0.8185143 -0.1558725 0.4075553 0.9059246 -0.1148887 0.4075542 0.9059249 -0.1148895 -0.4075571 -0.9059237 -0.1148892 -0.4075559 -0.9059242 -0.1148899 0.552936 -0.8185143 -0.1558725 0.4075567 -0.9059237 -0.1148902 0.0760467 -0.9961742 0.04305762 0 -1 0 -0.06845742 0.9969008 0.03876054 -0.8325574 0.5214672 0.1868695 -0.901806 0.381805 0.2024124 0.8847326 -0.4216802 0.1985802 0.7999793 -0.5725317 0.1795571 -0.7999804 -0.5725299 0.1795573 -0.7999789 -0.5725317 0.1795585 0.7999804 0.5725299 0.1795573 0.7999789 0.5725317 0.1795585 -0.7427956 0.6484272 0.1667238 -0.8325586 0.5214646 0.1868715 0.7999802 -0.5725299 0.1795587 0.6908736 -0.7061496 0.1550694 -0.690874 -0.7061493 0.1550694 -0.6908735 -0.7061496 0.1550697 0.690874 0.7061493 0.1550694 0.6908735 0.7061496 0.1550697 0.2421041 -0.9657498 0.09334367 0.08153963 -0.9961742 0.03143775 -0.08153957 -0.9961742 0.03143769 -0.08153969 -0.9961742 0.03143763 0.08153957 0.9961742 0.03143769 0.08153969 0.9961742 0.03143763 -0.07340198 0.9969008 0.02830082 -0.2183742 0.9722262 0.08419632 -0.6346727 0.7595379 0.1424525 -0.7427931 0.6484311 0.1667202 -0.2496607 0.9657724 -0.0703786 -0.4075544 0.905925 -0.1148884 0.2496607 0.9657724 -0.07037842 0.2496605 0.9657725 -0.0703786 -0.2496566 -0.9657736 -0.07037746 -0.2496568 -0.9657735 -0.07037729 0.4075561 -0.9059242 -0.1148889 0.2496567 -0.9657735 -0.07037752 0.6908738 -0.7061492 0.1550698 0.560671 -0.8184198 0.1258451 -0.5606683 -0.8184218 0.1258445 -0.5606717 -0.8184198 0.1258426 0.5606664 0.8184232 0.1258441 0.5606698 0.8184212 0.1258422 -0.9822104 0 -0.1877836 -0.9784739 0.08714491 -0.1870693 0.9822104 0 -0.1877836 0.9822104 0 -0.1877836 0.9784739 0.08714491 -0.1870692 -0.9822104 0 -0.1877836 -0.9784737 -0.08714509 -0.1870692 0.9784737 -0.08714509 -0.1870692 -0.9851341 0.104696 -0.1361974 -0.956976 0.2582489 -0.1323044 0.9851341 0.104696 -0.1361974 0.9569765 0.2582467 -0.1323046 0.9569757 0.2582489 -0.1323062 -0.985134 -0.1046962 -0.1361973 -0.9569765 -0.2582467 -0.1323046 -0.9569757 -0.2582489 -0.1323062 0.985134 -0.1046962 -0.1361973 0.956976 -0.2582489 -0.1323044 0 1 0 0 1 0 0 1 0 -0.08004564 0.9961767 -0.03499412 0 1 0 0 -1 0 0 -1 0 0 -1 0 0 -1 0 0.0800476 -0.9961766 -0.03499501 -0.5108148 0.852011 0.1146547 -0.6346752 0.7595353 0.1424557 -0.9569763 0.2582466 -0.1323062 -0.8981465 0.4217988 -0.1241728 0.8981455 0.4218008 -0.1241726 0.8981466 0.4217987 -0.124171 -0.8981466 -0.4217987 -0.124171 -0.8981455 -0.4218008 -0.1241726 0.9569763 -0.2582466 -0.1323062 0.8981465 -0.4217988 -0.1241728 -0.8981457 0.4218009 -0.1241708 -0.812065 0.5726656 -0.1122699 0.812066 0.5726641 -0.1122701 0.8120648 0.5726656 -0.1122715 -0.8120653 -0.5726652 -0.11227 -0.8120641 -0.5726667 -0.1122714 0.8981457 -0.4218009 -0.1241708 0.8120643 -0.5726667 -0.1122699 0.5606687 -0.8184219 0.125842 0.4132747 -0.9058696 0.09275937 -0.4132765 -0.9058687 0.09275978 -0.4132742 -0.9058697 0.09276115 0.4132788 0.9058676 0.09276032 0.4132766 0.9058685 0.09276169 0.08153957 -0.9961742 0.03143763 0 -1 0 0 -1 0 0 -1 0 0 -1 0 0 -1 0 -0.07340157 0.9969009 0.02829998 -0.3742609 0.9235104 0.08400654 -0.5108175 0.8520089 0.114658 -0.08408373 0.9961768 -0.02370285 -0.2496606 0.9657725 -0.07037836 0.08408343 0.9961767 -0.02370369 0.08408427 0.9961767 -0.02370303 -0.08408635 -0.9961766 -0.02370363 -0.08408552 -0.9961766 -0.02370429 0.2496566 -0.9657736 -0.07037729 0.08408582 -0.9961766 -0.02370345 -0.8120658 0.572664 -0.1122717 -0.7012678 0.7062745 -0.09695333 0.7012684 0.7062738 -0.09695345 0.7012676 0.7062745 -0.09695416 -0.7012687 -0.7062733 -0.09695434 -0.7012695 -0.7062727 -0.09695357 0.8120651 -0.572665 -0.1122716 0.7012688 -0.7062733 -0.09695351 -0.992784 0 -0.1199163 -0.9890161 0.08704143 -0.1194612 0.992784 0 -0.1199163 0.992784 0 -0.1199163 0.9890161 0.08704143 -0.1194612 -0.992784 0 -0.1199163 -0.989016 -0.08704161 -0.1194612 0.989016 -0.08704161 -0.1194612 0.4132763 -0.9058687 0.09276157 0.2531762 -0.9657498 0.05682647 -0.2531763 -0.9657498 0.05682647 -0.2531762 -0.9657498 0.05682647 0.2531736 0.9657505 0.05682587 0.2531736 0.9657505 0.05682587 -0.2283617 0.9722262 0.05125653 -0.3742586 0.9235118 0.08400356 -0.7012683 0.7062737 -0.09695428 -0.5690732 0.8185142 -0.07867753 0.5690727 0.8185146 -0.07867747 0.5690733 0.8185142 -0.07867693 -0.5690727 -0.8185146 -0.07867747 -0.5690733 -0.8185142 -0.07867693 0.7012693 -0.7062726 -0.0969544 0.5690732 -0.8185142 -0.07867753 0.2531763 -0.9657498 0.05682653 0.08526855 -0.9961742 0.01913887 -0.08526861 -0.9961742 0.01913887 -0.08526861 -0.9961742 0.01913887 0.08526861 0.9961742 0.01913887 0.08526861 0.9961742 0.01913887 0.9873138 0 0.1587816 0.9873138 0 0.1587816 0.9835574 -0.08714818 0.1581775 -0.9873138 0 0.1587816 -0.9835574 -0.08714818 0.1581775 0.9835574 0.08714896 0.1581775 -0.9873138 0 0.1587816 -0.9842711 0.07844686 0.1582923 -0.5690727 0.8185147 -0.07867687 -0.4194485 0.905925 -0.05799061 0.4194481 0.9059251 -0.05799055 0.4194486 0.905925 -0.05799025 -0.4194503 -0.9059241 -0.05799049 -0.4194499 -0.9059243 -0.05799078 0.5690727 -0.8185147 -0.07867687 0.4194503 -0.9059242 -0.05799084 -0.08408409 0.9961767 -0.02370387 0.08408617 -0.9961766 -0.02370446 -0.0767585 0.9969009 0.0172283 -0.2283607 0.9722265 0.0512551 -0.4194482 0.9059252 -0.05799025 -0.2569467 0.9657725 -0.03552377 0.2569465 0.9657725 -0.03552377 0.2569467 0.9657725 -0.03552359 -0.2569424 -0.9657736 -0.03552317 -0.2569426 -0.9657737 -0.03552299 0.4194499 -0.9059243 -0.05799049 0.2569426 -0.9657737 -0.03552323 0.9972928 0 0.07353377 0.9972928 0 0.07353377 0.9935182 -0.08692073 0.07325547 -0.9972928 0 0.07353377 -0.9935184 -0.08692067 0.07325369 -0.993518 -0.08692371 0.07325541 0.9935183 0.08692145 0.07325369 0.9935178 0.08692449 0.07325541 -0.9972928 0 0.07353377 -0.9942355 0.07824164 0.07330834 0.08526861 -0.9961742 0.01913887 0 -1 0 -0.07675886 0.9969008 0.01722884 -0.9698806 0.2328476 0.07150882 -0.9942352 0.07824885 0.07330447 0.9935181 -0.08692377 0.07325363 0.963486 -0.258163 0.07103931 -0.9634869 -0.2581596 0.07103937 -0.9634858 -0.258163 0.07104146 0.9634871 0.2581589 0.07103943 0.963486 0.2581623 0.07104146 -0.9217416 0.3818041 0.06795746 -0.9698798 0.2328516 0.07150655 0.9634868 -0.2581596 0.07104152 0.9042897 -0.4216804 0.06667667 -0.90429 -0.4216798 0.06667673 -0.9042897 -0.4216804 0.06667709 0.9042905 0.4216787 0.06667673 0.9042902 0.4216793 0.06667715 -0.8509629 0.5214646 0.06274348 -0.9217444 0.3817962 0.0679624 0.90429 -0.4216798 0.06667715 0.8176642 -0.57253 0.06028985 -0.8176611 -0.5725343 0.06028962 -0.8176645 -0.5725299 0.06028628 0.8176645 0.5725299 0.06028628 0.8176611 0.5725343 0.06028962 -0.7592126 0.6484311 0.05597734 -0.8509618 0.5214665 0.06274211 0.8176612 -0.5725345 0.06028604 0.7061467 -0.7061488 0.05206412 -0.7061478 -0.7061478 0.05206418 -0.7061467 -0.7061488 0.05206507 0.7061478 0.7061478 0.05206418 0.7061467 0.7061488 0.05206507 -0.2569465 0.9657726 -0.03552353 -0.08653819 0.9961767 -0.01196414 0.08653813 0.9961767 -0.01196414 0.08653819 0.9961767 -0.01196408 -0.08654028 -0.9961766 -0.01196444 -0.08654034 -0.9961766 -0.01196438 0.2569425 -0.9657737 -0.03552299 0.08654034 -0.9961766 -0.01196444 -0.6487049 0.7595356 0.0478304 -0.7592135 0.6484299 0.05597841 0.7061478 -0.7061478 0.05206513 0.5730624 -0.8184218 0.0422526 -0.5730649 -0.81842 0.04225277 -0.5730621 -0.8184219 0.04225492 0.573063 0.8184214 0.04225265 0.5730602 0.8184233 0.0422548 -0.52211 0.852009 0.03849494 -0.648703 0.7595372 0.04782861 0.5730648 -0.81842 0.04225516 0.4224118 -0.9058688 0.0311467 -0.4224106 -0.9058693 0.03114658 -0.4224119 -0.9058687 0.03114557 0.422413 0.9058682 0.03114676 0.4224143 0.9058676 0.03114575 -0.3825322 0.9235116 0.02820438 -0.5221107 0.8520085 0.0384956 -0.08653813 0.9961767 -0.01196408 0.08654034 -0.9961766 -0.01196438 0.4224106 -0.9058694 0.03114545 0.2587728 -0.9657498 0.01907998 -0.2587726 -0.9657498 0.01907998 -0.2587728 -0.9657498 0.0190798 0.2587699 0.9657506 0.0190798 0.2587701 0.9657505 0.01907956 -0.2334088 0.9722265 0.01720839 -0.3825304 0.9235123 0.02820265 0.2587726 -0.9657498 0.0190798 0.08715349 -0.9961742 0.006425976 -0.08715349 -0.9961741 0.006425976 -0.08715349 -0.9961742 0.006425917 0.08715349 0.9961741 0.006425976 0.08715349 0.9961742 0.006425917 -0.07845568 0.9969008 0.00578469 -0.2334101 0.9722261 0.01720976 -0.9994102 0 -0.03434205 -0.9956114 0.08710545 -0.03421151 0.9994102 0 -0.03434205 0.9994102 0 -0.03434205 0.9956114 0.08710545 -0.03421151 -0.9994102 0 -0.03434205 -0.9956114 -0.08710563 -0.03421151 0.9956114 -0.08710563 -0.03421151 -0.9938662 0.1105896 0 -0.9660792 0.258246 0 0.9660792 0.258246 0 0.9660792 0.258246 0 0.9962125 0.08695256 0 0.9904289 0.1337624 0.03403341 -0.9962125 -0.08695274 0 -0.9904288 -0.1337627 0.03403341 -0.9660792 -0.258246 0 -0.9660792 -0.258246 0 0.9938662 -0.1105899 0 0.9660792 -0.258246 0 -0.9660792 0.258246 0 -0.9066883 0.421801 0 0.9066884 0.4218011 0 0.9066884 0.4218011 0 -0.9066884 -0.4218011 0 -0.9066884 -0.4218011 0 0.9660792 -0.258246 0 0.9066883 -0.421801 0 0.08715349 -0.9961742 0.006425917 0 -1 0 -0.07845568 0.9969008 0.00578463 -0.9066884 0.4218011 0 -0.8197903 0.5726639 0 0.8197902 0.572664 0 0.8197903 0.5726639 0 -0.8197895 -0.5726649 0 -0.8197895 -0.5726649 0 0.9066884 -0.4218011 0 0.8197896 -0.5726649 0 -0.8197902 0.572664 0 -0.7079389 0.7062737 0 0.7079389 0.7062737 0 0.7079389 0.7062737 0 -0.7079399 -0.7062726 0 -0.70794 -0.7062726 0 0.8197895 -0.5726649 0 0.70794 -0.7062727 0 -0.7079389 0.7062737 0 -0.5744855 0.8185148 0 0.5744855 0.8185148 0 0.5744855 0.8185148 0 -0.5744855 -0.8185148 0 -0.5744855 -0.8185148 0 0.7079399 -0.7062726 0 0.5744855 -0.8185148 0 -0.5744855 0.8185148 0 -0.423438 0.9059251 0 0.423438 0.905925 0 0.423438 0.9059251 0 -0.4234398 -0.9059242 0 -0.4234398 -0.9059242 0 0.5744855 -0.8185148 0 0.4234398 -0.9059242 0 -0.423438 0.905925 0 -0.2593905 0.9657725 0 0.2593906 0.9657725 0 0.2593906 0.9657725 0 -0.2593865 -0.9657736 0 -0.2593865 -0.9657736 0 0.4234398 -0.9059242 0 0.2593865 -0.9657736 0 -0.2593906 0.9657725 0 -0.08736127 0.9961767 0 0.08736127 0.9961767 0 0.08736127 0.9961767 0 -0.08736342 -0.9961765 0 -0.08736342 -0.9961764 0 0.2593865 -0.9657736 0 0.08736342 -0.9961765 0 -0.08736127 0.9961767 0 0.08736342 -0.9961764 0 0.7061478 0.7061478 -0.05206513 0.8176612 0.5725344 -0.06028604 0.7061468 0.7061487 -0.05206412 0.963487 0.2581589 -0.07104152 0.9935181 0.08692455 -0.07325363 0.9634863 0.2581623 -0.07103937 0.9042905 0.4216787 -0.06667715 0.8176642 0.5725299 -0.0602898 0.5730604 0.8184232 -0.04225242 0.5730628 0.8184213 -0.04225498 0.4224144 0.9058675 -0.03114688 0.422413 0.9058682 -0.03114545 0.9935182 0.08692145 -0.07325547 0.5730649 -0.81842 -0.04225277 0.5730621 -0.8184219 -0.04225492 0.4224106 -0.9058693 -0.03114658 0.9042902 0.4216793 -0.06667673 0.25877 0.9657505 -0.01907968 0.2587699 0.9657506 -0.01907956 0.08715349 0.9961742 -0.006425917 0.7061478 -0.7061478 -0.05206418 0.7061467 -0.7061488 -0.05206507 0.8176611 -0.5725343 -0.06028962 0.8176645 -0.5725299 -0.06028634 0.90429 -0.4216798 -0.06667673 0.9042897 -0.4216805 -0.06667709 0.9935184 -0.08692067 -0.07325369 0.993518 -0.08692371 -0.07325541 0.9634869 -0.2581596 -0.07103937 0.08715349 0.9961742 -0.006425976 0.2587726 -0.9657498 -0.01907986 0.2587727 -0.9657498 -0.01907974 0.08715349 -0.9961742 -0.006425976 0.4224121 -0.9058687 -0.03114539 0.08715349 -0.9961742 -0.006425917 -0.9994102 0 0.03434205 -0.9956114 0.08710545 0.03421151 -0.9994102 0 0.03434205 0.9972928 0 -0.07353377 0.9972928 0 -0.07353377 0.9634858 -0.258163 -0.07104146 -0.9942349 0.07824879 -0.07330828 -0.3825303 0.9235123 -0.02820426 -0.5221099 0.852009 -0.03849554 -0.5221107 0.8520086 -0.038495 -0.7592135 0.6484299 -0.0559774 -0.8509631 0.5214646 -0.06274223 -0.8509618 0.5214665 -0.06274342 -0.9634868 -0.2581596 -0.07104152 -0.9042897 -0.4216803 -0.06667667 -0.90429 -0.4216798 -0.06667715 -0.9698797 0.2328515 -0.07150876 -0.9942357 0.07824158 -0.07330453 -0.648703 0.7595371 -0.04783022 -0.7592124 0.6484311 -0.05597829 -0.07845562 0.9969008 -0.00578463 -0.2334086 0.9722265 -0.01720964 -0.2334101 0.972226 -0.01720851 -0.4224106 -0.9058694 -0.03114533 -0.2587727 -0.9657498 -0.01907992 -0.2587726 -0.9657498 -0.0190798 -0.6487051 0.7595355 -0.04782879 -0.9935181 -0.08692377 -0.07325363 -0.9935182 -0.08692073 -0.07325547 -0.9217447 0.3817963 -0.06795769 -0.9698808 0.2328476 -0.07150667 -0.3825324 0.9235115 -0.02820277 -0.08715349 -0.9961742 -0.006425917 -0.8176612 -0.5725344 -0.06028604 -0.7061468 -0.7061487 -0.05206412 -0.7061478 -0.7061478 -0.05206513 -0.9217411 0.3818042 -0.06796216 -0.8176642 -0.5725299 -0.0602898 -0.07845568 0.9969008 -0.00578463 -0.5730624 -0.8184218 -0.0422526 -0.5730648 -0.81842 -0.04225516 -0.963486 -0.258163 -0.07103931 -0.08715349 -0.9961742 -0.006425976 -0.422412 -0.9058687 -0.0311467 0 -1 0 -0.9972928 0 -0.07353377 -0.9972928 0 -0.07353377 0.9994102 0 0.03434205 0.9994102 0 0.03434205 0.9956114 -0.08710563 0.03421151 0.08653813 0.9961767 0.01196408 -0.08653813 0.9961767 0.01196414 -0.08653819 0.9961767 0.01196408 -0.08654034 -0.9961766 0.01196438 0.08654028 -0.9961766 0.01196444 0.08654034 -0.9961766 0.01196438 -0.2569465 0.9657725 0.03552377 -0.2569467 0.9657725 0.03552359 0.2569465 0.9657726 0.03552353 0.08653819 0.9961767 0.01196414 -0.2569425 -0.9657737 0.03552299 -0.08654034 -0.9961766 0.01196444 0.2569424 -0.9657736 0.03552317 0.2569426 -0.9657737 0.03552299 -0.4194482 0.9059252 0.05799061 -0.4194486 0.905925 0.05799025 0.4194483 0.9059252 0.05799025 0.2569467 0.9657725 0.03552377 -0.41945 -0.9059242 0.05799049 -0.2569426 -0.9657736 0.03552323 0.4194503 -0.9059241 0.05799049 0.41945 -0.9059243 0.05799084 -0.5690727 0.8185146 0.07867747 -0.5690733 0.8185142 0.07867693 0.5690727 0.8185145 0.07867681 0.4194484 0.905925 0.05799061 -0.5690727 -0.8185145 0.07867681 -0.4194502 -0.9059241 0.05799084 0.5690727 -0.8185146 0.07867747 0.5690733 -0.8185142 0.07867693 -0.7012684 0.7062738 0.09695345 -0.7012676 0.7062745 0.09695416 0.7012683 0.7062737 0.09695428 0.5690732 0.8185142 0.07867759 -0.7012693 -0.7062726 0.0969544 -0.5690732 -0.8185142 0.07867759 0.7012687 -0.7062733 0.09695434 0.7012695 -0.7062727 0.09695357 -0.812066 0.5726641 0.1122701 -0.8120648 0.5726656 0.1122715 0.8120658 0.572664 0.1122716 0.7012678 0.7062745 0.09695333 -0.8120651 -0.572665 0.1122716 -0.7012689 -0.7062733 0.09695351 0.8120653 -0.5726652 0.11227 0.8120641 -0.5726667 0.1122714 -0.8981455 0.4218008 0.1241726 -0.8981466 0.4217987 0.124171 0.8981457 0.4218009 0.1241708 0.812065 0.5726656 0.11227 -0.8981457 -0.4218009 0.1241708 -0.8120642 -0.5726667 0.1122699 0.8981466 -0.4217987 0.124171 0.8981455 -0.4218008 0.1241726 0.08526855 -0.9961742 -0.01913887 0.08526861 -0.9961742 -0.01913887 0 -1 0 -0.08526861 -0.9961742 -0.01913887 0.08526861 0.9961742 -0.01913887 -0.07675838 0.9969009 -0.01722872 -0.07675898 0.9969009 -0.01722836 -0.9569765 0.2582467 0.1323046 -0.9569757 0.2582489 0.1323062 0.9569763 0.2582466 0.1323062 0.8981465 0.4217988 0.1241728 -0.9569763 -0.2582466 0.1323062 -0.8981465 -0.4217988 0.1241728 0.9569765 -0.2582467 0.1323046 0.9569757 -0.2582489 0.1323062 -0.9890161 0.08704143 0.1194612 -0.9851341 0.104696 0.1361974 0.9890161 0.08704143 0.1194612 0.9851341 0.104696 0.1361974 0.956976 0.2582489 0.1323044 -0.985134 -0.1046962 0.1361973 -0.989016 -0.08704161 0.1194612 -0.956976 -0.2582489 0.1323044 0.989016 -0.08704161 0.1194612 0.985134 -0.1046962 0.1361973 -0.992784 0 0.1199163 0.992784 0 0.1199163 0.992784 0 0.1199163 -0.992784 0 0.1199163 -0.2283621 0.9722261 -0.05125546 -0.2283605 0.9722264 -0.05125629 0.2531759 -0.9657498 -0.05682665 0.2531763 -0.9657498 -0.05682647 -0.2531759 -0.9657498 -0.05682641 -0.08526855 -0.9961742 -0.01913887 0.2531733 0.9657505 -0.05682581 0.08526855 0.9961742 -0.01913887 -0.3742616 0.9235104 -0.08400428 -0.3742582 0.9235116 -0.08400595 0.413277 -0.9058685 -0.0927599 0.4132741 -0.9058696 -0.09276157 -0.4132766 -0.9058684 -0.09276217 -0.2531762 -0.9657498 -0.05682677 0.413279 0.9058673 -0.0927627 0.2531735 0.9657505 -0.05682611 0.08408409 0.9961767 0.02370387 -0.08408343 0.9961767 0.02370369 -0.08408427 0.9961767 0.02370303 -0.08408617 -0.9961765 0.02370446 0.08408635 -0.9961766 0.02370363 0.08408552 -0.9961766 0.02370429 -0.510814 0.852011 -0.1146573 -0.5108179 0.8520089 -0.1146554 0.5606683 -0.8184218 -0.1258445 0.5606717 -0.8184198 -0.1258426 -0.5606688 -0.8184219 -0.1258419 -0.4132747 -0.9058696 -0.09275943 0.5606669 0.8184232 -0.1258415 0.413277 0.9058685 -0.0927599 -0.6346721 0.759538 -0.142455 -0.6346755 0.7595353 -0.1424531 0.6908739 -0.7061493 -0.1550694 0.6908735 -0.7061496 -0.1550697 -0.6908738 -0.7061492 -0.1550698 -0.560671 -0.8184198 -0.1258452 0.6908738 0.7061492 -0.1550698 0.5606691 0.8184213 -0.1258447 -0.7427963 0.6484271 -0.1667209 -0.7427925 0.648431 -0.1667231 -0.2496607 0.9657724 0.07037842 -0.2496605 0.9657725 0.0703786 0.08408373 0.9961768 0.02370285 0.2496606 0.9657725 0.07037836 -0.2496566 -0.9657736 0.07037729 -0.08408582 -0.9961766 0.02370345 0.2496566 -0.9657736 0.07037746 0.2496568 -0.9657735 0.07037729 0.7999805 -0.5725299 -0.1795574 0.799979 -0.5725317 -0.1795585 -0.7999801 -0.5725299 -0.1795588 -0.6908736 -0.7061496 -0.1550693 0.7999801 0.5725299 -0.1795588 0.6908736 0.7061496 -0.1550693 -0.8325564 0.5214684 -0.1868711 -0.8325591 0.5214646 -0.1868691 0.8847323 -0.4216802 -0.1985817 0.8847336 -0.4216779 -0.1985804 -0.8847326 -0.4216802 -0.1985802 -0.7999793 -0.5725316 -0.1795571 0.884733 0.4216791 -0.1985803 0.7999793 0.5725316 -0.1795571 -0.9018087 0.381799 -0.2024123 -0.9018055 0.381805 -0.2024152 0.9426481 -0.2581634 -0.2115805 0.9426476 -0.2581644 -0.211581 -0.942648 -0.2581633 -0.2115811 -0.8847333 -0.4216779 -0.1985819 0.9426481 0.2581626 -0.2115811 0.8847337 0.4216768 -0.1985821 -0.9489037 0.2328485 -0.2129867 -0.9489042 0.2328472 -0.2129861 0.9704137 -0.1041873 -0.2178125 0.9835574 -0.08714818 -0.1581775 -0.9835574 -0.08714818 -0.1581775 -0.9704137 -0.1041873 -0.2178125 -0.9426478 -0.2581644 -0.2115804 0.9426479 0.2581637 -0.2115805 0.9835574 0.08714896 -0.1581775 0.9704136 0.1041882 -0.2178125 -0.9710795 0.09744995 -0.2179634 -0.9842711 0.07844686 -0.1582923 0.08153957 -0.9961742 -0.03143769 0.08153969 -0.9961742 -0.03143763 -0.08153957 -0.9961742 -0.03143757 0.08153957 0.9961742 -0.03143757 -0.07340222 0.9969008 -0.02830022 -0.07340139 0.9969009 -0.02830058 0.9873138 0 -0.1587816 0.9873138 0 -0.1587816 -0.9873138 0 -0.1587816 -0.9873138 0 -0.1587816 -0.4075553 0.9059246 0.1148887 -0.4075542 0.9059249 0.1148895 0.2496607 0.9657724 0.07037866 0.4075544 0.905925 0.1148884 -0.4075561 -0.9059242 0.1148889 -0.2496567 -0.9657735 0.07037752 0.4075571 -0.9059237 0.1148892 0.4075559 -0.9059242 0.1148899 -0.2183747 0.972226 -0.0841965 -0.2183741 0.9722261 -0.08419674 0.08004564 0.9961767 0.03499418 -0.08004623 0.9961767 0.03499442 -0.08004528 0.9961767 0.03499501 -0.0800476 -0.9961766 0.03499501 0.0800473 -0.9961766 0.03499585 0.0800482 -0.9961766 0.03499531 -0.552933 0.8185164 0.1558717 -0.5529367 0.8185144 0.1558693 0.4075549 0.9059245 0.1148896 0.5529359 0.8185142 0.1558725 -0.5529359 -0.8185142 0.1558725 -0.4075567 -0.9059237 0.1148902 0.5529367 -0.8185144 0.1558693 0.552933 -0.8185164 0.1558717 0.9729642 0 -0.2309564 0.9729642 0 -0.2309564 0.9692755 -0.08699327 -0.2300808 -0.9729642 0 -0.2309564 -0.9692755 -0.08699327 -0.2300808 0.9692755 0.08699399 -0.2300808 -0.9729642 0 -0.2309564 -0.9699762 0.07831019 -0.2302471 0.2421043 -0.9657498 -0.0933429 0.2421032 -0.96575 -0.09334337 -0.2421041 -0.9657498 -0.09334367 -0.08153963 -0.9961742 -0.03143775 0.2421015 0.9657505 -0.09334272 0.08153963 0.9961742 -0.03143775 -0.6813868 0.7062704 0.1920785 -0.6813816 0.7062745 0.1920821 0.5529341 0.8185163 0.1558685 0.6813828 0.7062746 0.1920773 -0.6813838 -0.7062735 0.1920777 -0.5529341 -0.8185163 0.1558685 0.6813879 -0.7062693 0.1920788 0.6813827 -0.7062734 0.1920824 -0.3578889 0.9235122 -0.1379884 -0.3578941 0.9235104 -0.1379867 0.3952004 -0.9058697 -0.1523707 0.3952028 -0.9058688 -0.1523697 -0.3952009 -0.9058697 -0.152369 -0.2421036 -0.96575 -0.0933426 0.3952032 0.9058686 -0.1523699 0.242101 0.9657507 -0.09334164 -0.9822104 0 0.1877836 -0.9784739 0.08714491 0.1870693 0.9822104 0 0.1877836 0.9822104 0 0.1877836 0.9784739 0.08714491 0.1870692 -0.9822104 0 0.1877836 -0.9784737 -0.08714509 0.1870692 0.9784737 -0.08714509 0.1870692 -0.7890343 0.5726692 0.2224295 -0.7890378 0.5726654 0.2224267 0.6813852 0.7062706 0.1920832 0.7890369 0.5726653 0.2224302 -0.7890362 -0.5726663 0.2224301 -0.6813863 -0.7062695 0.1920835 0.7890372 -0.5726665 0.2224265 0.7890335 -0.5726702 0.2224293 -0.2376703 0.9657724 0.1039071 -0.2376696 0.9657725 0.1039074 0.08004581 0.9961767 0.03499519 0.2376698 0.9657725 0.1039069 -0.2376661 -0.9657736 0.1039053 -0.08004778 -0.9961765 0.03499609 0.2376658 -0.9657735 0.1039058 0.2376665 -0.9657734 0.1039054 -0.4884796 0.8520082 -0.1883342 -0.4884746 0.8520107 -0.1883357 0.07604694 -0.9961741 -0.04305714 0.07604622 -0.9961742 -0.04305732 -0.0760467 -0.9961742 -0.04305762 0.0760467 0.9961742 -0.04305762 -0.06845647 0.9969009 -0.03876006 -0.06845784 0.9969008 -0.0387597 0.53615 -0.8184199 -0.2067172 0.5361539 -0.8184177 -0.2067157 -0.5361509 -0.8184199 -0.2067146 -0.3952021 -0.9058688 -0.1523714 0.5361491 0.8184214 -0.2067139 0.3952043 0.9058677 -0.1523722 -0.8726781 0.4217995 0.2460045 -0.8726783 0.421799 0.2460042 0.7890353 0.5726692 0.2224259 0.8726782 0.421799 0.2460046 -0.8726782 -0.421799 0.2460046 -0.7890347 -0.5726702 0.2224258 0.8726781 -0.4217995 0.2460045 0.8726783 -0.421799 0.2460042 -0.9298402 0.2582469 0.2621178 -0.9298392 0.2582491 0.2621192 0.8726782 0.4217996 0.2460041 0.9298396 0.2582491 0.2621176 -0.9298396 -0.2582491 0.2621176 -0.8726782 -0.4217996 0.2460041 0.9298392 -0.2582491 0.2621192 0.9298402 -0.2582469 0.2621178 -0.6069149 0.7595378 -0.2340015 -0.6069148 0.7595378 -0.2340015 0.07449859 0.9961767 0.04562866 -0.07449865 0.9961767 0.04562848 -0.07449847 0.9961767 0.04562854 -0.07450044 -0.9961765 0.04562979 0.07450056 -0.9961766 0.04562962 0.07450032 -0.9961765 0.04562968 -0.9588433 0.08694905 0.2702954 -0.958842 0.0869534 0.2702983 0.9298397 0.2582469 0.2621194 0.9588428 0.0869534 0.2702953 -0.9588429 -0.08695358 0.2702953 -0.9298397 -0.2582469 0.2621194 0.958842 -0.08695358 0.2702983 0.9588432 -0.08694922 0.2702954 -0.9624875 0 0.271326 0.9624875 0 0.271326 0.9624875 0 0.271326 0.9588424 0.08694905 0.2702984 -0.9624875 0 0.271326 -0.9588423 -0.08694922 0.2702984 0.6606594 -0.7061493 -0.25472 0.6606558 -0.7061522 -0.2547215 -0.6606585 -0.7061492 -0.2547226 -0.5361527 -0.8184179 -0.2067183 0.6606585 0.7061492 -0.2547226 0.5361509 0.8184192 -0.2067176 -0.3879777 0.9059261 0.169621 -0.387982 0.9059247 0.169619 0.23767 0.9657723 0.1039076 0.3879806 0.9059245 0.1696223 -0.3879823 -0.9059237 0.169623 -0.2376663 -0.9657734 0.103906 0.3879793 -0.9059252 0.1696217 0.3879836 -0.9059239 0.1696197 -0.7103046 0.6484332 -0.2738644 -0.7103101 0.6484281 -0.2738622 -0.2036674 0.9722256 -0.1153131 -0.2036647 0.972226 -0.1153137 0.2257944 -0.96575 -0.1278429 0.2257943 -0.96575 -0.1278429 -0.2257944 -0.96575 -0.1278429 -0.07604652 -0.9961742 -0.0430569 0.2257921 0.9657507 -0.1278416 0.07604652 0.9961742 -0.0430569 0.7649927 -0.5725314 -0.2949474 0.764994 -0.5725299 -0.2949467 -0.7649931 -0.5725314 -0.2949463 -0.6606569 -0.7061521 -0.254719 0.7649931 0.5725314 -0.2949463 0.6606569 0.7061521 -0.254719 -0.7961473 0.5214661 -0.306957 -0.7961459 0.5214678 -0.3069577 0.8460404 -0.4216782 -0.326195 0.8460396 -0.4216793 -0.3261955 -0.8460401 -0.4216782 -0.3261957 -0.7649937 -0.57253 -0.2949478 0.8460406 0.4216771 -0.3261959 0.7649937 0.57253 -0.2949478 -0.8623689 0.3817985 -0.3324903 -0.8623689 0.3817986 -0.3324903 0.0689094 -0.9961742 -0.05374449 0.06890946 -0.9961742 -0.05374449 -0.0689094 -0.9961742 -0.05374449 0.0689094 0.9961742 -0.05374449 -0.06203228 0.9969008 -0.04838079 -0.06203174 0.9969009 -0.04838085 -0.5263831 0.8185127 0.2301255 -0.5263764 0.8185161 0.2301288 0.3879793 0.9059259 0.1696178 0.5263784 0.8185163 0.2301234 -0.5263784 -0.8185163 0.2301234 -0.3879809 -0.9059251 0.1696185 0.5263764 -0.8185161 0.2301288 0.5263831 -0.8185127 0.2301255 -0.3337794 0.9235131 -0.1889837 -0.3337827 0.923512 -0.1889832 0.9014227 -0.2581641 -0.3475463 0.9014216 -0.2581665 -0.3475474 -0.9014222 -0.258164 -0.3475477 -0.8460399 -0.4216794 -0.3261948 0.9014223 0.2581633 -0.3475477 0.8460404 0.4216783 -0.326195 -0.9074046 0.2328497 -0.3498541 -0.9074047 0.2328496 -0.349854 -0.2212004 0.9657723 0.1354778 -0.2211987 0.9657726 0.1354784 0.2211997 0.9657722 0.135479 0.07449859 0.9961767 0.04562842 -0.2211962 -0.9657735 0.1354769 -0.07450044 -0.9961766 0.04562956 0.2211969 -0.9657735 0.1354756 0.2211952 -0.9657737 0.1354762 0.9269157 -0.1145011 -0.3573752 0.9459586 -0.08713012 -0.3123632 -0.9459586 -0.08713012 -0.3123632 -0.9269157 -0.1145012 -0.3573751 -0.9014222 -0.2581664 -0.347546 0.9014223 0.2581657 -0.3475462 0.9269155 0.1145021 -0.357375 0.9459585 0.0871309 -0.3123632 0.3685804 -0.9058688 -0.2086869 0.3685802 -0.9058688 -0.2086869 -0.3685804 -0.9058688 -0.208687 -0.2257944 -0.96575 -0.1278429 0.3685824 0.9058677 -0.2086881 0.225792 0.9657508 -0.1278415 -0.9466446 0.07843297 -0.3125897 -0.930191 0.07824754 -0.3586393 -0.916822 0.1239659 -0.3795654 0.9495698 0 -0.3135557 0.9495698 0 -0.3135557 -0.9495698 0 -0.3135557 -0.9495698 0 -0.3135557 0.06754833 0.9961767 0.05540043 -0.06754821 0.9961767 0.05540066 -0.06754845 0.9961767 0.05540055 -0.06755 -0.9961766 0.05540186 0.06754988 -0.9961766 0.05540204 0.06755018 -0.9961766 0.05540198 -0.4555727 0.85201 -0.257939 -0.4555758 0.8520084 -0.2579385 -0.6486551 0.7062749 0.2835883 -0.6486611 0.7062706 0.2835853 0.5263806 0.8185129 0.2301306 0.6486592 0.7062705 0.2835901 -0.6486601 -0.7062694 0.2835905 -0.5263806 -0.8185129 0.2301306 0.648656 -0.7062739 0.2835887 0.648662 -0.7062696 0.2835857 0.5000377 -0.8184178 -0.2831157 0.5000362 -0.8184186 -0.2831161 -0.5000373 -0.8184179 -0.2831166 -0.3685803 -0.9058689 -0.2086868 0.5000355 0.8184192 -0.2831156 0.3685824 0.9058678 -0.208688 -0.1845501 0.972226 -0.1439374 -0.1845523 0.9722256 -0.1439372 0.2046023 -0.96575 -0.159577 0.2046042 -0.9657496 -0.1595768 -0.204603 -0.96575 -0.1595759 -0.0689094 -0.9961742 -0.05374449 0.2046009 0.9657508 -0.1595742 0.0689094 0.9961742 -0.05374449 0.9239489 0 -0.382516 0.9239489 0 -0.382516 0.9204413 -0.08705228 -0.3810638 -0.9239489 0 -0.382516 -0.9204413 -0.08705228 -0.3810638 0.9204413 0.087053 -0.3810638 -0.9239489 0 -0.382516 -0.3610916 0.905926 0.221158 -0.3610932 0.9059256 0.2211574 0.3610923 0.9059261 0.2211568 0.2211995 0.9657726 0.1354773 -0.3610938 -0.9059253 0.2211578 -0.221196 -0.9657737 0.1354751 0.3610947 -0.9059247 0.2211583 0.3610932 -0.9059252 0.2211589 0.06028127 -0.9961742 -0.06327044 0.06028199 -0.9961742 -0.06327044 -0.06028163 -0.9961742 -0.06327009 0.06028163 0.9961742 -0.06327009 -0.05426567 0.9969008 -0.05695587 -0.05426537 0.9969009 -0.05695587 -0.5660365 0.7595365 -0.3204792 -0.5660344 0.7595379 -0.3204796 -0.7511433 0.5726643 0.328389 -0.7511383 0.5726692 0.328392 0.6486573 0.7062748 0.2835836 0.7511401 0.5726693 0.3283876 -0.7511395 -0.5726704 0.3283873 -0.6486583 -0.7062737 0.283584 0.7511376 -0.5726702 0.3283917 0.7511427 -0.5726653 0.3283887 0.06754833 0.9961766 0.05540072 0.05932426 0.9961767 0.06412994 -0.05932474 0.9961767 0.06412947 -0.05932396 0.9961767 0.06412959 -0.05932575 -0.9961765 0.06413149 -0.06755 -0.9961766 0.0554021 0.05932617 -0.9961765 0.06413108 0.05932545 -0.9961766 0.0641312 0.6161527 -0.7061523 -0.3488621 0.6161568 -0.7061493 -0.348861 -0.616154 -0.7061524 -0.3488594 -0.5000367 -0.8184186 -0.2831152 0.616154 0.7061524 -0.3488594 0.5000351 0.8184201 -0.2831142 -0.2005617 0.9657726 0.1644942 -0.2005622 0.9657725 0.1644941 0.200562 0.9657725 0.1644938 -0.2005588 -0.9657737 0.1644912 0.2005585 -0.9657737 0.1644916 0.2005591 -0.9657737 0.1644915 -0.8307628 0.4218017 0.3632032 -0.8307645 0.4217994 0.3632019 0.7511413 0.5726644 0.3283933 0.8307638 0.4217994 0.3632037 -0.8307638 -0.4217994 0.3632037 -0.7511406 -0.5726654 0.3283931 0.8307628 -0.4218017 0.3632032 0.8307645 -0.4217994 0.3632019 -0.6624653 0.6484263 -0.3750773 -0.6624583 0.6484326 -0.3750789 -0.3024578 0.9235112 -0.2358949 -0.3024517 0.9235131 -0.235895 0.3339874 -0.905869 -0.2604877 0.3339855 -0.9058697 -0.2604879 -0.3339866 -0.9058689 -0.2604888 -0.2046033 -0.9657496 -0.1595779 0.3339886 0.9058678 -0.2604903 0.2046012 0.9657504 -0.1595762 0.7134622 -0.5725294 -0.4039577 0.7134616 -0.57253 -0.4039579 -0.713462 -0.5725293 -0.4039581 -0.6161552 -0.7061493 -0.3488636 0.713462 0.5725293 -0.4039581 0.6161552 0.7061493 -0.3488636 -0.8851812 0.2582464 0.3869923 -0.8851808 0.2582471 0.3869927 0.8307635 0.4218016 0.3632014 0.885181 0.2582471 0.3869922 -0.885181 -0.2582471 0.3869922 -0.8307635 -0.4218016 0.3632014 0.8851808 -0.2582471 0.3869927 0.8851812 -0.2582464 0.3869923 -0.489906 0.8185128 0.3000479 -0.4899006 0.8185155 0.3000497 0.4899039 0.8185127 0.3000518 0.3610925 0.9059255 0.2211585 -0.4899039 -0.8185127 0.3000518 -0.3610941 -0.9059247 0.2211595 0.489906 -0.8185128 0.3000479 0.4899006 -0.8185155 0.3000497 -0.7425156 0.5214678 -0.4204068 -0.7425166 0.5214667 -0.4204065 -0.9127911 0.08695232 0.3990637 -0.9127922 0.08694946 0.3990619 0.885181 0.2582464 0.3869928 0.9127913 0.08694946 0.3990638 -0.9127913 -0.08694964 0.3990638 -0.885181 -0.2582464 0.3869928 0.9127921 -0.08694964 0.3990619 0.9127911 -0.0869525 0.3990637 0.0503509 -0.9961742 -0.07142728 0.05035024 -0.9961742 -0.07142722 -0.05035048 -0.9961742 -0.07142758 -0.06028157 -0.9961742 -0.0632708 0.06028157 0.9961742 -0.0632708 0.05647748 0.9961935 -0.06639742 0.04532539 0.9969008 -0.06429892 -0.04532539 0.9969008 -0.06429892 -0.04532539 0.9969007 -0.06429892 -0.1614437 0.972226 -0.1694481 -0.1614436 0.972226 -0.1694481 -0.9162623 0 0.400579 0.9162623 0 0.400579 0.9162623 0 0.400579 0.9127919 0.08695232 0.3990617 -0.9162623 0 0.400579 -0.9127919 -0.0869525 0.3990617 0.05932444 0.9961767 0.06412917 0.04998278 0.9961767 0.07164955 -0.04998284 0.9961767 0.07164967 -0.04998266 0.9961768 0.07164967 -0.04499769 -0.9969024 0.06450349 -0.05842453 -0.9961828 0.06485718 -0.05932593 -0.9961766 0.06413078 0.05842453 -0.9961828 0.06485718 0.04499769 -0.9969024 0.06450349 0.1789877 -0.9657496 -0.1878591 0.1789835 -0.9657505 -0.1878588 -0.1789857 -0.9657496 -0.1878612 0.1789839 0.9657503 -0.1878592 0.7890489 -0.4216795 -0.4467529 0.7890475 -0.4216815 -0.4467536 -0.7890483 -0.4216795 -0.4467541 -0.7134618 -0.5725299 -0.4039575 0.7890487 0.4216784 -0.4467544 0.7134618 0.5725299 -0.4039575 -0.804279 0.3817959 -0.4553759 -0.8042777 0.3817979 -0.4553765 -0.41281 0.852012 -0.3219683 -0.4128141 0.85201 -0.3219682 0.8407011 -0.2581663 -0.4759956 0.8406993 -0.2581695 -0.475997 -0.8407001 -0.2581662 -0.4759974 -0.7890481 -0.4216814 -0.4467525 0.7890486 0.4216803 -0.4467527 0.8407003 0.2581655 -0.4759975 -0.84628 0.2328476 -0.4791579 -0.8462786 0.2328504 -0.4791589 0.4531065 -0.8184186 -0.3533914 0.453105 -0.8184194 -0.3533914 -0.453106 -0.8184186 -0.3533922 -0.3339863 -0.9058696 -0.2604869 0.4531044 0.8184199 -0.3533909 0.3339882 0.9058685 -0.2604883 -0.327403 0.9059256 0.268526 -0.3274036 0.9059253 0.2685259 0.200562 0.9657725 0.1644944 0.3274033 0.9059256 0.2685256 -0.3274046 -0.9059247 0.2685267 -0.2005588 -0.9657736 0.1644918 0.327405 -0.9059245 0.268527 0.3274043 -0.9059246 0.2685271 0.864127 -0.1179413 -0.4892591 0.8843654 -0.08709794 -0.4585977 -0.8669068 -0.08692246 -0.490833 -0.8407003 -0.2581695 -0.4759952 0.8407006 0.2581688 -0.4759953 0.8669068 0.08692324 -0.490833 -0.8646487 0.1127544 -0.48956 -0.8850061 0.07840555 -0.45893 -0.1761448 0.9657725 0.1904113 -0.1761452 0.9657724 0.1904113 0.176145 0.9657725 0.1904112 -0.1761423 -0.9657737 0.1904082 0.1761421 -0.9657736 0.1904084 0.1761424 -0.9657735 0.1904083 0.887739 0 -0.4603471 0.887739 0 -0.4603471 -0.887739 0 -0.4603471 -0.8779239 -0.1482917 -0.4552574 0.8779237 0.148293 -0.4552572 -0.887739 0 -0.4603471 -0.6037046 0.7062748 0.3697522 -0.6037121 0.7062698 0.3697496 0.6037076 0.7062749 0.3697469 0.489903 0.8185153 0.3000462 -0.6037086 -0.7062738 0.3697475 -0.489903 -0.8185153 0.3000462 0.603713 -0.7062686 0.3697502 0.6037056 -0.7062736 0.3697528 -0.0448417 0.9961946 0.07473617 0.0448417 0.9961946 0.07473617 0.0448417 0.9961946 0.07473617 0.04998272 0.9961768 0.07164973 0.04484093 -0.9961947 -0.07473486 -0.05035066 -0.9961742 -0.07142692 -0.04484093 -0.9961947 -0.07473486 -0.04484093 -0.9961947 -0.07473486 0.04036575 0.9969175 -0.06727623 0.04036575 0.9969174 -0.06727629 -0.04484093 0.9961947 -0.07473486 -0.03956568 0.9969171 -0.06775623 -0.04036915 -0.996917 0.06728196 -0.04036915 -0.996917 0.06728196 0.04036915 -0.996917 0.0672819 -0.2645854 0.9235124 -0.2777037 -0.264589 0.9235113 -0.2777042 -0.5129103 0.7595352 -0.4000368 -0.5129085 0.7595363 -0.4000367 -0.1348463 0.9722258 -0.191294 -0.1348459 0.9722259 -0.1912939 0.2921687 -0.9058695 -0.306656 0.2921751 -0.9058673 -0.3066564 -0.2921716 -0.9058697 -0.3066528 -0.1789857 -0.9657504 -0.187857 0.2921733 0.9058685 -0.3066545 0.1789839 0.9657511 -0.187855 0.1494966 -0.9657505 -0.2120773 0.1494989 -0.96575 -0.2120777 -0.1494979 -0.9657505 -0.2120763 0.09535121 0.9862108 -0.1352643 0.1591591 0.9659059 -0.2041914 0.1397418 0.9701415 -0.1982363 0.5583283 -0.7061493 -0.4354569 0.5583283 -0.7061494 -0.4354569 -0.5583283 -0.7061493 -0.4354569 -0.4531057 -0.8184193 -0.3533907 0.5583283 0.7061493 -0.4354569 0.4531041 0.8184208 -0.3533895 -0.6990892 0.5726646 0.42817 -0.6990867 0.5726669 0.428171 0.6990881 0.5726646 0.4281719 0.6037088 0.7062699 0.3697547 -0.6990875 -0.5726656 0.4281715 -0.6037097 -0.7062689 0.3697553 0.6990886 -0.5726656 0.4281696 0.6990861 -0.5726679 0.4281706 -0.6002859 0.6484281 -0.4681857 -0.6002877 0.6484265 -0.4681855 -0.1484079 0.9657724 0.2127413 -0.1484072 0.9657725 0.2127412 0.176145 0.9657725 0.1904115 0.1484077 0.9657725 0.2127409 -0.09464013 -0.9862241 0.1356657 -0.13872 -0.9701618 0.1988537 -0.1613078 -0.9659259 0.202403 -0.1761422 -0.9657736 0.1904085 0.1613078 -0.9659259 0.202403 0.13872 -0.9701618 0.1988537 0.09464013 -0.9862242 0.1356656 -0.4441943 0.8185154 0.3643131 -0.4441927 0.8185161 0.3643134 0.3274033 0.9059254 0.2685263 0.4441936 0.8185154 0.3643141 -0.4441936 -0.8185154 0.3643141 -0.3274046 -0.9059244 0.2685274 0.4441943 -0.8185154 0.3643131 0.4441927 -0.8185161 0.3643134 -0.3611301 0.8520098 -0.3790307 -0.3611261 0.8520117 -0.3790302 0.6465017 -0.5725301 -0.5042271 0.6465028 -0.572529 -0.5042268 -0.6465022 -0.5725301 -0.5042263 -0.5583282 -0.7061493 -0.4354568 0.6465022 0.5725301 -0.5042263 0.5583282 0.7061493 -0.4354568 0.8514836 0 -0.5243813 0.8514836 0 -0.5243813 0.8482477 -0.08709794 -0.5223885 -0.8514836 0 -0.5243813 -0.8482478 -0.08709794 -0.5223885 0.8482477 0.08709871 -0.5223885 -0.8514836 0 -0.5243813 -0.8488617 0.07841432 -0.5227666 -0.773193 0.4218013 0.4735569 -0.7731937 0.4218004 0.4735566 0.7731934 0.4218013 0.4735564 0.6990879 0.5726668 0.4281691 -0.7731934 -0.4218013 0.4735564 -0.6990873 -0.5726679 0.4281688 0.7731937 -0.4218004 0.4735566 0.773193 -0.4218013 0.4735569 0.08492153 0.9862838 -0.1415359 0.08492165 0.9862838 -0.1415361 -0.1251874 0.9702955 -0.2070137 -0.1201068 0.9723699 -0.200178 -0.2875438 0.9059254 0.3108341 -0.2875449 0.905925 0.310834 0.2875444 0.9059253 0.3108335 -0.2875456 -0.9059245 0.3108348 0.2875462 -0.9059242 0.3108353 0.2875451 -0.9059245 0.3108354 -0.6728278 0.5214667 -0.5247621 -0.6728262 0.5214686 -0.5247624 0.3963735 -0.8184198 -0.4160253 0.396371 -0.8184212 -0.4160251 -0.3963723 -0.8184198 -0.4160265 -0.2921718 -0.9058674 -0.3066592 0.396371 0.8184211 -0.4160251 0.2921735 0.9058663 -0.306661 0.04484093 -0.9961947 -0.07473486 0.1331612 -0.9659259 -0.2219353 -0.1494975 -0.96575 -0.2120785 -0.1331612 -0.9659259 -0.2219353 -0.1331612 -0.9659259 -0.2219353 0.1244674 0.9702959 -0.2074458 0.1244675 0.9702959 -0.2074459 -0.220995 0.9235124 -0.313506 -0.2209952 0.9235124 -0.313506 0.714992 -0.4216817 -0.5576477 0.7149947 -0.4216783 -0.5576469 -0.7149934 -0.4216817 -0.5576459 -0.6465023 -0.572529 -0.5042275 0.6465023 0.572529 -0.5042275 0.7149938 0.4216806 -0.5576462 -0.8238409 0.2582468 0.5045738 -0.8238385 0.2582507 0.5045758 0.8238394 0.2582468 0.5045763 0.7731934 0.4218005 0.4735572 -0.8238394 -0.2582468 0.5045763 -0.7731934 -0.4218005 0.4735572 0.8238409 -0.2582468 0.5045738 0.8238385 -0.2582507 0.5045758 0.2440391 -0.9058673 -0.3461924 0.2440361 -0.9058685 -0.3461917 -0.2440375 -0.9058673 -0.3461937 0.1880248 0.9452512 -0.2667336 0.2555359 0.9061842 -0.3369446 0.2302675 0.9166626 -0.3266596 -0.08490967 -0.9862877 0.1415162 0.08490961 -0.9862878 0.141516 0.08490967 -0.9862877 0.1415162 0.04036915 -0.996917 0.06728196 -0.7287921 0.3817978 -0.5684123 -0.7287935 0.3817958 -0.5684119 -0.133162 0.9659255 0.2219368 -0.0448417 0.9961946 0.07473617 0.1484075 0.9657724 0.2127416 0.133162 0.9659255 0.2219367 0.133162 0.9659255 0.2219368 -0.1244668 -0.9702962 0.2074448 -0.08490967 -0.9862877 0.1415162 0.1244668 -0.9702961 0.2074448 0.124467 -0.9702961 0.2074451 -0.8751867 0.08714348 0.4758722 -0.8480816 0.1046903 0.5194203 0.8751867 0.08714348 0.4758722 0.8480816 0.1046903 0.5194203 0.8238401 0.2582507 0.5045733 -0.8480817 -0.1046905 0.5194204 -0.8751866 -0.08714365 0.4758721 -0.8238401 -0.2582507 0.5045733 0.8751866 -0.08714365 0.4758721 0.8480817 -0.1046905 0.5194204 -0.4486918 0.7595353 -0.4709373 -0.4486916 0.7595353 -0.4709372 -0.5473848 0.7062698 0.4489465 -0.5473847 0.7062698 0.4489465 0.4441935 0.818516 0.3643125 0.5473847 0.7062698 0.4489465 -0.5473856 -0.7062687 0.4489472 -0.4441935 -0.818516 0.3643125 0.5473856 -0.7062687 0.4489472 0.5473856 -0.7062687 0.4489472 0.7617943 -0.2581691 -0.5941532 0.7617964 -0.2581658 -0.5941521 -0.7617956 -0.2581692 -0.5941515 -0.7149933 -0.4216783 -0.5576487 0.7617958 0.2581685 -0.5941517 0.7149937 0.4216772 -0.557649 -0.8785288 0 0.4776893 0.8785288 0 0.4776893 0.8785288 0 0.4776893 -0.8785288 0 0.4776893 -0.7668523 0.2328509 -0.5980953 -0.7668543 0.2328471 -0.5980942 0.7833389 -0.1145088 -0.6109566 0.8003256 -0.08705234 -0.5932124 -0.8003256 -0.0870524 -0.5932124 -0.7833389 -0.1145088 -0.6109566 -0.7617951 -0.2581658 -0.5941537 0.8003255 0.08705312 -0.5932123 0.7833388 0.1145098 -0.6109565 0.7617952 0.2581651 -0.5941538 -0.7838355 0.1089361 -0.6113385 -0.8009043 0.07837325 -0.5936412 0.4884229 -0.7061488 -0.5126371 0.4884217 -0.7061497 -0.5126371 -0.4884223 -0.7061488 -0.5126378 -0.3963723 -0.8184211 -0.416024 0.4884223 0.7061488 -0.5126378 0.3963709 0.8184224 -0.4160225 0.8033754 0 -0.5954729 0.8033754 0 -0.5954729 -0.8033754 0 -0.5954729 -0.8033754 0 -0.5954729 -0.3016319 0.8520103 -0.427898 -0.3016327 0.8520098 -0.4278982 0.167496 0.9455235 -0.2791602 0.167496 0.9455235 -0.2791601 -0.167496 0.9455235 -0.2791601 -0.198009 0.9238792 -0.3274746 -0.242264 0.9059258 0.3472847 -0.2422666 0.905925 0.3472849 0.2875443 0.905925 0.3108345 0.2422651 0.9059249 0.3472861 -0.1866601 -0.9452835 0.2675766 -0.228594 -0.9167141 0.3276888 -0.2875455 -0.9059242 0.3108359 -0.257254 -0.906262 0.3354241 0.257254 -0.906262 0.3354241 0.228594 -0.9167141 0.3276888 0.1866601 -0.9452835 0.2675766 -0.390114 0.8185158 0.4217141 -0.3901157 0.8185151 0.421714 0.3901149 0.8185159 0.4217132 -0.3901149 -0.8185159 0.4217132 0.390114 -0.8185158 0.4217141 0.3901157 -0.8185151 0.421714 -0.8436738 0 0.5368562 -0.8404719 0.08704012 0.5348187 0.8436738 0 0.5368562 0.8436738 0 0.5368562 0.8404719 0.08704012 0.5348187 -0.8436738 0 0.5368562 -0.8404719 -0.0870403 0.5348188 0.8404719 -0.0870403 0.5348188 -0.5251271 0.6484301 -0.5511624 -0.5251299 0.6484277 -0.5511626 0.1331612 -0.9659259 -0.2219353 0.2174348 -0.9063082 -0.3623915 -0.2440378 -0.9058684 -0.3461906 -0.2174355 -0.9063076 -0.3623926 -0.2174347 -0.9063082 -0.3623915 0.2051558 0.9170591 -0.3419264 0.2051563 0.9170587 -0.3419271 0.3310716 -0.8184213 -0.4696577 0.3310729 -0.8184205 -0.469658 -0.3310723 -0.8184213 -0.4696571 0.2754943 0.878275 -0.3908145 0.3432033 0.8188598 -0.4600871 0.3143956 0.8379975 -0.4459996 -0.633865 0.572667 0.5198727 -0.6338633 0.5726685 0.5198732 0.5473847 0.7062698 0.4489464 0.6338641 0.572667 0.5198739 -0.6338636 -0.572668 0.5198734 -0.5473856 -0.7062687 0.4489471 0.6338645 -0.572668 0.5198723 0.6338627 -0.5726696 0.5198727 0.5655573 -0.5725297 -0.5935946 0.5655566 -0.5725305 -0.5935947 -0.565557 -0.5725297 -0.5935951 -0.4884223 -0.7061496 -0.5126366 0.4884223 0.7061496 -0.5126366 0.565557 0.5725297 -0.5935951 -0.5885882 0.5214675 -0.6177667 -0.5885892 0.5214663 -0.6177667 -0.1675004 -0.9455205 0.2791677 -0.124467 -0.9702961 0.2074451 0.1675004 -0.9455206 0.2791674 0.1674996 -0.9455211 0.2791661 -0.3747691 0.7595369 -0.53165 -0.3747714 0.7595353 -0.5316506 -0.7010571 0.4218 0.5749815 -0.7010574 0.4217996 0.5749814 0.6338642 0.5726685 0.5198721 0.7010572 0.4218 0.5749813 -0.7010572 -0.4218 0.5749813 -0.6338637 -0.5726695 0.5198716 0.7010574 -0.4217996 0.5749814 0.7010571 -0.4218 0.5749815 0.2454985 0.8788146 -0.4091642 0.2454947 0.8788185 -0.4091582 -0.2051559 0.9170591 -0.3419264 -0.2454985 0.8788146 -0.4091642 -0.2702617 0.8526412 -0.4471707 -0.2174344 0.9063086 0.3623906 -0.133162 0.9659255 0.2219368 0.2422657 0.9059257 0.3472836 0.2174343 0.9063087 0.3623906 0.2174343 0.9063087 0.3623906 -0.2051559 -0.9170591 0.3419265 -0.1674996 -0.9455211 0.2791661 0.2051559 -0.9170591 0.3419265 0.2051555 -0.9170594 0.3419259 0.6254749 -0.4216781 -0.6564821 0.6254744 -0.4216787 -0.6564822 -0.6254746 -0.4216781 -0.6564823 -0.565557 -0.5725304 -0.5935943 0.625475 0.421677 -0.6564827 0.565557 0.5725304 -0.5935943 0.7574161 0 -0.6529325 0.7574161 0 -0.6529325 0.7545353 -0.08713418 -0.6504492 -0.7574161 0 -0.6529325 -0.7545353 -0.08713418 -0.6504492 0.7545352 0.08713489 -0.6504491 -0.7574161 0 -0.6529325 -0.7550824 0.07843971 -0.6509208 -0.6375474 0.3817975 -0.6691518 -0.6375469 0.3817982 -0.6691519 0.4079542 -0.7061497 -0.5787279 0.4079579 -0.706147 -0.5787286 -0.4079563 -0.7061499 -0.5787262 -0.3310722 -0.8184206 -0.4696584 0.3898193 0.7363662 -0.5529971 0.3553156 0.7872002 -0.5040503 0.4198191 0.706622 -0.569594 -0.4807439 0.7062703 0.5196803 -0.4807397 0.706273 0.5196806 0.4807416 0.7062702 0.5196826 0.3901147 0.8185152 0.4217149 -0.4807423 -0.7062691 0.5196835 -0.3901147 -0.8185152 0.4217149 0.4807404 -0.7062719 0.5196813 0.4807447 -0.7062692 0.5196812 0.2174354 -0.9063076 -0.3623927 0.2951024 -0.8191522 -0.4918377 -0.2951015 -0.8191533 -0.4918364 -0.2951026 -0.8191521 -0.4918377 0.2802103 0.8386756 -0.4670175 0.2802124 0.8386733 -0.4670205 -0.3286877 0.8185139 0.4711681 -0.3286848 0.8185153 0.4711678 0.3286865 0.8185154 0.4711664 -0.3121302 -0.8380801 0.4474331 -0.3442184 -0.8189924 0.4590916 -0.2734976 -0.8783466 0.392054 0.3442184 -0.8189924 0.4590917 0.3121302 -0.8380801 0.4474331 0.2734976 -0.8783466 0.392054 0.6664165 -0.2581658 -0.6994566 0.6664188 -0.2581622 -0.6994557 -0.6664181 -0.2581658 -0.699455 -0.6254747 -0.4216787 -0.6564819 0.6664183 0.2581651 -0.6994552 0.6254751 0.4216776 -0.6564822 -0.7469759 0.2582511 0.6126446 -0.7469773 0.2582491 0.6126437 0.7010572 0.4217996 0.5749817 0.7469769 0.2582511 0.6126434 -0.7469769 -0.2582511 0.6126434 -0.7010572 -0.4217996 0.5749817 0.7469759 -0.2582511 0.6126446 0.7469773 -0.2582491 0.6126437 -0.6708412 0.2328516 -0.7040967 -0.6708415 0.2328512 -0.7040966 -0.4386154 0.6484283 -0.6222197 -0.4386132 0.6484302 -0.6222192 0.6860459 -0.1041918 -0.7200591 0.6959806 -0.08699733 -0.712771 -0.6860459 -0.1041918 -0.7200591 -0.6959806 -0.08699727 -0.712771 -0.6664172 -0.2581622 -0.6994573 0.6664173 0.2581615 -0.6994574 0.6860458 0.1041928 -0.7200591 0.6959806 0.08699804 -0.712771 -0.6865191 0.09745401 -0.7205514 -0.6964837 0.07831633 -0.7132862 -0.7915062 0.08710378 0.6049222 -0.7684623 0.110587 0.6302669 0.7469764 0.2582492 0.6126449 0.770276 0.08695358 0.6317546 0.7442258 0.1337561 0.6543984 0.7915062 0.08710378 0.6049222 -0.7442258 -0.1337564 0.6543984 -0.7702761 -0.08695375 0.6317546 -0.7915062 -0.08710402 0.6049222 -0.7469764 -0.2582492 0.6126449 0.7915062 -0.08710402 0.6049222 0.7684622 -0.1105872 0.6302669 0.6986294 0 -0.7154837 0.6986294 0 -0.7154837 -0.6986294 0 -0.7154837 -0.6986294 0 -0.7154837 -0.794526 0 0.6072302 0.794526 0 0.6072302 0.794526 0 0.6072302 -0.794526 0 0.6072302 0.3167564 0.7880092 -0.5279272 0.3167555 0.7880102 -0.5279259 -0.2802106 0.8386756 -0.4670174 -0.3167563 0.7880091 -0.5279271 -0.3357378 0.7604058 -0.5559344 0.4723807 -0.5725306 -0.6701233 0.4723802 -0.5725309 -0.6701232 -0.4723804 -0.5725306 -0.6701235 -0.4079557 -0.7061471 -0.57873 0.4253133 0.674591 -0.6033536 0.4832276 0.572947 -0.661984 0.4544823 0.6146261 -0.644733 -0.2454935 -0.8788198 0.4091559 -0.2051556 -0.9170594 0.3419259 0.2454936 -0.8788198 0.4091561 0.2454944 -0.878819 0.4091572 -0.5566924 0.5726682 0.6017845 -0.5566962 0.5726651 0.6017841 0.5566947 0.5726683 0.6017825 0.4807421 0.7062729 0.5196784 -0.5566942 -0.5726693 0.6017819 -0.4807429 -0.7062718 0.5196792 0.556692 -0.5726693 0.601784 0.5566957 -0.5726661 0.6017836 -0.4916196 0.5214628 -0.6974143 -0.4916154 0.5214675 -0.6974138 0.2951017 -0.8191533 -0.4918363 0.3638037 -0.7071062 -0.6063396 -0.3638033 -0.707107 -0.6063389 -0.3638038 -0.7071062 -0.6063395 0.3475862 0.7372809 -0.5793105 0.3475871 0.7372797 -0.5793116 -0.2951033 0.8191511 0.4918389 -0.2174343 0.9063087 0.3623906 0.3286858 0.8185141 0.4711692 0.2951034 0.8191511 0.4918389 0.295103 0.8191515 0.4918385 -0.2802161 -0.8386684 0.467027 -0.2454943 -0.878819 0.4091572 0.2802162 -0.8386685 0.4670268 0.2802153 -0.8386695 0.4670255 0.5224263 -0.4216781 -0.7411197 0.5224272 -0.4216769 -0.7411197 -0.5224269 -0.4216781 -0.7411193 -0.4723805 -0.572531 -0.6701231 0.4835947 0.5435963 -0.6860316 0.5315795 0.4219696 -0.7344146 0.5066508 0.47615 -0.7187393 -0.4050409 0.7062706 0.5806236 -0.4050374 0.7062728 0.5806234 0.4050396 0.7062729 0.5806217 -0.3527588 -0.7873063 0.5056777 -0.3870289 -0.7364791 0.5548037 -0.4200218 -0.7067935 0.5692316 0.4200218 -0.7067935 0.5692316 0.3870289 -0.7364791 0.5548037 0.3527588 -0.7873063 0.5056777 -0.5325071 0.3818004 -0.7554235 -0.5325092 0.3817974 -0.7554235 0.3793277 0.6755868 -0.6322127 0.3793278 0.6755867 -0.6322129 -0.3475863 0.7372809 -0.5793105 -0.3793277 0.6755868 -0.6322126 -0.3928265 0.6494455 -0.6510821 -0.6157051 0.4217993 0.6655768 -0.6157048 0.4217997 0.6655769 0.6157049 0.4217993 0.6655771 0.5566939 0.5726652 0.6017861 -0.6157049 -0.4217993 0.6655771 -0.5566934 -0.5726662 0.6017856 0.6157048 -0.4217997 0.6655769 0.6157051 -0.4217993 0.6655768 -0.7509739 0 0.6603319 -0.7481194 0.08710652 0.657822 0.7509739 0 0.6603319 0.7509739 0 0.6603319 -0.7509739 0 0.6603319 0.7481194 -0.08710676 0.657822 0.5566284 -0.2581628 -0.7896308 0.5566233 -0.2581707 -0.7896319 -0.5566244 -0.2581627 -0.7896336 -0.5224266 -0.4216769 -0.7411202 0.5449212 0.3247823 -0.7730313 0.5285959 0.3978422 -0.749872 0.5634283 0.2583069 -0.7847459 -0.5603184 0.2328488 -0.794874 -0.5603168 0.2328517 -0.7948744 0.6441263 0 -0.7649192 0.6441263 0 -0.7649192 0.6416753 -0.08715355 -0.7620086 -0.6441263 0 -0.7649192 -0.6416753 -0.08715355 -0.7620086 0.6416752 0.08715432 -0.7620085 -0.6441263 0 -0.7649192 -0.6421411 0.07845157 -0.7625617 0.3638034 -0.707107 -0.6063389 0.421451 -0.5735744 -0.7024183 -0.4214507 -0.5735754 -0.7024177 -0.4214512 -0.5735743 -0.7024183 0.4054268 0.6156652 -0.6757112 0.4054276 0.6156635 -0.6757122 -0.3167545 -0.7880121 0.5279238 -0.2802154 -0.8386695 0.4670253 0.3167542 -0.7880123 0.5279235 0.3167552 -0.788011 0.527925 0.573979 -0.08691591 -0.8142443 0.5739738 -0.0869255 -0.8142468 -0.5739785 -0.0869255 -0.8142436 -0.5566272 -0.2581706 -0.7896292 0.5683035 0.1645724 -0.8061929 0.5591326 0.2413105 -0.7931833 0.5777471 0.08695489 -0.8115708 -0.5743874 0.07824784 -0.8148352 -0.5743883 0.07824593 -0.8148347 -0.6560352 0.2582494 0.7091721 -0.6560342 0.2582507 0.7091726 0.6560345 0.2582494 0.7091727 0.615705 0.4217997 0.6655766 -0.6560345 -0.2582494 0.7091727 -0.615705 -0.4217997 0.6655766 0.6560352 -0.2582494 0.7091721 0.6560342 -0.2582507 0.7091726 0.5761548 0 -0.8173407 0.5761548 0 -0.8173407 -0.5761548 0 -0.8173407 -0.5739744 -0.08691596 -0.8142475 0.5743882 0.07824784 -0.8148347 -0.5761548 0 -0.8173407 0.4314941 0.5446346 -0.7191565 0.4314942 0.5446342 -0.7191566 -0.4054269 0.6156651 -0.675711 -0.4314941 0.5446346 -0.7191565 -0.4401223 0.5224913 -0.7302706 -0.4690291 0.5726686 0.6723559 -0.4690332 0.5726653 0.6723559 0.4050385 0.7062706 0.5806251 0.4690305 0.5726651 0.6723578 -0.4512466 -0.6147705 0.6468645 -0.4825942 -0.5731298 0.6622878 -0.422277 -0.674722 0.6053365 0.4825942 -0.5731298 0.6622878 0.4512466 -0.6147705 0.6468645 0.422277 -0.674722 0.6053365 -0.6889474 0.08704274 0.7195658 -0.6753389 0.1046889 0.7300394 0.6889474 0.08704274 0.7195658 0.6753389 0.1046889 0.7300394 0.656035 0.2582507 0.7091719 -0.6889474 -0.08704292 0.7195658 -0.675339 -0.1046891 0.7300394 -0.656035 -0.2582507 0.7091719 0.675339 -0.1046891 0.7300394 0.6889474 -0.08704292 0.7195658 -0.363804 0.7071058 0.6063399 -0.2951031 0.8191514 0.4918385 0.3638041 0.7071058 0.6063398 0.3638037 0.7071064 0.6063393 -0.3475901 -0.7372742 0.5793167 -0.3167551 -0.788011 0.527925 0.3475902 -0.7372742 0.5793167 0.3475895 -0.7372753 0.5793157 -0.6915722 0 0.7223073 0.6915722 0 0.7223073 0.6915722 0 0.7223073 -0.6915722 0 0.7223073 0.4214508 -0.5735754 -0.7024176 0.466292 -0.422617 -0.7771528 -0.4662923 -0.4226158 -0.7771534 -0.4662919 -0.4226169 -0.777153 0.452152 0.4771439 -0.7535863 0.452151 0.4771471 -0.7535849 0.4718233 0.3987506 -0.786372 0.4718232 0.3987506 -0.7863719 -0.4521519 0.4771439 -0.7535863 -0.4718233 0.3987506 -0.786372 -0.476452 0.3826845 -0.7915466 0.4662922 -0.4226158 -0.7771534 0.496964 -0.2588248 -0.8282731 -0.4969647 -0.2588202 -0.8282743 -0.4969636 -0.258825 -0.8282734 0.4864664 0.3255628 -0.810777 0.4864647 0.3255713 -0.8107746 -0.3793266 -0.6755895 0.6322107 -0.3475896 -0.7372753 0.5793157 0.3793267 -0.6755892 0.6322109 0.3793266 -0.6755895 0.6322106 0.4992128 0.2419238 -0.8320214 0.4992119 0.2419276 -0.8320207 -0.4864662 0.3255628 -0.8107771 -0.4992128 0.2419238 -0.8320214 -0.5009201 0.2334466 -0.8334157 -0.5187522 0.4217984 0.7436278 -0.5187507 0.4218 0.743628 0.4690319 0.5726685 0.6723541 0.5187518 0.4218 0.7436271 -0.4801735 -0.5437294 0.6883254 -0.503073 -0.476296 0.7211517 -0.530113 -0.4221277 0.7353832 0.530113 -0.4221277 0.7353832 0.503073 -0.476296 0.7211517 0.4801734 -0.5437294 0.6883254 -0.0407983 0.9961835 0.07716119 -0.04079818 0.9961836 0.07716113 0.0407983 0.9961835 0.07716113 0.04079765 -0.9961837 -0.0771597 0.04079753 -0.9961837 -0.0771597 -0.04079759 -0.9961837 -0.07715976 0.03672599 0.9969085 -0.06945925 -0.04079753 0.9961837 -0.0771597 -0.04079765 0.9961837 -0.0771597 -0.03672909 -0.996908 0.06946516 0.03672909 -0.996908 0.06946516 0.4969642 -0.2588202 -0.8282745 0.5125378 -0.08714967 -0.8542305 -0.5125375 -0.08715814 -0.8542299 -0.5125387 -0.08714962 -0.8542301 0.507439 0.1650528 -0.8457324 0.5074439 0.1650015 -0.8457396 0.5129097 0.07846271 -0.8548493 0.5129102 0.07845848 -0.8548493 -0.5118177 0.08715885 -0.8546614 -0.5129102 0.07845884 -0.8548493 0.5144962 0 -0.8574927 0.5144962 0 -0.8574927 0.5125383 -0.08715814 -0.8542295 -0.5144962 0 -0.8574927 -0.5144962 0 -0.8574927 -0.4214502 0.5735771 0.7024166 -0.3638038 0.7071064 0.6063393 0.42145 0.5735771 0.7024167 0.4214507 0.5735756 0.7024175 -0.4054237 -0.615673 0.6757058 -0.3793266 -0.6755895 0.6322106 0.4054235 -0.6156731 0.6757059 0.4054251 -0.6156695 0.6757082 -0.5527297 0.2582485 0.7923368 -0.5527281 0.2582504 0.7923372 0.5187511 0.4217984 0.7436286 0.5527293 0.2582505 0.7923364 -0.5410996 -0.3248921 0.7756651 -0.5611319 -0.2584138 0.7863545 -0.5248821 -0.3979535 0.7524173 0.5611319 -0.2584137 0.7863545 0.5410996 -0.3248921 0.7756652 0.5248821 -0.3979535 0.7524173 -0.6403613 0 0.7680738 -0.6379256 0.08713662 0.7651524 0.6403613 0 0.7680738 0.6403613 0 0.7680738 0.6379256 0.08713662 0.7651523 -0.6403613 0 0.7680738 -0.6379256 -0.0871368 0.7651523 0.6379256 -0.0871368 0.7651523 -0.4314942 -0.5446337 0.719157 -0.4054249 -0.6156695 0.6757084 0.4314942 -0.5446337 0.7191571 0.4314942 -0.5446337 0.719157 -0.03223687 0.9961835 0.0811119 -0.03223657 0.9961836 0.08111178 0.04079824 0.9961836 0.07716119 0.03223669 0.9961835 0.08111196 0.03223609 -0.9961837 -0.08111035 0.03223603 -0.9961837 -0.08111029 -0.04079759 -0.9961837 -0.07715964 -0.03223603 -0.9961837 -0.08111035 0.03545212 0.9961941 -0.07962733 0.03223603 0.9961837 -0.08111035 -0.03223603 0.9961837 -0.08111029 -0.03223609 0.9961837 -0.08111035 -0.03223747 -0.9961834 0.08111399 -0.03384238 -0.9961901 0.08037406 0.03384238 -0.9961901 0.08037406 0.03223764 -0.9961834 0.08111387 0.03223741 -0.9961834 0.08111381 -0.5699691 0.08695501 0.8170521 -0.5699752 0.08694547 0.8170489 0.5527285 0.2582485 0.7923377 0.5699695 0.08694541 0.8170528 -0.5552183 -0.2413809 0.7959069 -0.5643225 -0.1647037 0.8089578 -0.5746167 -0.08697807 0.8137878 0.5746166 -0.08697807 0.8137878 0.5643226 -0.1647037 0.8089578 0.5552184 -0.2413809 0.7959069 -0.5721419 0 0.8201547 0.5721419 0 0.8201547 0.5721419 0 0.8201547 0.5699747 0.08695495 0.8170481 -0.5721419 0 0.8201547 -0.5703865 -0.07827496 0.8176383 0.5703865 -0.07827496 0.8176383 0.07726186 0.9862446 -0.1461238 0.1211433 -0.9658312 -0.2291166 0.1211438 -0.9658311 -0.2291168 -0.1211436 -0.9658312 -0.2291164 0.1132359 0.9702128 -0.2141607 -0.1132359 0.9702128 -0.2141607 -0.4662917 0.4226174 0.7771529 -0.4214505 0.5735756 0.7024177 0.4662917 0.4226176 0.7771528 0.4662914 0.4226185 0.7771525 -0.4521455 -0.4771662 0.753576 -0.4314942 -0.5446337 0.719157 0.4521456 -0.4771664 0.7535759 0.4521448 -0.4771692 0.7535747 -0.07725089 -0.9862485 0.1461036 0.07725089 -0.9862485 0.1461036 -0.4718246 -0.3987446 0.7863742 -0.4521448 -0.4771692 0.7535746 0.4718246 -0.3987445 0.7863742 0.4718246 -0.3987446 0.7863742 -0.02329856 0.9961836 0.08411598 -0.02329915 0.9961835 0.08411628 0.02329903 0.9961836 0.0841158 0.03223681 0.9961835 0.08111166 0.02329832 -0.9961838 -0.08411443 0.02329868 -0.9961837 -0.08411467 -0.03223603 -0.9961837 -0.08111029 -0.02329862 -0.9961838 -0.08411431 0.02329862 0.9961838 -0.08411431 0.03223603 0.9961837 -0.08111029 -0.02329868 0.9961837 -0.08411467 -0.02329832 0.9961838 -0.08411443 -0.02329957 -0.9961834 0.08411788 -0.03223758 -0.9961834 0.08111369 0.02329915 -0.9961834 0.08411806 0.02329975 -0.9961833 0.08411836 -0.1211435 0.9658311 0.2291172 -0.1211447 0.9658308 0.2291176 0.121144 0.9658308 0.2291181 -0.1132351 -0.970213 0.21416 0.1132351 -0.9702129 0.21416 -0.496965 0.2588182 0.8282747 -0.4662916 0.4226185 0.7771524 0.4969654 0.258818 0.8282745 0.4969645 0.2588216 0.8282739 -0.4864634 -0.3255796 0.8107721 -0.4718246 -0.3987446 0.7863742 0.4864632 -0.3255807 0.8107718 0.4864634 -0.3255796 0.810772 -0.0140891 0.9961835 0.08613884 -0.01408869 0.9961835 0.08613854 0.02329868 0.9961836 0.08411639 0.01408874 0.9961835 0.0861389 0.01408863 -0.9961837 -0.08613723 0.01408845 -0.9961836 -0.08613711 -0.02329844 -0.9961836 -0.08411473 -0.01408851 -0.9961836 -0.08613723 0.01408851 0.9961836 -0.08613723 0.02329844 0.9961836 -0.08411473 -0.01408845 0.9961836 -0.08613711 -0.01408863 0.9961837 -0.08613723 -0.0140891 -0.9961833 0.08614104 -0.02329927 -0.9961833 0.08411848 0.01408946 -0.9961833 0.08614099 0.01408904 -0.9961833 0.08614069 -0.4992137 -0.2419177 0.8320226 -0.4864634 -0.3255796 0.810772 0.4992141 -0.2419176 0.8320223 0.4992131 -0.2419222 0.8320217 0.09572213 -0.9658311 -0.2408476 0.09572106 -0.9658313 -0.2408469 -0.1211435 -0.9658311 -0.229117 -0.09572142 -0.9658311 -0.240848 0.1122786 0.9659178 -0.2332301 0.09572046 0.9658318 -0.2408455 -0.1122786 0.9659178 -0.2332301 -0.09571999 0.965832 -0.2408444 -0.09572118 0.9658318 -0.2408451 0.1523707 0.9453769 -0.2881765 -0.1523707 0.9453769 -0.2881765 -0.004714727 0.9961835 0.08715575 -0.004714608 0.9961835 0.08715569 0.01408904 0.9961835 0.08613848 0.004714727 0.9961835 0.08715569 0.01056617 -0.9961941 -0.08652019 0.004244267 -0.9969083 -0.07845896 -0.01408857 -0.9961837 -0.08613711 -0.01056617 -0.9961941 -0.08652019 -0.004244267 -0.9969083 -0.07845896 0.004714608 0.9961836 -0.0871542 0.01408857 0.9961837 -0.08613711 -0.004714608 0.9961838 -0.08715379 -0.004714965 0.9961837 -0.0871542 -0.004714846 -0.9961834 0.08715784 -0.0140894 -0.9961833 0.08614063 0.004714727 -0.9961833 0.08715784 0.004714846 -0.9961834 0.0871579 0 0.9961946 0.08715671 0 0.9961946 0.08715671 0.004714608 0.9961835 0.08715575 0 -0.9969173 -0.07845968 0 -0.9969173 -0.07845968 0.004714906 0.9961838 -0.08715379 0 0.9961948 -0.08715474 0 0.9961948 -0.08715474 -0.004714727 -0.9961834 0.0871579 0 -0.9961944 0.08715891 0 -0.9961944 0.08715891 -0.5125384 0.08715915 0.8542293 -0.4969649 0.2588215 0.8282736 0.5125373 0.08715915 0.8542299 0.5125387 0.08715057 0.85423 -0.5074371 -0.165086 0.8457272 -0.4992135 -0.2419222 0.8320214 0.5074366 -0.1650858 0.8457275 0.5074402 -0.1650495 0.8457323 -0.5129092 -0.07845866 0.8548499 -0.51291 -0.07845324 0.8548499 -0.5074397 -0.1650495 0.8457326 0.5129098 -0.07845866 0.8548496 0.1977807 -0.9060708 -0.3740568 0.1977787 -0.9060717 -0.3740558 -0.1977795 -0.9060707 -0.3740575 0.1866152 0.9168458 -0.3529426 -0.1866152 0.9168458 -0.3529427 -0.5144953 0 0.8574932 -0.5125377 0.08715057 0.8542306 0.5144953 0 0.8574932 0.5144953 0 0.8574932 -0.5144953 0 0.8574932 0.5129095 -0.07845324 0.8548503 -0.09572178 0.965831 0.2408481 -0.09572201 0.9658309 0.2408482 0.1211443 0.9658311 0.2291168 0.09572196 0.9658311 0.240848 -0.09572041 -0.9658321 0.2408441 -0.1098258 -0.9659257 0.2343629 0.1098258 -0.9659256 0.2343629 0.09572023 -0.9658321 0.2408443 0.09572052 -0.9658321 0.2408444 0.06918072 -0.9658314 -0.2497674 0.06918185 -0.9658311 -0.2497683 -0.09572178 -0.9658313 -0.2408466 -0.0691815 -0.9658313 -0.2497671 0.09572076 0.9658321 -0.2408441 0.06918078 0.9658322 -0.2497645 -0.06918114 0.9658318 -0.2497657 -0.06918001 0.9658321 -0.2497648 -0.1523749 -0.9453744 0.2881823 0.1523749 -0.9453744 0.2881823 0.1868584 0.9062545 -0.3791921 0.2232911 0.8785218 -0.4223038 -0.1868584 0.9062545 -0.3791921 -0.223291 0.8785219 -0.4223037 -0.1977794 0.906072 0.3740546 -0.1977795 0.906072 0.3740546 0.1977795 0.9060719 0.3740547 -0.186616 -0.9168462 0.3529415 0.186616 -0.9168462 0.3529415 -0.06918209 0.9658309 0.2497687 -0.0691812 0.9658312 0.2497681 0.06918138 0.9658309 0.249769 0.09572184 0.965831 0.2408483 -0.0691803 -0.965832 0.249765 -0.09572035 -0.9658321 0.2408444 0.06918102 -0.9658321 0.2497648 0.06918007 -0.9658322 0.2497642 0.04183518 -0.965831 -0.2557737 0.04183423 -0.9658313 -0.2557728 -0.06918102 -0.9658311 -0.2497684 -0.04183441 -0.9658311 -0.2557739 0.04183399 0.9658319 -0.2557712 0.06918025 0.9658318 -0.2497658 -0.04183381 0.9658321 -0.2557701 -0.04183471 0.9658318 -0.255771 0.1562749 -0.9060716 -0.3932079 0.1562764 -0.906071 -0.3932087 -0.1977798 -0.9060716 -0.3740552 -0.1562758 -0.9060717 -0.3932074 0.1562767 0.9060705 -0.3932097 -0.1562772 0.9060699 -0.393211 -0.1562758 0.9060705 -0.3932101 0.2683656 -0.8187593 -0.5075561 0.2683686 -0.8187575 -0.5075575 -0.2683673 -0.8187593 -0.5075551 0.254837 0.8383121 -0.4819657 -0.254837 0.838312 -0.4819657 0.008927702 -0.9862489 -0.1650256 0 -0.9862882 -0.1650322 0 -0.9862882 -0.1650322 -0.008927702 -0.9862489 -0.1650256 0.02371966 -0.9659174 -0.2577615 0.01308661 -0.9702127 -0.2419006 -0.04183501 -0.9658313 -0.2557727 -0.02371966 -0.9659174 -0.2577615 -0.01308661 -0.9702127 -0.2419006 0.01400029 0.9658321 -0.2587903 0.04183453 0.9658321 -0.25577 -0.01400047 0.9658313 -0.2587931 -0.01399832 0.965832 -0.2587904 0 -0.9702959 -0.2419214 0 -0.9702959 -0.2419214 0.01399844 0.9658313 -0.2587931 0 0.9659259 -0.2588185 0 0.9659259 -0.2588185 -0.04183471 0.9658311 0.2557734 -0.04183512 0.9658311 0.2557738 0.06918191 0.9658312 0.249768 0.04183506 0.9658312 0.2557734 -0.04183441 -0.9658322 0.2557693 -0.06918084 -0.9658322 0.2497641 0.04183405 -0.9658322 0.2557694 0.04183447 -0.9658322 0.2557697 -0.01399934 0.9658311 0.2587939 -0.01399958 0.9658311 0.2587941 0.04183477 0.965831 0.2557738 0.01399934 0.965831 0.2587941 -0.01399916 -0.9658321 0.25879 -0.04183411 -0.9658321 0.2557697 0.01399934 -0.9658321 0.25879 0.01399916 -0.9658322 0.2587898 0.2565707 0.8190212 -0.5132017 0.2880374 0.7875723 -0.544761 -0.2565707 0.8190212 -0.5132016 -0.2880373 0.7875723 -0.544761 0.1129476 -0.906071 -0.4077722 0.1129443 -0.9060726 -0.4077696 -0.1562754 -0.906071 -0.393209 -0.1129452 -0.906071 -0.407773 0.1562763 0.9060698 -0.3932113 0.1129458 0.9060698 -0.4077753 -0.1129449 0.9060715 -0.4077718 -0.1129482 0.9060699 -0.4077745 -0.156273 0.906072 0.3932077 -0.1562755 0.9060711 0.3932088 0.1977795 0.906072 0.3740545 0.1562747 0.906072 0.3932069 -0.1840596 -0.906281 0.3804954 -0.1562753 -0.9060712 0.3932086 0.1840596 -0.906281 0.3804954 0.1562737 -0.9060711 0.3932093 0.1562761 -0.9060702 0.3932105 0 0.9659257 0.2588193 0 0.9659257 0.2588193 0.01399958 0.9658311 0.2587939 -0.01399934 -0.9658322 0.2587898 0 -0.9659269 0.2588152 0 -0.9659269 0.2588152 -0.223287 -0.8785265 0.4222961 0.223287 -0.8785265 0.4222962 0.3307615 -0.7065902 -0.6255614 0.3307594 -0.7065919 -0.6255606 -0.3307603 -0.7065902 -0.6255621 -0.2683668 -0.8187575 -0.5075582 0.3160362 0.7367892 -0.5977148 -0.3160362 0.7367891 -0.5977148 0.2120497 -0.8187575 -0.5335457 0.2120504 -0.8187571 -0.5335461 -0.2120501 -0.8187576 -0.5335454 0.2120494 0.818759 -0.5335436 -0.2120497 0.8187584 -0.5335443 -0.212049 0.818759 -0.5335439 -0.2683687 0.8187573 0.5075576 -0.2683685 0.8187573 0.5075576 0.2683686 0.8187574 0.5075575 -0.2548416 -0.8383057 0.4819743 0.2548416 -0.8383058 0.4819743 0.0682978 -0.9060727 -0.4175738 0.06830006 -0.9060714 -0.417576 -0.1129467 -0.9060726 -0.407769 -0.06829965 -0.9060726 -0.4175734 0.06830006 0.9060715 -0.4175757 0.1129473 0.9060714 -0.4077713 -0.06830048 0.9060702 -0.4175783 -0.06829822 0.9060715 -0.4175761 0.01760834 -0.9453676 -0.3255301 0 -0.9455143 -0.3255806 0 -0.9455143 -0.3255806 -0.01760834 -0.9453676 -0.3255301 0.3190674 0.7068839 -0.6312775 0.3448539 0.67505 -0.6522141 -0.3190674 0.7068839 -0.6312775 -0.3448539 0.67505 -0.6522141 -0.1129465 0.9060711 0.4077723 -0.1129467 0.906071 0.4077724 0.1129466 0.9060711 0.4077722 0.1562737 0.9060711 0.3932095 -0.1129471 -0.9060703 0.4077739 -0.1562744 -0.9060702 0.3932111 0.112947 -0.9060703 0.407774 0.1129472 -0.9060702 0.4077741 0.03486132 -0.9062555 -0.4212906 0.02156376 -0.9168473 -0.3986552 -0.03486132 -0.9062555 -0.4212906 -0.06829822 -0.9060715 -0.4175763 -0.02156376 -0.9168473 -0.3986552 0.02285408 0.9060703 -0.4225095 0.06829857 0.9060704 -0.4175786 -0.02285403 0.9060712 -0.4225077 -0.0228554 0.9060704 -0.4225094 0 -0.9170606 -0.3987479 0 -0.9170606 -0.3987479 0.02285534 0.9060711 -0.4225077 0 0.9063078 -0.422618 0 0.9063078 -0.422618 0.1532571 -0.818757 -0.5533075 0.1532595 -0.8187554 -0.5533093 -0.2120499 -0.8187571 -0.5335463 -0.1532588 -0.8187569 -0.553307 0.2120493 0.8187585 -0.5335445 0.1532583 0.8187584 -0.5533052 -0.1532589 0.8187567 -0.5533074 -0.1532566 0.8187583 -0.5533056 0.3830767 -0.5730131 -0.7245056 0.3830777 -0.573012 -0.7245059 -0.3830773 -0.573013 -0.7245052 -0.3307607 -0.7065919 -0.6255599 0.3685393 0.6151065 -0.6970099 -0.3685393 0.6151065 -0.6970099 -0.2880378 -0.7875744 0.5447576 -0.2537428 -0.8190616 0.5145413 0.2880378 -0.7875744 0.5447576 0.2537428 -0.8190616 0.5145413 -0.06829971 0.9060711 0.4175768 -0.06829953 0.9060711 0.4175766 0.1129466 0.9060711 0.4077724 0.06829953 0.9060711 0.4175769 -0.06829982 -0.9060702 0.4175786 -0.1129471 -0.9060702 0.4077741 0.0683 -0.9060702 0.4175786 0.06829982 -0.9060704 0.4175784 0.26135 -0.7065919 -0.6575896 0.2613489 -0.7065929 -0.6575889 -0.2613492 -0.7065919 -0.6575899 0.2613492 0.7065919 -0.6575899 -0.2613489 0.7065929 -0.6575889 -0.26135 0.7065919 -0.6575896 0.3723123 0.5732762 -0.729889 0.392187 0.544075 -0.7417357 -0.3723123 0.5732761 -0.729889 -0.392187 0.544075 -0.7417357 -0.2120496 0.8187574 0.5335461 -0.2120475 0.8187585 0.5335451 0.2683686 0.8187574 0.5075577 0.2120482 0.8187573 0.5335467 -0.2120482 -0.8187573 0.5335467 0.2120496 -0.8187574 0.5335461 0.2120475 -0.8187585 0.5335451 -0.02285575 0.906071 0.4225081 -0.02285522 0.9060712 0.4225077 0.06829971 0.9060711 0.4175766 0.02285569 0.9060711 0.4225076 -0.02285581 -0.9060703 0.4225094 -0.0683 -0.9060703 0.4175783 0.02285534 -0.9060704 0.4225094 0.02285581 -0.9060701 0.4225099 0.09267723 -0.8187553 -0.5666133 0.09267401 -0.8187578 -0.5666102 -0.09267461 -0.8187553 -0.5666138 -0.1532577 -0.8187554 -0.5533097 0.09267425 0.8187566 -0.5666118 0.1532572 0.8187568 -0.5533078 -0.09267371 0.8187593 -0.5666083 -0.09267693 0.8187568 -0.5666114 -0.3307619 0.7065911 0.6255602 -0.3307637 0.7065898 0.6255608 0.3307625 0.7065897 0.6255615 -0.3160411 -0.7367834 0.5977193 0.3160411 -0.7367834 0.5977193 0.02580279 -0.8785274 -0.4769948 0 -0.8788199 -0.4771536 0 -0.8788199 -0.4771536 -0.02580279 -0.8785274 -0.4769948 0 0.9063077 0.4226185 0 0.9063077 0.4226185 0.02285528 0.906071 0.4225081 -0.02285534 -0.9060701 0.4225099 0 -0.9063069 0.4226203 0 -0.9063069 0.4226203 0.4237455 -0.4221088 -0.8014136 0.4237408 -0.422115 -0.8014128 -0.383077 -0.573012 -0.7245062 -0.4237422 -0.4221087 -0.8014155 0.4109217 0.4766054 -0.7771683 -0.4109217 0.4766054 -0.7771683 0.4146359 0.4223034 -0.8060626 0.4287596 0.398261 -0.8108966 -0.4146359 0.4223034 -0.8060626 -0.4287596 0.3982609 -0.8108966 0.04402989 -0.81902 -0.5720731 0.02944922 -0.8383065 -0.5444033 -0.09267669 -0.8187577 -0.5666098 -0.04402989 -0.81902 -0.5720732 -0.02944922 -0.8383065 -0.5444033 0.03101229 0.8187592 -0.5732989 0.0926764 0.8187592 -0.5666079 -0.03101229 0.8187589 -0.5732992 -0.03101211 0.8187592 -0.573299 0 -0.8386703 -0.5446395 0 -0.8386703 -0.5446395 0.03101211 0.818759 -0.5732992 0 0.819153 -0.5735751 0 0.819153 -0.5735751 0.1888871 -0.706593 -0.6819443 0.1888875 -0.7065926 -0.6819446 -0.1888874 -0.706593 -0.6819441 -0.2613497 -0.7065929 -0.6575886 0.2613497 0.7065929 -0.6575886 0.1888874 0.706593 -0.6819441 -0.1888875 0.7065926 -0.6819446 -0.1888871 0.706593 -0.6819443 0.3026871 -0.573012 -0.7616021 0.3026887 -0.5730103 -0.7616028 -0.3026883 -0.5730121 -0.7616016 0.3026883 0.5730121 -0.7616016 -0.3026887 0.5730103 -0.7616028 -0.3026871 0.573012 -0.7616021 0.4515439 -0.2584676 -0.8539921 0.4515463 -0.2584639 -0.8539921 -0.4515458 -0.2584676 -0.8539912 -0.4237442 -0.422115 -0.8014111 0.4420321 0.3251374 -0.8359983 -0.442032 0.3251377 -0.8359982 -0.3448548 -0.6750529 0.6522107 -0.3164146 -0.7069315 0.632558 0.3448548 -0.6750528 0.6522107 0.3164147 -0.7069315 0.632558 -0.1532567 0.8187584 0.5533056 -0.1532571 0.8187582 0.5533059 0.153257 0.8187584 0.5533055 0.212049 0.8187584 0.5335447 -0.153257 -0.8187584 0.5533055 -0.212049 -0.8187584 0.5335447 0.1532567 -0.8187584 0.5533056 0.1532571 -0.8187582 0.5533059 0.4447756 0.2585587 -0.8575093 0.453581 0.2415913 -0.8578448 -0.4447756 0.2585587 -0.8575093 -0.453581 0.2415913 -0.8578448 0.4656511 -0.08703202 -0.8806784 0.4656537 -0.08702701 -0.8806775 -0.4515444 -0.2584639 -0.853993 -0.4656535 -0.08703202 -0.8806771 0.4610347 0.1648177 -0.8719416 -0.4656537 0.08702772 -0.8806775 -0.465651 0.08703279 -0.8806784 0.4619027 0.08704686 -0.8826487 0.4659879 0.07834917 -0.8813153 0.4674247 0 -0.8840328 0.4674247 0 -0.8840328 -0.4674247 0 -0.8840328 -0.4656513 -0.08702701 -0.8806788 -0.4674247 0 -0.8840328 0.1142209 -0.7065927 -0.6983411 0.1142235 -0.7065901 -0.6983433 -0.1888872 -0.7065926 -0.6819447 -0.1142231 -0.7065927 -0.6983407 0.1142231 0.7065927 -0.6983407 0.1888872 0.7065926 -0.6819447 -0.1142235 0.7065901 -0.6983433 -0.1142209 0.7065927 -0.6983411 0.03328531 -0.7875729 -0.6153218 0 -0.7880095 -0.615663 0 -0.7880095 -0.615663 -0.03328531 -0.7875729 -0.6153218 -0.3830798 0.5730126 0.7245042 -0.3830791 0.5730133 0.7245041 0.3307631 0.7065911 0.6255596 0.3830796 0.5730134 0.7245037 -0.3685399 -0.6151111 0.6970055 0.3685399 -0.6151111 0.6970055 -0.2613496 0.7065912 0.6575905 -0.261349 0.7065917 0.6575902 0.2613492 0.7065912 0.6575906 -0.2613495 -0.7065901 0.6575917 0.2613499 -0.7065901 0.6575915 0.2613494 -0.7065906 0.6575913 0.3348181 -0.4221149 -0.8424463 0.3348172 -0.4221161 -0.8424461 -0.3348175 -0.4221149 -0.8424466 -0.3026875 -0.5730102 -0.7616032 0.3026875 0.5730102 -0.7616032 0.3348177 0.4221137 -0.8424471 -0.3348175 0.4221149 -0.8424466 -0.3348183 0.4221138 -0.8424468 -0.09267663 0.8187583 0.5666092 -0.09267568 0.8187589 0.5666084 0.1532568 0.8187582 0.5533059 0.0926758 0.8187583 0.5666093 -0.0926758 -0.8187583 0.5666093 -0.1532568 -0.8187582 0.5533059 0.09267663 -0.8187583 0.5666092 0.09267568 -0.8187589 0.5666084 0.2187662 -0.5730103 -0.7898104 0.2187638 -0.5730132 -0.789809 -0.2187643 -0.5730102 -0.789811 0.2187643 0.5730102 -0.789811 -0.2187638 0.5730132 -0.789809 -0.2187662 0.5730103 -0.7898104 0.05119055 -0.7068821 -0.7054765 0.03652083 -0.7367896 -0.6751351 -0.05119055 -0.7068821 -0.7054765 -0.1142213 -0.7065901 -0.6983436 -0.03652083 -0.7367896 -0.6751351 0.03822237 0.7065902 -0.7065899 0.1142213 0.7065901 -0.6983436 -0.03822237 0.70659 -0.70659 -0.03822231 0.7065901 -0.70659 -0.3921898 -0.544074 0.7417349 -0.3699737 -0.5733242 0.7310397 0.3921898 -0.5440741 0.7417349 0.3699737 -0.5733242 0.7310397 0 -0.7372815 -0.6755858 0 -0.7372815 -0.6755858 0.03822231 0.7065901 -0.7065901 0 0.7071068 -0.7071068 0 0.7071068 -0.7071068 -0.03101229 0.8187573 0.5733016 -0.03101009 0.8187588 0.5732995 0.09267646 0.8187588 0.5666083 0.03101223 0.8187589 0.5732993 -0.03101223 -0.8187589 0.5732993 -0.09267646 -0.8187588 0.5666083 0.03101009 -0.8187588 0.5732995 0.03101229 -0.8187573 0.5733016 0 0.8191514 0.5735775 0 0.8191514 0.5735775 0.03101021 0.8187574 0.5733017 -0.07845717 0.9969175 0 0 1 0 0 1 0 0 0 -1 0 0 -1 0 0 -1 0 0 -1 0 0 -1 0.07845717 0.9969175 0 0.07845717 0.9969175 0 0 0 -1 0 0 -1 -0.233448 0.9723693 0 -0.07845717 0.9969175 0 0 0 -1 0.233448 0.9723693 0 0.233448 0.9723693 0 0 0 -1 -0.3826805 0.9238808 0 -0.233448 0.9723693 0 0 0 -1 0.3826805 0.9238808 0 0.3826805 0.9238808 0 0 0 -1 0 0 -1 -0.5225 0.8526393 0 -0.3826805 0.9238808 0 0 0 -1 0 0 -1 0 0 -1 0 0 -1 0 0 -1 0.5225 0.8526393 0 0.5225 0.8526393 0 0 0 -1 -0.6494495 0.7604048 0 -0.5225 0.8526393 0 0 0 -1 0.6494495 0.7604048 0 0.6494495 0.7604048 0 0 0 -1 -0.7604047 0.6494495 0 -0.6494495 0.7604048 0 0.7604047 0.6494495 0 0.7604047 0.6494495 0 0 0 -1 -0.8526396 0.5224995 0 -0.7604047 0.6494495 0 0.8526396 0.5224995 0 0.8526396 0.5224995 0 0 0 -1 -0.9238801 0.3826821 0 -0.8526396 0.5224995 0 0.9238801 0.3826821 0 0.9238801 0.3826821 0 0 0 -1 -0.9723698 0.2334459 0 -0.9238801 0.3826821 0 0.9723698 0.2334459 0 0.9723698 0.2334459 0 -0.9969173 0.0784589 0 -0.9723698 0.2334459 0 0.9969173 0.0784589 0 0.9969173 0.0784589 0 -1 0 0 -0.9969173 0.0784589 0 1 0 0 1 0 0 0 0 -1 -0.9969173 -0.0784589 0 -1 0 0 0 0 -1 0 0 -1 0 0 -1 0 0 -1 0 0 -1 0 0 -1 0.9969173 -0.0784589 0 0.9969173 -0.0784589 0 0 0 -1 0 0 -1 0 0 -1 0 0 -1 0 0 -1 -0.97237 -0.2334447 0 -0.9969173 -0.0784589 0 0 0 -1 0.97237 -0.2334447 0 0.97237 -0.2334447 0 0 0 -1 -0.9238793 -0.3826838 0 -0.97237 -0.2334447 0 0 0 -1 0 0 -1 0.9238793 -0.3826838 0 0.9238793 -0.3826838 0 0 0 -1 0 0 -1 -0.8526397 -0.5224992 0 -0.9238793 -0.3826838 0 0.8526397 -0.5224992 0 0.8526397 -0.5224992 0 0 0 -1 -0.7604065 -0.6494475 0 -0.8526397 -0.5224992 0 0.7604065 -0.6494475 0 0.7604065 -0.6494475 0 -0.6494495 -0.7604048 0 -0.7604065 -0.6494475 0 0.6494495 -0.7604048 0 0.6494495 -0.7604048 0 -0.5224965 -0.8526415 0 -0.6494495 -0.7604048 0 0.5224965 -0.8526415 0 0.5224965 -0.8526415 0 -0.3826847 -0.9238791 0 -0.5224965 -0.8526415 0 0.3826847 -0.9238791 0 0.3826847 -0.9238791 0 -0.2334439 -0.9723703 0 -0.3826847 -0.9238791 0 0.2334439 -0.9723703 0 0.2334439 -0.9723703 0 -0.0784614 -0.9969172 0 -0.2334439 -0.9723703 0 0.0784614 -0.9969172 0 0.0784614 -0.9969172 0 0 -1 0 -0.0784614 -0.9969172 0 0 -1 0 -0.03101021 -0.8187574 0.5733017 0 -0.8191514 0.5735775 0 -0.8191514 0.5735775 0.3567873 -0.258464 -0.8977189 0.3567854 -0.2584671 -0.8977187 -0.3348179 -0.422116 -0.8424459 -0.3567857 -0.258464 -0.8977196 0.3348181 0.4221149 -0.8424464 0.3567857 0.2584633 -0.8977197 -0.3567854 0.2584664 -0.897719 -0.3567873 0.2584633 -0.8977191 0.1322878 -0.5730131 -0.808799 0.1322875 -0.5730137 -0.8087987 -0.1322875 -0.5730131 -0.8087992 -0.2187657 -0.5730131 -0.7898086 0.1322875 0.5730131 -0.8087992 0.2187657 0.5730131 -0.7898086 -0.1322875 0.5730137 -0.8087987 -0.1322878 0.5730131 -0.808799 -0.4237442 0.422112 0.8014127 -0.4237447 0.4221114 0.8014127 0.3830793 0.5730126 0.7245045 0.4237443 0.4221114 0.8014128 -0.4109179 -0.4766311 0.7771546 0.4109179 -0.476631 0.7771547 0.03985083 -0.6750486 -0.7366963 0 -0.6755852 -0.737282 0 -0.6755852 -0.737282 -0.03985083 -0.6750486 -0.7366963 -0.1888864 0.7065917 0.6819459 -0.1888882 0.7065901 0.6819469 0.1888878 0.7065916 0.6819454 0.2613494 0.7065917 0.65759 -0.1888881 -0.7065905 0.6819465 -0.2613498 -0.7065906 0.6575911 0.1888866 -0.7065906 0.6819469 0.1888885 -0.7065891 0.681948 0.4051396 -0.08714526 -0.9100921 0.3672689 -0.1056773 -0.9240919 -0.4051396 -0.08714532 -0.9100921 -0.3672689 -0.1056773 -0.9240919 -0.356787 -0.2584671 -0.8977181 0.356787 0.2584664 -0.8977184 0.3672689 0.1056782 -0.9240918 0.4051396 0.08714604 -0.9100921 -0.3672689 0.1056782 -0.9240919 -0.4051396 0.08714604 -0.9100921 0.2419874 -0.4221163 -0.8736475 0.241988 -0.4221155 -0.8736477 -0.2419879 -0.4221163 -0.8736474 0.241988 0.4221152 -0.8736478 -0.2419881 0.4221143 -0.8736483 -0.2419875 0.4221152 -0.8736479 0.4066869 0 -0.9135677 0.4066869 0 -0.9135677 -0.4066869 0 -0.9135677 -0.4066869 0 -0.9135677 -0.4287606 -0.3982547 0.8108992 -0.4127228 -0.4223357 0.807027 0.4287606 -0.3982547 0.8108992 0.4127227 -0.4223356 0.8070269 -0.3026854 0.5730125 0.7616024 -0.3026878 0.5730102 0.7616031 0.3026872 0.5730126 0.7616016 -0.3026869 -0.5730136 0.761601 0.3026852 -0.5730135 0.7616017 0.3026876 -0.5730112 0.7616025 0.05626696 -0.5732777 -0.8174268 0.04258805 -0.6151019 -0.7872967 -0.1322878 -0.5730136 -0.8087987 -0.05626696 -0.5732777 -0.8174269 -0.04258805 -0.6151019 -0.7872967 0.04426783 0.5730136 -0.8183494 0.1322878 0.5730136 -0.8087987 -0.04426789 0.5730115 -0.8183509 -0.0442664 0.5730136 -0.8183495 0.3567502 0 -0.9341999 0.3567502 0 -0.9341999 0.3553949 -0.08708339 -0.9306508 -0.3567502 0 -0.9341999 -0.3553948 -0.08708339 -0.9306508 0.3553948 0.08708411 -0.9306507 -0.3567502 0 -0.9341999 -0.3553948 0.08708411 -0.9306507 0 -0.6156604 -0.7880116 0 -0.6156604 -0.7880116 0.04426646 0.5730115 -0.8183509 0 0.5735738 -0.8191539 0 0.5735738 -0.8191539 0.2578614 -0.2584671 -0.9309685 0.2578646 -0.258462 -0.930969 -0.2578642 -0.2584671 -0.9309676 -0.2419874 -0.4221155 -0.8736479 0.2419876 0.4221143 -0.8736484 0.2578642 0.2584664 -0.9309679 -0.2578647 0.2584612 -0.9309692 -0.2578615 0.2584663 -0.9309687 -0.4515458 0.2584651 0.853992 -0.451543 0.2584689 0.8539923 0.4237446 0.422112 0.8014125 0.4515454 0.258469 0.853991 -0.4420289 -0.3251553 0.8359931 0.4420289 -0.3251553 0.8359931 -0.1142229 0.70659 0.6983435 -0.1142237 0.7065895 0.698344 0.1888867 0.7065902 0.6819473 0.1142235 0.7065901 0.6983433 -0.1142237 -0.706589 0.6983444 -0.188887 -0.7065891 0.6819484 0.1142231 -0.706589 0.6983446 0.1142238 -0.7065883 0.6983451 0.1463279 -0.4221153 -0.8946546 0.1463307 -0.4221114 -0.894656 -0.1463304 -0.4221154 -0.8946542 0.1463304 0.4221143 -0.8946546 -0.1463308 0.4221103 -0.8946565 -0.146328 0.4221142 -0.8946551 -0.4535804 -0.2415895 0.8578457 -0.4433882 -0.2585782 0.8582216 0.4535804 -0.2415894 0.8578457 0.4433881 -0.2585782 0.8582216 0.04531913 -0.5440754 -0.8378116 0 -0.5446349 -0.8386732 0 -0.5446349 -0.8386732 -0.04531913 -0.5440754 -0.8378116 0.2385511 -0.1363366 -0.9615122 0.2917572 -0.08712267 -0.9525164 0.265919 -0.08702951 -0.9600589 -0.2917572 -0.08712267 -0.9525164 -0.2652561 -0.1118735 -0.9576656 -0.2578618 -0.258462 -0.9309697 0.2917571 0.08712345 -0.9525163 0.2578619 0.2584612 -0.9309699 0.2652561 0.1118745 -0.9576656 -0.2917571 0.08712339 -0.9525163 -0.2659189 0.08703029 -0.9600588 -0.2385511 0.1363377 -0.9615121 -0.03821974 0.7065923 0.706588 -0.03822284 0.7065894 0.7065906 0.114223 0.7065895 0.6983441 0.03821992 0.7065894 0.7065909 -0.03821998 -0.7065883 0.706592 -0.1142232 -0.7065884 0.6983451 0.0382229 -0.7065884 0.7065917 0.0382198 -0.7065913 0.7065891 -0.4656529 0.08702659 0.8806781 -0.4656543 0.08702433 0.8806775 0.4515434 0.2584651 0.8539932 0.465653 0.08702427 0.8806782 -0.4610339 -0.1648167 0.8719422 0.4610339 -0.1648162 0.8719423 0.2928708 0 -0.9561521 0.2928708 0 -0.9561521 -0.2928708 0 -0.9561521 -0.2928708 0 -0.9561521 -0.4659911 -0.07833921 0.8813145 -0.4611464 -0.08704948 0.8830438 0.4659911 -0.07833927 0.8813145 0.4611464 -0.08704948 0.8830438 0.05917036 -0.4223009 -0.9045225 0.04748326 -0.4766303 -0.8778205 -0.1463283 -0.4221114 -0.8946564 -0.05917036 -0.4223009 -0.9045224 -0.04748332 -0.4766303 -0.8778205 0.04896545 0.4221101 -0.9052212 0.1463283 0.4221103 -0.8946569 -0.04896539 0.4221122 -0.9052203 -0.0489667 0.4221101 -0.9052211 0 0.707109 0.7071046 0 0.707109 0.7071046 0.03822267 0.7065922 0.7065879 -0.03822278 -0.7065912 0.706589 0 -0.7071079 0.7071058 0 -0.7071079 0.7071058 -0.4674276 0 0.8840313 0.4674276 0 0.8840313 0.4674276 0 0.8840313 0.4656542 0.08702659 0.8806774 -0.4674276 0 0.8840313 -0.2187676 0.5730102 0.7898101 -0.218762 0.5730158 0.7898077 0.2187631 0.57301 0.7898115 0.302686 0.5730103 0.7616039 -0.2187629 -0.5730111 0.7898108 -0.3026857 -0.5730113 0.7616032 0.2187674 -0.5730112 0.7898094 0.2187619 -0.5730168 0.789807 -0.3348165 0.4221119 0.8424485 -0.3348163 0.4221122 0.8424485 0.3348163 0.4221119 0.8424486 -0.3348163 -0.4221119 0.8424486 0.3348165 -0.4221119 0.8424485 0.3348163 -0.4221122 0.8424485 0 -0.4771686 -0.8788118 0 -0.4771686 -0.8788118 0.04896664 0.4221122 -0.9052202 0 0.4226192 -0.9063074 0 0.4226192 -0.9063074 0.1559305 -0.2584619 -0.9533537 0.1559286 -0.2584652 -0.9533531 -0.1559287 -0.2584618 -0.9533539 0.1559287 0.2584611 -0.9533541 -0.1559286 0.2584645 -0.9533532 -0.1559306 0.2584611 -0.9533538 0.04954624 -0.3982577 -0.9159345 0 -0.3987475 -0.9170608 0 -0.3987475 -0.9170608 -0.04954624 -0.3982577 -0.9159345 0.2407996 0 -0.9705749 0.2407996 0 -0.9705749 -0.2407996 0 -0.9705749 -0.2398839 -0.08712416 -0.9668842 0.2398839 0.08712494 -0.9668841 -0.2407996 0 -0.9705749 0.1740733 -0.08708465 -0.9808745 0.1605112 -0.1056862 -0.9813596 -0.1559304 -0.2584652 -0.9533528 -0.1605112 -0.1056862 -0.9813596 -0.1740733 -0.08708465 -0.9808745 0.1740733 0.08708542 -0.9808744 0.1559304 0.2584644 -0.9533529 0.1605112 0.1056871 -0.9813596 -0.1605112 0.1056871 -0.9813594 -0.1740733 0.08708542 -0.9808744 0.05979448 -0.2585607 -0.9641426 0.05107986 -0.3251381 -0.944286 -0.05979448 -0.2585608 -0.9641427 -0.05107986 -0.3251381 -0.944286 0.05217927 0.2584645 -0.9646105 -0.05217927 0.2584657 -0.9646102 -0.05217993 0.2584645 -0.9646105 0.1747371 0 -0.9846151 0.1747371 0 -0.9846151 -0.1747371 0 -0.9846151 -0.1747371 0 -0.9846151 0 -0.3255631 -0.9455204 0 -0.3255631 -0.9455204 0.05217993 0.2584657 -0.9646102 0 0.2588182 -0.965926 0 0.2588182 -0.965926 0.05241531 -0.2415905 -0.9689617 0 -0.241923 -0.9702954 0 -0.241923 -0.9702954 -0.05241531 -0.2415905 -0.9689617 -0.1322861 0.5730157 0.8087975 -0.1322894 0.5730122 0.8087994 0.2187666 0.5730156 0.7898064 0.1322889 0.5730159 0.808797 -0.1322888 -0.5730169 0.8087963 -0.2187664 -0.5730167 0.7898058 0.132286 -0.5730167 0.8087968 0.1322892 -0.5730133 0.8087987 -0.3567848 0.2584649 0.8977196 -0.3567831 0.2584673 0.8977196 0.3567833 0.2584649 0.8977202 0.3348165 0.4221122 0.8424484 -0.3567833 -0.2584649 0.8977202 -0.3348165 -0.4221122 0.8424484 0.3567848 -0.2584649 0.8977196 0.3567831 -0.2584673 0.8977196 0.05327659 -0.1648261 -0.9848827 0.1208273 -0.08715081 -0.9888405 0.05804163 -0.08705157 -0.9945116 -0.05804163 -0.08705157 -0.9945116 -0.1208273 -0.08715081 -0.9888405 -0.05327659 -0.1648261 -0.9848827 0.05381041 0.08703327 -0.994751 0.1208273 0.08715158 -0.9888404 -0.1208273 0.08715158 -0.9888404 -0.05381035 0.08703815 -0.9947506 -0.05381304 0.08703327 -0.9947509 0.1212888 0 -0.9926173 0.1212888 0 -0.9926173 -0.1212888 0 -0.9926173 -0.1212888 0 -0.9926173 0.05401802 0 -0.99854 0.05401802 0 -0.99854 0.05385196 -0.07835251 -0.9954702 -0.05401802 0 -0.99854 -0.05385196 -0.07835251 -0.9954702 0.05381304 0.08703815 -0.9947504 -0.05401802 0 -0.99854 0 -0.1650605 -0.9862834 0 -0.1650605 -0.9862834 0 0.08716446 -0.9961939 0 0.08716446 -0.9961939 0 -0.07846635 -0.9969168 0 -0.07846635 -0.9969168 -0.2419891 0.4221125 0.8736489 -0.24199 0.4221115 0.8736491 0.2419899 0.4221125 0.8736486 -0.2419899 -0.4221125 0.8736486 0.2419891 -0.4221125 0.8736489 0.24199 -0.4221115 0.8736491 0 0 -1 0 0 -1 0 0 -1 0 0 -1 0 0 -1 0 0 -1 0 0 -1 0 0 -1 0 0 -1 0 0 -1 0 0 -1 0 0 -1 0 0 -1 0 0 -1 0 0 -1 0 0 -1 0 0 -1 0 0 -1 0 0 -1 0 0 -1 0 0 -1 0 0 -1 0 0 -1 0 0 -1 0 0 -1 0.07845717 -0.9969175 0 0 -1 0 0 0 1 0 0 1 -0.07845717 -0.9969175 0 -0.07845717 -0.9969175 0 0 -1 0 0 0 1 0 0 1 0.07845717 -0.9969175 0 0.2334429 -0.9723706 0 0 0 1 -0.2334429 -0.9723706 0 -0.2334429 -0.9723706 0 0 0 1 0.2334429 -0.9723706 0 0.3826847 -0.923879 0 0 0 1 -0.3826847 -0.923879 0 -0.3826847 -0.923879 0 0 0 1 0.3826847 -0.923879 0 0.5224974 -0.8526409 0 0 0 1 0 0 1 0 0 1 0 0 1 0 0 1 0 0 1 -0.5224974 -0.8526409 0 -0.5224974 -0.8526409 0 0 0 1 0.5224974 -0.8526409 0 0.6494487 -0.7604054 0 -0.6494487 -0.7604054 0 -0.6494487 -0.7604054 0 0 0 1 0.6494487 -0.7604054 0 0.7604047 -0.6494495 0 -0.7604047 -0.6494495 0 -0.7604047 -0.6494495 0 0 0 1 0.7604047 -0.6494495 0 0.8526399 -0.5224991 0 -0.8526399 -0.5224991 0 -0.8526399 -0.5224991 0 0 0 1 0 0 1 0 0 1 0.8526399 -0.5224991 0 0.9238793 -0.3826838 0 -0.9238793 -0.3826838 0 -0.9238793 -0.3826838 0 0.9238793 -0.3826838 0 0.97237 -0.2334449 0 -0.97237 -0.2334449 0 -0.97237 -0.2334449 0 0.97237 -0.2334449 0 0.9969174 -0.07845866 0 -0.9969174 -0.07845866 0 -0.9969174 -0.07845866 0 0 0 -1 1 0 0 1 0 0 0.9969174 -0.07845866 0 0 0 1 0 0 1 -1 0 0 0 0 -1 0.9969174 0.07845795 0 0 0 1 0 0 1 0 0 1 0 0 1 0 0 1 0 0 1 -1 0 0 -0.9969174 0.07845795 0 -0.9969174 0.07845795 0 0 0 1 0 0 1 0 0 1 0 0 1 0 0 1 0 0 1 0 0 1 0 0 1 0 0 1 0 0 -1 0.9969174 0.07845795 0 0.9723695 0.2334471 0 0 0 1 0 0 1 0 0 1 -0.9723695 0.2334471 0 -0.9723695 0.2334471 0 0 0 1 0.9723695 0.2334471 0 0.9238795 0.3826836 0 0 0 1 -0.9238795 0.3826836 0 -0.9238795 0.3826836 0 0 0 -1 0 0 -1 0.9238795 0.3826836 0 0.85264 0.5224988 0 -0.85264 0.5224988 0 -0.85264 0.5224988 0 0.85264 0.5224988 0 0.7604089 0.6494447 0 -0.7604089 0.6494447 0 -0.7604089 0.6494447 0 0 0 -1 0 0 -1 0.7604089 0.6494447 0 0.6494487 0.7604054 0 -0.6494487 0.7604054 0 -0.6494487 0.7604054 0 0.6494487 0.7604054 0 0.5224974 0.8526409 0 -0.5224974 0.8526409 0 -0.5224974 0.8526409 0 0.5224974 0.8526409 0 0.3826847 0.923879 0 -0.3826847 0.923879 0 -0.3826847 0.923879 0 0 0 -1 0 0 -1 0.3826847 0.923879 0 0.2334429 0.9723706 0 -0.2334429 0.9723706 0 -0.2334429 0.9723706 0 0.2334429 0.9723706 0 0.07845717 0.9969175 0 -0.07845717 0.9969175 0 -0.07845717 0.9969175 0 0 1 0 0 1 0 0.07845717 0.9969175 0 0 0 -1 0 0 -1 0 0 -1 0 0 -1 0 0 -1 0 0 -1 0 0 -1 0 0 -1 0 0 -1 0 0 -1 0 0 -1 0 0 -1 0 0 -1 0 0 -1 -0.04426842 0.5730131 0.8183497 -0.04426914 0.5730123 0.8183503 0.1322864 0.5730124 0.8087998 0.04426848 0.5730123 0.8183504 -0.04426842 -0.5730133 0.8183495 -0.1322863 -0.5730134 0.808799 0.04426914 -0.5730134 0.8183495 0.04426842 -0.5730141 0.818349 -0.4051403 0.08714497 0.9100918 -0.3673864 0.1025771 0.9243945 0.4051403 0.08714497 0.9100918 0.3673864 0.1025771 0.9243945 0.3567847 0.2584673 0.897719 -0.4051403 -0.08714514 0.9100918 -0.3673864 -0.1025773 0.9243945 -0.3567847 -0.2584673 0.897719 0.4051403 -0.08714514 0.9100918 0.3673864 -0.1025773 0.9243945 0 0.5735754 0.8191528 0 0.5735754 0.8191528 0.04426914 0.5730131 0.8183497 -0.04426908 -0.5730141 0.818349 0 -0.5735765 0.819152 0 -0.5735765 0.819152 -0.4066875 0 0.9135673 0.4066875 0 0.9135673 0.4066875 0 0.9135673 -0.4066875 0 0.9135673 -0.3567481 0 0.9342007 -0.3553928 0.08708471 0.9306515 0.3567481 0 0.9342007 0.3567481 0 0.9342007 0.3553928 0.08708471 0.9306515 -0.3567481 0 0.9342007 -0.3553928 -0.08708488 0.9306515 0.3553928 -0.08708488 0.9306515 -0.1463297 0.4221115 0.894656 -0.1463289 0.4221123 0.8946558 0.2419893 0.4221115 0.8736492 0.1463291 0.4221115 0.8946562 -0.1463291 -0.4221115 0.8946562 -0.2419893 -0.4221115 0.8736492 0.1463297 -0.4221115 0.894656 0.1463289 -0.4221123 0.8946558 -0.2578624 0.2584673 0.9309681 -0.257866 0.2584623 0.9309685 0.2578656 0.2584673 0.9309673 -0.2578656 -0.2584673 0.9309673 0.2578624 -0.2584673 0.9309681 0.257866 -0.2584623 0.9309685 -0.04896849 0.4221107 0.9052208 -0.04896724 0.4221124 0.9052201 0.1463296 0.4221124 0.8946557 0.04896843 0.4221123 0.90522 -0.04896843 -0.4221123 0.90522 -0.1463296 -0.4221124 0.8946557 0.04896724 -0.4221124 0.9052201 0.04896849 -0.4221107 0.9052208 -0.2917595 0.0871241 0.9525155 -0.2653787 0.1077485 0.9581046 0.2578628 0.2584623 0.9309694 0.2659199 0.08703219 0.9600583 0.2388154 0.1281548 0.9625713 0.2917595 0.0871241 0.9525155 -0.2917595 -0.08712428 0.9525155 -0.2388154 -0.1281551 0.9625713 -0.2659199 -0.08703237 0.9600583 -0.2578628 -0.2584623 0.9309694 0.2917595 -0.08712428 0.9525155 0.2653787 -0.1077487 0.9581046 0 0.4226177 0.9063081 0 0.4226177 0.9063081 0.0489673 0.4221107 0.9052208 -0.0489673 -0.4221107 0.9052208 0 -0.4226177 0.9063081 0 -0.4226177 0.9063081 -0.2928732 0 0.9561513 0.2928732 0 0.9561513 0.2928732 0 0.9561513 -0.2928732 0 0.9561513 -0.1559324 0.2584622 0.9533532 -0.1559301 0.2584656 0.9533528 0.1559302 0.2584621 0.9533535 -0.1559302 -0.2584621 0.9533535 0.1559324 -0.2584622 0.9533532 0.1559301 -0.2584656 0.9533528 -0.240801 0 0.9705745 -0.2398853 0.08712691 0.9668836 0.240801 0 0.9705745 0.240801 0 0.9705745 -0.240801 0 0.9705745 0.2398853 -0.08712708 0.9668836 -0.05217993 0.2584652 0.9646103 -0.05217975 0.2584655 0.9646102 0.1559323 0.2584655 0.9533524 0.05217993 0.2584655 0.9646102 -0.05217993 -0.2584655 0.9646102 -0.1559323 -0.2584655 0.9533524 0.05217975 -0.2584655 0.9646102 0.05217993 -0.2584652 0.9646103 -0.1740687 0.08708745 0.980875 -0.1605657 0.1025792 0.9816802 0.1740687 0.08708751 0.980875 0.1605657 0.1025792 0.9816802 -0.1605656 -0.1025794 0.9816802 -0.1740687 -0.08708769 0.980875 0.1740687 -0.08708769 0.980875 0.1605656 -0.1025794 0.9816802 0 0.2588178 0.9659261 0 0.2588178 0.9659261 0.05217975 0.2584652 0.9646103 -0.05217975 -0.2584652 0.9646103 0 -0.2588178 0.9659261 0 -0.2588178 0.9659261 -0.1747326 0 0.984616 0.1747326 0 0.984616 0.1747326 0 0.984616 -0.1747326 0 0.984616 -0.1208398 0.08714962 0.988839 -0.05381017 0.08703047 0.9947513 -0.05380964 0.0870313 0.9947512 0.1208398 0.08714962 0.988839 0.05381017 0.0870313 0.9947513 -0.05381017 -0.08703148 0.9947512 -0.1208398 -0.08714979 0.9888391 0.1208398 -0.08714985 0.9888391 0.05380964 -0.08703148 0.9947512 0.05381017 -0.08703064 0.9947512 -0.1213014 0 0.9926158 0.1213014 0 0.9926158 0.1213014 0 0.9926158 -0.1213014 0 0.9926158 0 0.08715671 0.9961946 0 0.08715671 0.9961946 0.05380964 0.08703047 0.9947513 -0.05380964 -0.08703064 0.9947513 0 -0.08715689 0.9961946 0 -0.08715689 0.9961946 -0.05401456 0 0.9985402 0.05401456 0 0.9985402 0.05401456 0 0.9985402 -0.05401456 0 0.9985402 0 0 1 0 0 1 0 0 1 0 0 1 0 0 1 0 0 1 0 0 1 0 0 1 0 0 1 0 0 1 0 0 1 0 0 1 0 0 1 0 0 1 0 0 1 0 0 1 0 0 1 0 0 1 0 0 1 0 0 1 0 0 1 0 0 1 0 0 1 0 0 1 0 0 1 0 0 1 0 0 1 0 0 1 0 0 1 0 0 1 0 0 1 0 0 1 0 0 1 0 0 1 0 0 1 0 0 1 0 0 1 0 0 1 0 0 1 0 0 1 0 0 1 0 0 1 0 0 1 0 0 1 0 0 1 0 0 1 0 0 1 0 0 1 -1 0 0 -1 0 0 -1 0 0 -1 0 0 -1 0 0 -1 0 0 -1 0 0 -1 0 0 -1 0 0 -1 0 0 0 0 -1 0 0 -1 0 0 -1 -0.9961947 -0.08715665 0 -1 0 0 -1 0 0 -1 0 0 -1 0 0 -1 0 0 -1 0 0 -1 0 0 -1 0 0 -1 0 0 0 0 -1 -0.9961947 0.08715665 0 0 0 -1 -0.9961946 -0.08715665 0 -0.9659259 -0.2588187 0 0 0 -1 -0.9659259 0.2588188 0 -0.9961946 0.08715665 0 -0.9659259 0.2588188 0 0 0 -1 -0.9659259 -0.2588187 0 -0.9063083 -0.4226172 0 0 0 -1 -0.9063083 0.4226172 0 -0.9063083 0.4226172 0 0 0 -1 -0.9063083 -0.4226172 0 -0.8191517 -0.5735769 0 0 0 -1 -0.8191518 0.5735767 0 -0.8191518 0.5735767 0 0 0 -1 -0.8191517 -0.5735769 0 -0.7071068 -0.7071068 0 0 0 -1 -0.7071068 0.7071068 0 -0.7071068 0.7071068 0 0 0 -1 -0.7071068 -0.7071068 0 -0.5735765 -0.8191521 0 0 0 -1 -0.5735765 0.8191521 0 -0.5735765 0.8191521 0 0 0 -1 -0.5735765 -0.8191521 0 -0.4226181 -0.9063079 0 0 0 -1 -0.4226181 0.9063079 0 -0.4226181 0.9063079 0 0 0 -1 -0.4226181 -0.9063079 0 -0.2588187 -0.9659259 0 0 0 -1 -0.2588187 0.9659259 0 -0.2588187 0.9659259 0 0 0 -1 -0.2588187 -0.9659259 0 -0.08715558 -0.9961947 0 0 0 -1 -0.08715558 0.9961947 0 -0.08715558 0.9961947 0 0 -1 0 0 0 -1 -0.08715558 -0.9961947 0 0 0 -1 1 0 0 1 0 0 1 0 0 1 0 0 1 0 0 1 0 0 1 0 0 1 0 0 1 0 0 1 0 0 0 1 0 0 0 -1 0 -1 0 1 0 0 1 0 0 1 0 0 1 0 0 1 0 0 1 0 0 1 0 0 1 0 0 1 0 0 0 1 0 0 1 0 0 0 -1 0 -1 0 0 0 -1 0.08715558 -0.9961947 0 0 0 -1 0 0 -1 0 0 -1 0 0 -1 0 0 -1 0 0 -1 0 0 -1 0 0 -1 0 0 -1 0 0 -1 0 1 0 -1 0 0 -1 0 0 0 0 -1 0 0 -1 0 0 -1 0 0 -1 0 0 -1 0 0 -1 0 0 -1 0 0 -1 0 0 -1 0 -1 0 0.08715558 0.9961947 0 0.08715558 0.9961947 0 0.08715558 -0.9961947 0 0.2588187 -0.9659259 0 0.2588187 0.9659259 0 0.2588187 0.9659259 0 0.2588187 -0.9659259 0 0.4226181 -0.9063079 0 0.4226181 0.9063079 0 0.4226181 0.9063079 0 0.4226181 -0.9063079 0 0.5735765 -0.8191521 0 0.5735765 0.8191521 0 0.5735765 0.8191521 0 0.5735765 -0.8191521 0 0.7071068 -0.7071068 0 0.7071068 0.7071068 0 0.7071068 0.7071068 0 0.7071068 -0.7071068 0 0.8191517 -0.5735769 0 0.8191518 0.5735767 0 0.8191518 0.5735767 0 0.8191517 -0.5735769 0 0.9063083 -0.4226172 0 0.9063083 0.4226172 0 0.9063083 0.4226172 0 0.9063083 -0.4226172 0 0.9659259 -0.2588187 0 0.9659259 0.2588188 0 0.9659259 0.2588188 0 0.9659259 -0.2588187 0 0.9961946 -0.08715665 0 0.9961946 0.08715665 0 0.9961946 0.08715665 0 1 0 0 0.9961946 -0.08715665 0 1 0 0 0 -0.087161 0.9961942 0 0.087161 0.9961942 0 0.087161 0.9961942 0 -0.087161 0.9961942 0 0.2588178 0.9659261 0 0.2588178 0.9659261 0 -0.2588178 0.9659261 0 -0.2588178 0.9659261 0 0.4226089 0.9063122 0 0.4226089 0.9063122 0 -0.422609 0.9063121 0 -0.422609 0.9063121 0 0.5735762 0.8191522 0 0.5735762 0.8191522 0 -0.5735762 0.8191522 0 -0.5735762 0.8191522 0 0.7071141 0.7070996 0 0.7071141 0.7070996 0 -0.7071141 0.7070996 0 -0.7071141 0.7070996 0 0.819149 0.5735808 0 0.819149 0.5735808 0 -0.8191491 0.5735806 0 -0.8191491 0.5735806 0 0.9063067 0.4226207 0 0.9063067 0.4226207 0 -0.9063067 0.4226207 0 -0.9063067 0.4226207 0 0.9659268 0.2588155 0 0.9659268 0.2588155 0 -0.9659266 0.258816 0 -0.9659266 0.258816 0 0.9961946 0.08715659 0 0.9961946 0.08715659 0 -0.9961946 0.08715659 0 -0.9961946 0.08715659 -1 0 0 0 0.9961948 -0.08715504 0 0.9961948 -0.08715504 -0.9961946 -0.08715665 0 -1 0 0 0 -0.9961948 -0.08715504 -0.9961946 0.08715665 0 1 0 0 0 1 0 1 0 0 0 -1 0 0 -0.9961948 -0.08715504 -1 0 0 0 0.9659256 -0.2588199 0 0.9659256 -0.2588199 -1 0 0 0 -0.9659255 -0.2588204 1 0 0 1 0 0 0 -0.9659255 -0.2588204 -1 0 0 0 0.9063071 -0.4226198 0 0.9063071 -0.4226198 -1 0 0 0 -0.9063071 -0.4226198 1 0 0 1 0 0 0 -0.9063071 -0.4226198 -1 0 0 0 0.8191548 -0.5735726 0 0.8191548 -0.5735726 -1 0 0 0 -0.8191549 -0.5735723 1 0 0 1 0 0 0 -0.8191549 -0.5735723 -1 0 0 0 0.7071053 -0.7071083 0 0.7071053 -0.7071083 -1 0 0 0 -0.7071053 -0.7071083 1 0 0 1 0 0 0 -0.7071053 -0.7071083 -1 0 0 0 0.5735754 -0.8191527 0 0.5735754 -0.8191527 -1 0 0 0 -0.5735754 -0.8191527 1 0 0 1 0 0 0 -0.5735754 -0.8191527 -1 0 0 0 0.4226242 -0.9063051 0 0.4226242 -0.9063051 -1 0 0 -1 0 0 0 -0.4226242 -0.9063049 1 0 0 1 0 0 0 -0.4226242 -0.9063049 -1 0 0 -1 0 0 0 0.2588168 -0.9659265 0 0.2588168 -0.9659265 -1 0 0 0 -0.2588168 -0.9659265 1 0 0 1 0 0 0 -0.2588168 -0.9659265 -1 0 0 0 0.087161 -0.9961942 0 0.087161 -0.9961942 -1 0 0 0 -0.087161 -0.9961942 1 0 0 1 0 0 0 -0.087161 -0.9961942 -1 0 0 0 0 -1 0 0 -1 0 0 -1 0 0 1 0 0 1 0 0 1 0 0 1 0 0 1 0 0 1 0 -1 0 0 -1 0 0 -1 0 0 -1 0 0 -1 0 0 -1 0 0 -1 0 0 -1 0 0 -1 0 0 -1 0 0 0 1 0 0 1 0 0 1 0 0 1 0 1 0 0 1 0 0 1 0 0 1 0 0 1 0 0 1 0 0 1 0 0 1 0 0 1 0 0 1 0 0 0 1 0 0 1 0 0 1 0 0 1 0 0 1 0 0 1 0 0 1 0 0 1 0 0 1 0 0 1 0 0 1 0 0 1 0 0 1 0 0 1 0 0 1 0 0 1 0 0 1 0 0 1 0 0 1 0 0 1 0 0 1 0 0 1 0 0 1 0 0 1 0 0 1 0 0 1 1 0 0 0 -1 0 0 -1 0 0 -1 0 0 -1 0 0 -1 0 0 -1 0 0 -1 0 0 -1 0 1 0 0 0 1 0 0 1 0 0 1 0 0 1 0 0 1 0 0 1 0 0 1 0 0 1 0 -0.08716154 0 0.9961942 -0.08716154 0 0.9961942 0.08716154 0 0.9961942 0.08716154 0 0.9961942 0.2588168 0 0.9659265 0.2588168 0 0.9659265 -0.2588168 0 0.9659265 -0.2588168 0 0.9659265 0.4226238 0 0.9063053 0.4226238 0 0.9063053 -0.4226238 0 0.9063053 -0.4226238 0 0.9063053 0.573576 0 0.8191524 0.573576 0 0.8191524 -0.573576 0 0.8191524 -0.573576 0 0.8191524 0.7071057 0 0.7071079 0.7071057 0 0.7071079 -0.7071057 0 0.7071079 -0.7071057 0 0.7071079 0.8191487 0 0.5735812 0.8191487 0 0.5735812 -0.8191487 0 0.5735812 -0.8191487 0 0.5735812 0.90631 0 0.4226135 0.90631 0 0.4226135 -0.90631 0 0.4226135 -0.90631 0 0.4226135 0 -1 0 0.9659256 0 0.2588199 0.9659256 0 0.2588199 -0.9659256 0 0.2588199 -0.9659256 0 0.2588199 0 1 0 0 -1 0 0.9961948 0 0.0871551 0 1 0 0.9961948 0 0.0871551 0 -1 0 -0.9961948 0 0.0871551 -0.9961948 0 0.0871551 0 1 0 -0.9961946 0 0.08715581 0 -1 0 -0.9961946 0 0.08715581 0 1 0 0 1 0 0 -1 0 0.9961946 0 -0.08715659 0.9961946 0 -0.08715659 0 -1 0 -0.9961946 0 -0.08715659 -0.9961946 0 -0.08715659 0 1 0 0 1 0 0.9961946 0 0.08715581 0.9961946 0 0.08715581 0 -1 0 0 -1 0 0 -1 0 0.9659268 0 -0.2588157 0 1 0 0.9659268 0 -0.2588157 0 -1 0 -0.9659268 0 -0.2588157 -0.9659268 0 -0.2588157 0 1 0 0 1 0 0 -1 0 0 -1 0 0.906307 0 -0.4226199 0 1 0 0 1 0 0.906307 0 -0.4226199 0 -1 0 0 -1 0 -0.906307 0 -0.4226199 -0.906307 0 -0.4226199 0 1 0 0 1 0 -0.9659257 0 0.2588199 -0.9659257 0 0.2588199 0.9659257 0 0.2588199 0.9659257 0 0.2588199 0 -1 0 0 -1 0 0.8191487 0 -0.5735812 0 1 0 0 1 0 0.8191487 0 -0.5735812 0 -1 0 0 -1 0 -0.8191487 0 -0.5735812 -0.8191487 0 -0.5735812 0 1 0 0 1 0 0 -1 0 0 -1 0 0.7071057 0 -0.7071079 0 1 0 0 1 0 0.7071057 0 -0.7071079 0 -1 0 0 -1 0 -0.7071057 0 -0.7071079 -0.7071057 0 -0.7071079 0 1 0 0 1 0 -0.9063086 0 0.4226167 -0.9063086 0 0.4226167 0.9063086 0 0.4226167 0.9063086 0 0.4226167 0 -1 0 0 -1 0 0.5735874 0 -0.8191445 0 1 0 0 1 0 0.5735874 0 -0.8191445 0 -1 0 0 -1 0 -0.5735874 0 -0.8191445 -0.5735874 0 -0.8191445 0 1 0 0 1 0 0 -1 0 0 -1 0 0.4226098 0 -0.9063118 0 1 0 0 1 0 0.4226098 0 -0.9063118 0 -1 0 0 -1 0 -0.4226098 0 -0.9063118 -0.4226098 0 -0.9063118 0 1 0 0 1 0 0 -1 0 0 -1 0 0.2588168 0 -0.9659265 0 1 0 0 1 0 0.2588168 0 -0.9659265 0 -1 0 0 -1 0 -0.2588168 0 -0.9659265 -0.2588168 0 -0.9659265 0 1 0 0 1 0 0 -1 0 0 -1 0 0.08716154 0 -0.9961942 0 1 0 0 1 0 0.08716154 0 -0.9961942 0 -1 0 0 -1 0 -0.08716154 0 -0.9961942 -0.08716154 0 -0.9961942 0 1 0 0 1 0 -0.8191514 0 0.5735774 -0.8191514 0 0.5735774 0 -1 0 0 1 0 0.8191514 0 0.5735774 0.8191514 0 0.5735774 -0.7071057 0 0.7071079 -0.7071057 0 0.7071079 0.7071057 0 0.7071079 0.7071057 0 0.7071079 -0.573576 0 0.8191524 -0.573576 0 0.8191524 0.573576 0 0.8191524 0.573576 0 0.8191524 -0.4226233 0 0.9063055 -0.4226233 0 0.9063055 0.4226233 0 0.9063055 0.4226233 0 0.9063055 -0.2588173 0 0.9659262 -0.2588173 0 0.9659262 0.2588173 0 0.9659262 0.2588173 0 0.9659262 -0.08715283 0 0.996195 -0.08715283 0 0.996195 0.08715283 0 0.996195 0.08715283 0 0.996195</float_array>
          <technique_common>
            <accessor source="#battery-mesh-normals-array" count="5882" stride="3">
              <param name="X" type="float"/>
              <param name="Y" type="float"/>
              <param name="Z" type="float"/>
            </accessor>
          </technique_common>
        </source>
        <vertices id="battery-mesh-vertices">
          <input semantic="POSITION" source="#battery-mesh-positions"/>
        </vertices>
        <triangles count="5882">
          <input semantic="VERTEX" source="#battery-mesh-vertices" offset="0"/>
          <input semantic="NORMAL" source="#battery-mesh-normals" offset="1"/>
          <p>1 0 3 0 0 0 3 1 2 1 0 1 2 2 4 2 0 2 4 3 8 3 0 3 8 4 1 4 0 4 7 5 3 5 1 5 5 6 7 6 1 6 8 7 9 7 1 7 9 8 17 8 1 8 17 9 5 9 1 9 6 10 4 10 2 10 18 11 6 11 2 11 10 12 18 12 2 12 3 13 11 13 2 13 11 14 10 14 2 14 7 15 11 15 3 15 6 16 12 16 4 16 12 17 16 17 4 17 16 18 8 18 4 18 15 19 7 19 5 19 13 20 15 20 5 20 17 21 13 21 5 21 14 22 12 22 6 22 18 23 14 23 6 23 19 24 11 24 7 24 15 25 19 25 7 25 16 26 24 26 8 26 24 27 9 27 8 27 24 28 25 28 9 28 25 29 33 29 9 29 33 30 17 30 9 30 34 31 18 31 10 31 26 32 34 32 10 32 11 33 27 33 10 33 27 34 26 34 10 34 19 35 27 35 11 35 14 36 20 36 12 36 20 37 28 37 12 37 28 38 16 38 12 38 23 39 15 39 13 39 21 40 23 40 13 40 29 41 21 41 13 41 17 42 29 42 13 42 22 43 20 43 14 43 30 44 22 44 14 44 18 45 30 45 14 45 31 46 19 46 15 46 23 47 31 47 15 47 28 48 32 48 16 48 32 49 24 49 16 49 41 50 29 50 17 50 33 51 41 51 17 51 42 52 30 52 18 52 34 53 42 53 18 53 35 54 27 54 19 54 31 55 35 55 19 55 22 56 36 56 20 56 52 57 28 57 20 57 36 58 52 58 20 58 39 59 23 59 21 59 37 60 39 60 21 60 29 61 37 61 21 61 38 62 36 62 22 62 30 63 38 63 22 63 39 64 55 64 23 64 55 65 31 65 23 65 32 66 48 66 24 66 48 67 25 67 24 67 48 68 49 68 25 68 49 69 57 69 25 69 57 70 33 70 25 70 58 71 34 71 26 71 50 72 58 72 26 72 27 73 51 73 26 73 51 74 50 74 26 74 35 75 51 75 27 75 52 76 40 76 28 76 40 77 32 77 28 77 53 78 37 78 29 78 61 79 53 79 29 79 41 80 61 80 29 80 54 81 38 81 30 81 62 82 54 82 30 82 42 83 62 83 30 83 43 84 35 84 31 84 55 85 43 85 31 85 40 86 56 86 32 86 56 87 48 87 32 87 65 88 41 88 33 88 57 89 65 89 33 89 66 90 42 90 34 90 58 91 66 91 34 91 59 92 51 92 35 92 43 93 59 93 35 93 38 94 44 94 36 94 44 95 52 95 36 95 47 96 39 96 37 96 45 97 47 97 37 97 53 98 45 98 37 98 46 99 44 99 38 99 54 100 46 100 38 100 47 101 55 101 39 101 60 102 64 102 40 102 52 103 60 103 40 103 64 104 56 104 40 104 93 105 61 105 41 105 65 106 93 106 41 106 94 107 62 107 42 107 66 108 94 108 42 108 67 109 59 109 43 109 55 110 63 110 43 110 63 111 67 111 43 111 46 112 68 112 44 112 68 113 52 113 44 113 71 114 47 114 45 114 69 115 71 115 45 115 53 116 69 116 45 116 70 117 68 117 46 117 54 118 70 118 46 118 71 119 55 119 47 119 56 120 76 120 48 120 76 121 49 121 48 121 76 122 77 122 49 122 77 123 85 123 49 123 85 124 57 124 49 124 86 125 58 125 50 125 78 126 86 126 50 126 51 127 79 127 50 127 79 128 78 128 50 128 59 129 79 129 51 129 68 130 80 130 52 130 80 131 60 131 52 131 81 132 69 132 53 132 115 133 81 133 53 133 61 134 115 134 53 134 82 135 70 135 54 135 116 136 82 136 54 136 62 137 116 137 54 137 71 138 83 138 55 138 83 139 63 139 55 139 64 140 84 140 56 140 84 141 76 141 56 141 119 142 65 142 57 142 85 143 119 143 57 143 120 144 66 144 58 144 86 145 120 145 58 145 87 146 79 146 59 146 67 147 87 147 59 147 92 148 64 148 60 148 80 149 114 149 60 149 114 150 92 150 60 150 155 151 115 151 61 151 93 152 155 152 61 152 156 153 116 153 62 153 94 154 156 154 62 154 95 155 67 155 63 155 83 156 117 156 63 156 117 157 95 157 63 157 92 158 118 158 64 158 118 159 84 159 64 159 159 160 93 160 65 160 119 161 159 161 65 161 160 162 94 162 66 162 120 163 160 163 66 163 121 164 87 164 67 164 95 165 121 165 67 165 70 166 72 166 68 166 72 167 80 167 68 167 75 168 71 168 69 168 73 169 75 169 69 169 81 170 73 170 69 170 74 171 72 171 70 171 82 172 74 172 70 172 75 173 83 173 71 173 74 174 162 174 72 174 162 175 80 175 72 175 165 176 75 176 73 176 163 177 165 177 73 177 81 178 181 178 73 178 181 179 163 179 73 179 164 180 162 180 74 180 174 181 164 181 74 181 82 182 174 182 74 182 165 183 175 183 75 183 175 184 83 184 75 184 84 185 166 185 76 185 166 186 77 186 76 186 166 187 167 187 77 187 167 188 185 188 77 188 185 189 85 189 77 189 186 190 86 190 78 190 168 191 186 191 78 191 79 192 169 192 78 192 169 193 168 193 78 193 87 194 169 194 79 194 180 195 114 195 80 195 162 196 180 196 80 196 115 197 205 197 81 197 205 198 181 198 81 198 182 199 174 199 82 199 194 200 182 200 82 200 116 201 194 201 82 201 175 202 183 202 83 202 183 203 195 203 83 203 195 204 117 204 83 204 118 205 184 205 84 205 184 206 166 206 84 206 201 207 119 207 85 207 185 208 201 208 85 208 202 209 120 209 86 209 186 210 202 210 86 210 187 211 169 211 87 211 121 212 187 212 87 212 90 213 89 213 88 213 102 214 104 214 88 214 104 215 90 215 88 215 96 216 102 216 88 216 89 217 96 217 88 217 90 218 91 218 89 218 91 219 103 219 89 219 97 220 96 220 89 220 103 221 97 221 89 221 112 222 100 222 90 222 104 223 112 223 90 223 100 224 101 224 90 224 101 225 91 225 90 225 105 226 103 226 91 226 101 227 105 227 91 227 158 228 118 228 92 228 114 229 154 229 92 229 154 230 158 230 92 230 225 231 155 231 93 231 159 232 225 232 93 232 226 233 156 233 94 233 160 234 226 234 94 234 161 235 121 235 95 235 117 236 157 236 95 236 157 237 161 237 95 237 110 238 102 238 96 238 98 239 110 239 96 239 97 240 98 240 96 240 99 241 98 241 97 241 111 242 99 242 97 242 103 243 111 243 97 243 122 244 110 244 98 244 99 245 122 245 98 245 123 246 122 246 99 246 111 247 123 247 99 247 134 248 126 248 100 248 112 249 134 249 100 249 126 250 127 250 100 250 127 251 101 251 100 251 127 252 113 252 101 252 113 253 105 253 101 253 106 254 108 254 102 254 108 255 104 255 102 255 110 256 106 256 102 256 105 257 107 257 103 257 107 258 111 258 103 258 108 259 112 259 104 259 109 260 107 260 105 260 113 261 109 261 105 261 128 262 130 262 106 262 130 263 108 263 106 263 110 264 136 264 106 264 136 265 128 265 106 265 109 266 129 266 107 266 129 267 137 267 107 267 137 268 111 268 107 268 138 269 112 269 108 269 130 270 138 270 108 270 131 271 129 271 109 271 139 272 131 272 109 272 113 273 139 273 109 273 132 274 136 274 110 274 122 275 132 275 110 275 133 276 123 276 111 276 137 277 147 277 111 277 147 278 133 278 111 278 148 279 134 279 112 279 138 280 148 280 112 280 127 281 135 281 113 281 135 282 139 282 113 282 204 283 154 283 114 283 180 284 204 284 114 284 155 285 249 285 115 285 249 286 205 286 115 286 206 287 194 287 116 287 228 288 206 288 116 288 156 289 228 289 116 289 195 290 207 290 117 290 207 291 229 291 117 291 229 292 157 292 117 292 158 293 200 293 118 293 200 294 184 294 118 294 243 295 159 295 119 295 201 296 243 296 119 296 244 297 160 297 120 297 202 298 244 298 120 298 203 299 187 299 121 299 161 300 203 300 121 300 124 301 132 301 122 301 123 302 124 302 122 302 125 303 124 303 123 303 133 304 125 304 123 304 144 305 132 305 124 305 125 306 144 306 124 306 145 307 144 307 125 307 133 308 145 308 125 308 172 309 152 309 126 309 134 310 172 310 126 310 152 311 153 311 126 311 153 312 127 312 126 312 153 313 135 313 127 313 140 314 142 314 128 314 142 315 130 315 128 315 136 316 140 316 128 316 131 317 141 317 129 317 141 318 189 318 129 318 189 319 137 319 129 319 142 320 138 320 130 320 143 321 141 321 131 321 139 322 143 322 131 322 146 323 136 323 132 323 170 324 146 324 132 324 144 325 170 325 132 325 171 326 145 326 133 326 147 327 197 327 133 327 197 328 171 328 133 328 198 329 172 329 134 329 148 330 198 330 134 330 153 331 173 331 135 331 173 332 149 332 135 332 149 333 139 333 135 333 176 334 140 334 136 334 188 335 176 335 136 335 146 336 188 336 136 336 189 337 209 337 137 337 209 338 147 338 137 338 210 339 148 339 138 339 190 340 210 340 138 340 142 341 190 341 138 341 149 342 191 342 139 342 191 343 179 343 139 343 179 344 143 344 139 344 176 345 178 345 140 345 178 346 142 346 140 346 143 347 177 347 141 347 177 348 189 348 141 348 178 349 190 349 142 349 179 350 177 350 143 350 150 351 170 351 144 351 145 352 150 352 144 352 151 353 150 353 145 353 171 354 151 354 145 354 208 355 188 355 146 355 196 356 208 356 146 356 170 357 196 357 146 357 209 358 235 358 147 358 235 359 197 359 147 359 236 360 198 360 148 360 210 361 236 361 148 361 199 362 211 362 149 362 211 363 191 363 149 363 173 364 199 364 149 364 192 365 170 365 150 365 151 366 192 366 150 366 193 367 192 367 151 367 171 368 193 368 151 368 222 369 214 369 152 369 172 370 222 370 152 370 214 371 215 371 152 371 215 372 153 372 152 372 215 373 173 373 153 373 248 374 224 374 154 374 204 375 248 375 154 375 224 376 158 376 154 376 225 377 295 377 155 377 295 378 249 378 155 378 250 379 228 379 156 379 272 380 250 380 156 380 226 381 272 381 156 381 229 382 251 382 157 382 251 383 273 383 157 383 273 384 227 384 157 384 227 385 161 385 157 385 242 386 200 386 158 386 224 387 242 387 158 387 291 388 225 388 159 388 243 389 291 389 159 389 292 390 226 390 160 390 244 391 292 391 160 391 245 392 203 392 161 392 227 393 245 393 161 393 164 394 487 394 162 394 487 395 497 395 162 395 497 396 180 396 162 396 488 397 490 397 163 397 490 398 165 398 163 398 181 399 488 399 163 399 489 400 487 400 164 400 174 401 489 401 164 401 490 402 496 402 165 402 496 403 175 403 165 403 184 404 260 404 166 404 260 405 167 405 166 405 260 406 261 406 167 406 261 407 265 407 167 407 265 408 185 408 167 408 266 409 186 409 168 409 262 410 266 410 168 410 169 411 263 411 168 411 263 412 262 412 168 412 187 413 263 413 169 413 220 414 196 414 170 414 192 415 220 415 170 415 221 416 193 416 171 416 197 417 253 417 171 417 253 418 221 418 171 418 254 419 222 419 172 419 198 420 254 420 172 420 215 421 223 421 173 421 223 422 199 422 173 422 495 423 489 423 174 423 499 424 495 424 174 424 182 425 499 425 174 425 496 426 183 426 175 426 216 427 218 427 176 427 218 428 178 428 176 428 188 429 216 429 176 429 179 430 217 430 177 430 217 431 189 431 177 431 218 432 190 432 178 432 219 433 217 433 179 433 191 434 219 434 179 434 497 435 539 435 180 435 539 436 204 436 180 436 498 437 488 437 181 437 205 438 498 438 181 438 527 439 499 439 182 439 194 440 527 440 182 440 496 441 500 441 183 441 500 442 195 442 183 442 200 443 264 443 184 443 264 444 260 444 184 444 283 445 201 445 185 445 265 446 283 446 185 446 284 447 202 447 186 447 266 448 284 448 186 448 267 449 263 449 187 449 203 450 267 450 187 450 238 451 216 451 188 451 208 452 238 452 188 452 217 453 239 453 189 453 239 454 257 454 189 454 257 455 209 455 189 455 258 456 210 456 190 456 240 457 258 457 190 457 218 458 240 458 190 458 211 459 241 459 191 459 241 460 219 460 191 460 212 461 220 461 192 461 193 462 212 462 192 462 213 463 212 463 193 463 221 464 213 464 193 464 541 465 527 465 194 465 206 466 541 466 194 466 500 467 528 467 195 467 528 468 207 468 195 468 220 469 252 469 196 469 252 470 234 470 196 470 234 471 208 471 196 471 235 472 279 472 197 472 279 473 253 473 197 473 280 474 254 474 198 474 236 475 280 475 198 475 255 476 237 476 199 476 237 477 211 477 199 477 223 478 255 478 199 478 242 479 282 479 200 479 282 480 264 480 200 480 316 481 243 481 201 481 283 482 316 482 201 482 317 483 244 483 202 483 284 484 317 484 202 484 285 485 267 485 203 485 245 486 285 486 203 486 539 487 561 487 204 487 561 488 248 488 204 488 540 489 498 489 205 489 249 490 540 490 205 490 557 491 541 491 206 491 228 492 557 492 206 492 528 493 542 493 207 493 542 494 229 494 207 494 234 495 256 495 208 495 256 496 238 496 208 496 257 497 287 497 209 497 287 498 235 498 209 498 288 499 236 499 210 499 258 500 288 500 210 500 237 501 259 501 211 501 259 502 241 502 211 502 246 503 220 503 212 503 213 504 246 504 212 504 247 505 246 505 213 505 221 506 247 506 213 506 276 507 270 507 214 507 222 508 276 508 214 508 270 509 271 509 214 509 271 510 215 510 214 510 271 511 223 511 215 511 230 512 232 512 216 512 232 513 218 513 216 513 238 514 230 514 216 514 219 515 231 515 217 515 231 516 239 516 217 516 232 517 240 517 218 517 233 518 231 518 219 518 241 519 233 519 219 519 246 520 274 520 220 520 274 521 252 521 220 521 275 522 247 522 221 522 253 523 301 523 221 523 301 524 275 524 221 524 302 525 276 525 222 525 254 526 302 526 222 526 271 527 277 527 223 527 277 528 255 528 223 528 294 529 290 529 224 529 248 530 294 530 224 530 290 531 242 531 224 531 291 532 354 532 225 532 354 533 295 533 225 533 296 534 272 534 226 534 319 535 296 535 226 535 292 536 319 536 226 536 273 537 297 537 227 537 297 538 320 538 227 538 320 539 293 539 227 539 293 540 245 540 227 540 563 541 557 541 228 541 250 542 563 542 228 542 542 543 558 543 229 543 558 544 251 544 229 544 304 545 306 545 230 545 306 546 232 546 230 546 238 547 304 547 230 547 233 548 305 548 231 548 305 549 310 549 231 549 310 550 239 550 231 550 308 551 240 551 232 551 306 552 308 552 232 552 307 553 305 553 233 553 241 554 307 554 233 554 286 555 256 555 234 555 278 556 286 556 234 556 252 557 278 557 234 557 287 558 326 558 235 558 326 559 279 559 235 559 327 560 280 560 236 560 288 561 327 561 236 561 289 562 259 562 237 562 281 563 289 563 237 563 255 564 281 564 237 564 256 565 309 565 238 565 309 566 304 566 238 566 310 567 322 567 239 567 322 568 257 568 239 568 313 569 258 569 240 569 311 570 313 570 240 570 308 571 311 571 240 571 312 572 307 572 241 572 259 573 314 573 241 573 314 574 312 574 241 574 315 575 282 575 242 575 290 576 315 576 242 576 366 577 291 577 243 577 316 578 366 578 243 578 367 579 292 579 244 579 317 580 367 580 244 580 318 581 285 581 245 581 293 582 318 582 245 582 268 583 274 583 246 583 247 584 268 584 246 584 269 585 268 585 247 585 275 586 269 586 247 586 561 587 598 587 248 587 598 588 294 588 248 588 562 589 540 589 249 589 295 590 562 590 249 590 588 591 563 591 250 591 272 592 588 592 250 592 558 593 564 593 251 593 564 594 273 594 251 594 300 595 278 595 252 595 274 596 300 596 252 596 279 597 330 597 253 597 330 598 301 598 253 598 331 599 302 599 254 599 280 600 331 600 254 600 303 601 281 601 255 601 277 602 303 602 255 602 321 603 309 603 256 603 286 604 321 604 256 604 322 605 344 605 257 605 344 606 287 606 257 606 341 607 288 607 258 607 323 608 341 608 258 608 313 609 323 609 258 609 289 610 342 610 259 610 342 611 324 611 259 611 324 612 314 612 259 612 264 613 347 613 260 613 347 614 261 614 260 614 347 615 348 615 261 615 348 616 362 616 261 616 362 617 265 617 261 617 363 618 266 618 262 618 349 619 363 619 262 619 263 620 350 620 262 620 350 621 349 621 262 621 267 622 350 622 263 622 282 623 361 623 264 623 361 624 347 624 264 624 376 625 283 625 265 625 362 626 376 626 265 626 377 627 284 627 266 627 363 628 377 628 266 628 364 629 350 629 267 629 285 630 364 630 267 630 298 631 274 631 268 631 269 632 298 632 268 632 299 633 298 633 269 633 275 634 299 634 269 634 339 635 335 635 270 635 276 636 339 636 270 636 335 637 336 637 270 637 336 638 271 638 270 638 336 639 277 639 271 639 600 640 588 640 272 640 296 641 600 641 272 641 564 642 589 642 273 642 589 643 297 643 273 643 337 644 300 644 274 644 298 645 337 645 274 645 338 646 299 646 275 646 301 647 358 647 275 647 358 648 338 648 275 648 359 649 339 649 276 649 302 650 359 650 276 650 336 651 340 651 277 651 340 652 303 652 277 652 300 653 329 653 278 653 329 654 325 654 278 654 325 655 286 655 278 655 326 656 372 656 279 656 372 657 330 657 279 657 373 658 331 658 280 658 327 659 373 659 280 659 332 660 328 660 281 660 303 661 332 661 281 661 328 662 289 662 281 662 315 663 375 663 282 663 375 664 361 664 282 664 398 665 316 665 283 665 376 666 398 666 283 666 399 667 317 667 284 667 377 668 399 668 284 668 378 669 364 669 285 669 318 670 378 670 285 670 325 671 343 671 286 671 343 672 321 672 286 672 344 673 382 673 287 673 382 674 326 674 287 674 369 675 327 675 288 675 345 676 369 676 288 676 341 677 345 677 288 677 328 678 370 678 289 678 370 679 346 679 289 679 346 680 342 680 289 680 353 681 365 681 290 681 294 682 353 682 290 682 365 683 315 683 290 683 366 684 410 684 291 684 410 685 354 685 291 685 355 686 319 686 292 686 379 687 355 687 292 687 367 688 379 688 292 688 320 689 356 689 293 689 356 690 380 690 293 690 380 691 368 691 293 691 368 692 318 692 293 692 598 693 643 693 294 693 643 694 353 694 294 694 599 695 562 695 295 695 354 696 599 696 295 696 629 697 600 697 296 697 319 698 629 698 296 698 589 699 601 699 297 699 601 700 320 700 297 700 333 701 337 701 298 701 299 702 333 702 298 702 334 703 333 703 299 703 338 704 334 704 299 704 337 705 357 705 300 705 357 706 329 706 300 706 330 707 386 707 301 707 386 708 358 708 301 708 387 709 359 709 302 709 331 710 387 710 302 710 360 711 332 711 303 711 340 712 360 712 303 712 604 713 306 713 304 713 602 714 604 714 304 714 309 715 608 715 304 715 608 716 602 716 304 716 307 717 603 717 305 717 603 718 310 718 305 718 604 719 308 719 306 719 605 720 603 720 307 720 312 721 605 721 307 721 606 722 311 722 308 722 604 723 606 723 308 723 321 724 631 724 309 724 631 725 608 725 309 725 609 726 322 726 310 726 603 727 609 727 310 727 610 728 313 728 311 728 606 729 610 729 311 729 314 730 607 730 312 730 607 731 605 731 312 731 627 732 323 732 313 732 610 733 627 733 313 733 324 734 628 734 314 734 628 735 607 735 314 735 397 736 375 736 315 736 365 737 397 737 315 737 428 738 366 738 316 738 398 739 428 739 316 739 429 740 367 740 317 740 399 741 429 741 317 741 400 742 378 742 318 742 368 743 400 743 318 743 645 744 629 744 319 744 355 745 645 745 319 745 601 746 630 746 320 746 630 747 356 747 320 747 343 748 636 748 321 748 636 749 631 749 321 749 632 750 344 750 322 750 609 751 632 751 322 751 633 752 341 752 323 752 627 753 633 753 323 753 342 754 635 754 324 754 635 755 628 755 324 755 381 756 343 756 325 756 371 757 381 757 325 757 329 758 371 758 325 758 382 759 418 759 326 759 418 760 372 760 326 760 401 761 373 761 327 761 383 762 401 762 327 762 369 763 383 763 327 763 402 764 384 764 328 764 374 765 402 765 328 765 332 766 374 766 328 766 384 767 370 767 328 767 385 768 371 768 329 768 357 769 385 769 329 769 372 770 414 770 330 770 414 771 386 771 330 771 415 772 387 772 331 772 373 773 415 773 331 773 388 774 374 774 332 774 360 775 388 775 332 775 351 776 337 776 333 776 334 777 351 777 333 777 352 778 351 778 334 778 338 779 352 779 334 779 395 780 391 780 335 780 339 781 395 781 335 781 391 782 392 782 335 782 392 783 336 783 335 783 392 784 340 784 336 784 351 785 393 785 337 785 393 786 357 786 337 786 394 787 352 787 338 787 358 788 406 788 338 788 406 789 394 789 338 789 407 790 395 790 339 790 359 791 407 791 339 791 392 792 396 792 340 792 396 793 360 793 340 793 634 794 345 794 341 794 633 795 634 795 341 795 346 796 635 796 342 796 381 797 671 797 343 797 671 798 636 798 343 798 637 799 382 799 344 799 632 800 637 800 344 800 638 801 369 801 345 801 634 802 638 802 345 802 370 803 656 803 346 803 656 804 635 804 346 804 361 805 423 805 347 805 423 806 348 806 347 806 423 807 424 807 348 807 424 808 438 808 348 808 438 809 362 809 348 809 439 810 363 810 349 810 425 811 439 811 349 811 350 812 426 812 349 812 426 813 425 813 349 813 364 814 426 814 350 814 389 815 393 815 351 815 352 816 389 816 351 816 390 817 389 817 352 817 394 818 390 818 352 818 409 819 365 819 353 819 643 820 700 820 353 820 700 821 409 821 353 821 644 822 599 822 354 822 410 823 644 823 354 823 669 824 645 824 355 824 379 825 669 825 355 825 630 826 646 826 356 826 646 827 380 827 356 827 405 828 385 828 357 828 393 829 405 829 357 829 386 830 432 830 358 830 432 831 406 831 358 831 433 832 407 832 359 832 387 833 433 833 359 833 408 834 388 834 360 834 396 835 408 835 360 835 375 836 437 836 361 836 437 837 423 837 361 837 442 838 376 838 362 838 438 839 442 839 362 839 443 840 377 840 363 840 439 841 443 841 363 841 440 842 426 842 364 842 378 843 440 843 364 843 409 844 427 844 365 844 427 845 397 845 365 845 428 846 472 846 366 846 472 847 410 847 366 847 411 848 379 848 367 848 421 849 411 849 367 849 429 850 421 850 367 850 380 851 412 851 368 851 412 852 422 852 368 852 422 853 430 853 368 853 430 854 400 854 368 854 655 855 383 855 369 855 638 856 655 856 369 856 384 857 656 857 370 857 417 858 381 858 371 858 413 859 417 859 371 859 385 860 413 860 371 860 418 861 456 861 372 861 456 862 414 862 372 862 435 863 415 863 373 863 419 864 435 864 373 864 401 865 419 865 373 865 436 866 420 866 374 866 416 867 436 867 374 867 388 868 416 868 374 868 420 869 402 869 374 869 397 870 441 870 375 870 441 871 437 871 375 871 468 872 398 872 376 872 442 873 468 873 376 873 469 874 399 874 377 874 443 875 469 875 377 875 444 876 440 876 378 876 400 877 444 877 378 877 702 878 669 878 379 878 411 879 702 879 379 879 646 880 670 880 380 880 670 881 412 881 380 881 417 882 704 882 381 882 704 883 671 883 381 883 672 884 418 884 382 884 637 885 672 885 382 885 673 886 401 886 383 886 655 887 673 887 383 887 402 888 691 888 384 888 691 889 656 889 384 889 431 890 413 890 385 890 405 891 431 891 385 891 414 892 460 892 386 892 460 893 432 893 386 893 461 894 433 894 387 894 415 895 461 895 387 895 408 896 434 896 388 896 434 897 416 897 388 897 403 898 393 898 389 898 390 899 403 899 389 899 404 900 403 900 390 900 394 901 404 901 390 901 451 902 447 902 391 902 395 903 451 903 391 903 447 904 448 904 391 904 448 905 392 905 391 905 448 906 396 906 392 906 449 907 405 907 393 907 403 908 449 908 393 908 450 909 404 909 394 909 406 910 464 910 394 910 464 911 450 911 394 911 465 912 451 912 395 912 407 913 465 913 395 913 448 914 452 914 396 914 452 915 408 915 396 915 467 916 441 916 397 916 427 917 467 917 397 917 484 918 428 918 398 918 468 919 484 919 398 919 485 920 429 920 399 920 469 921 485 921 399 921 470 922 444 922 400 922 430 923 470 923 400 923 690 924 419 924 401 924 673 925 690 925 401 925 420 926 691 926 402 926 445 927 449 927 403 927 404 928 445 928 403 928 446 929 445 929 404 929 450 930 446 930 404 930 463 931 431 931 405 931 449 932 463 932 405 932 432 933 480 933 406 933 480 934 464 934 406 934 481 935 465 935 407 935 433 936 481 936 407 936 466 937 434 937 408 937 452 938 466 938 408 938 471 939 427 939 409 939 700 940 766 940 409 940 766 941 471 941 409 941 701 942 644 942 410 942 472 943 701 943 410 943 712 944 702 944 411 944 421 945 712 945 411 945 670 946 703 946 412 946 703 947 422 947 412 947 455 948 417 948 413 948 459 949 455 949 413 949 431 950 459 950 413 950 456 951 492 951 414 951 492 952 460 952 414 952 475 953 461 953 415 953 457 954 475 954 415 954 435 955 457 955 415 955 434 956 462 956 416 956 462 957 476 957 416 957 476 958 458 958 416 958 458 959 436 959 416 959 455 960 748 960 417 960 748 961 704 961 417 961 705 962 456 962 418 962 672 963 705 963 418 963 706 964 435 964 419 964 690 965 706 965 419 965 436 966 718 966 420 966 718 967 691 967 420 967 429 968 473 968 421 968 768 969 712 969 421 969 473 970 768 970 421 970 474 971 430 971 422 971 703 972 713 972 422 972 713 973 474 973 422 973 437 974 501 974 423 974 501 975 424 975 423 975 501 976 502 976 424 976 502 977 514 977 424 977 514 978 438 978 424 978 519 979 439 979 425 979 509 980 519 980 425 980 426 981 510 981 425 981 510 982 509 982 425 982 440 983 510 983 426 983 471 984 483 984 427 984 483 985 467 985 427 985 484 986 544 986 428 986 544 987 472 987 428 987 477 988 473 988 429 988 485 989 477 989 429 989 486 990 470 990 430 990 474 991 478 991 430 991 478 992 486 992 430 992 479 993 459 993 431 993 463 994 479 994 431 994 460 995 524 995 432 995 524 996 480 996 432 996 525 997 481 997 433 997 461 998 525 998 433 998 466 999 482 999 434 999 482 1000 462 1000 434 1000 717 1001 457 1001 435 1001 706 1002 717 1002 435 1002 458 1003 718 1003 436 1003 441 1004 511 1004 437 1004 511 1005 501 1005 437 1005 530 1006 442 1006 438 1006 514 1007 530 1007 438 1007 537 1008 443 1008 439 1008 519 1009 537 1009 439 1009 520 1010 510 1010 440 1010 444 1011 520 1011 440 1011 467 1012 531 1012 441 1012 531 1013 511 1013 441 1013 550 1014 468 1014 442 1014 530 1015 550 1015 442 1015 555 1016 469 1016 443 1016 537 1017 555 1017 443 1017 538 1018 520 1018 444 1018 470 1019 538 1019 444 1019 453 1020 449 1020 445 1020 446 1021 453 1021 445 1021 454 1022 453 1022 446 1022 450 1023 454 1023 446 1023 517 1024 507 1024 447 1024 451 1025 517 1025 447 1025 507 1026 508 1026 447 1026 508 1027 448 1027 447 1027 508 1028 452 1028 448 1028 515 1029 463 1029 449 1029 453 1030 515 1030 449 1030 516 1031 454 1031 450 1031 464 1032 534 1032 450 1032 534 1033 516 1033 450 1033 535 1034 517 1034 451 1034 465 1035 535 1035 451 1035 508 1036 518 1036 452 1036 518 1037 466 1037 452 1037 505 1038 515 1038 453 1038 454 1039 505 1039 453 1039 506 1040 505 1040 454 1040 516 1041 506 1041 454 1041 459 1042 491 1042 455 1042 491 1043 790 1043 455 1043 790 1044 748 1044 455 1044 749 1045 492 1045 456 1045 705 1046 749 1046 456 1046 750 1047 475 1047 457 1047 717 1048 750 1048 457 1048 476 1049 771 1049 458 1049 771 1050 718 1050 458 1050 523 1051 491 1051 459 1051 479 1052 523 1052 459 1052 492 1053 566 1053 460 1053 566 1054 524 1054 460 1054 521 1055 525 1055 461 1055 493 1056 521 1056 461 1056 475 1057 493 1057 461 1057 482 1058 526 1058 462 1058 526 1059 522 1059 462 1059 522 1060 494 1060 462 1060 494 1061 476 1061 462 1061 533 1062 479 1062 463 1062 515 1063 533 1063 463 1063 480 1064 552 1064 464 1064 552 1065 534 1065 464 1065 553 1066 535 1066 465 1066 481 1067 553 1067 465 1067 518 1068 536 1068 466 1068 536 1069 482 1069 466 1069 549 1070 531 1070 467 1070 483 1071 549 1071 467 1071 581 1072 484 1072 468 1072 550 1073 581 1073 468 1073 586 1074 485 1074 469 1074 555 1075 586 1075 469 1075 556 1076 538 1076 470 1076 486 1077 556 1077 470 1077 543 1078 483 1078 471 1078 766 1079 837 1079 471 1079 837 1080 543 1080 471 1080 767 1081 701 1081 472 1081 544 1082 767 1082 472 1082 777 1083 768 1083 473 1083 477 1084 777 1084 473 1084 713 1085 769 1085 474 1085 769 1086 478 1086 474 1086 770 1087 493 1087 475 1087 750 1088 770 1088 475 1088 494 1089 771 1089 476 1089 485 1090 545 1090 477 1090 839 1091 777 1091 477 1091 545 1092 839 1092 477 1092 546 1093 486 1093 478 1093 769 1094 778 1094 478 1094 778 1095 546 1095 478 1095 551 1096 523 1096 479 1096 533 1097 551 1097 479 1097 524 1098 583 1098 480 1098 583 1099 552 1099 480 1099 584 1100 553 1100 481 1100 525 1101 584 1101 481 1101 554 1102 526 1102 482 1102 536 1103 554 1103 482 1103 543 1104 580 1104 483 1104 580 1105 549 1105 483 1105 581 1106 614 1106 484 1106 614 1107 544 1107 484 1107 559 1108 545 1108 485 1108 586 1109 559 1109 485 1109 546 1110 560 1110 486 1110 587 1111 556 1111 486 1111 560 1112 587 1112 486 1112 489 1113 570 1113 487 1113 570 1114 497 1114 487 1114 573 1115 490 1115 488 1115 571 1116 573 1116 488 1116 498 1117 575 1117 488 1117 575 1118 571 1118 488 1118 572 1119 570 1119 489 1119 495 1120 572 1120 489 1120 573 1121 496 1121 490 1121 523 1122 565 1122 491 1122 565 1123 855 1123 491 1123 855 1124 790 1124 491 1124 791 1125 566 1125 492 1125 749 1126 791 1126 492 1126 792 1127 521 1127 493 1127 770 1128 792 1128 493 1128 522 1129 807 1129 494 1129 807 1130 771 1130 494 1130 576 1131 572 1131 495 1131 499 1132 576 1132 495 1132 577 1133 500 1133 496 1133 573 1134 577 1134 496 1134 574 1135 539 1135 497 1135 570 1136 574 1136 497 1136 540 1137 595 1137 498 1137 595 1138 575 1138 498 1138 527 1139 576 1139 499 1139 577 1140 528 1140 500 1140 2042 1141 502 1141 501 1141 511 1142 2042 1142 501 1142 2042 1143 2045 1143 502 1143 2045 1144 2033 1144 502 1144 2033 1145 2017 1145 502 1145 2017 1146 1999 1146 502 1146 1999 1147 1966 1147 502 1147 1966 1148 1931 1148 502 1148 1931 1149 514 1149 502 1149 2046 1150 2036 1150 505 1150 2036 1151 2018 1151 505 1151 2018 1152 2000 1152 505 1152 2047 1153 2046 1153 505 1153 506 1154 2047 1154 505 1154 2000 1155 1969 1155 505 1155 1969 1156 1936 1156 505 1156 1936 1157 515 1157 505 1157 516 1158 2047 1158 506 1158 2048 1159 508 1159 507 1159 517 1160 2048 1160 507 1160 2048 1161 2049 1161 508 1161 2049 1162 2039 1162 508 1162 2039 1163 2021 1163 508 1163 2021 1164 2003 1164 508 1164 2003 1165 1972 1165 508 1165 1972 1166 1939 1166 508 1166 1939 1167 518 1167 508 1167 2051 1168 2050 1168 509 1168 510 1169 2051 1169 509 1169 2050 1170 2040 1170 509 1170 2040 1171 2022 1171 509 1171 2022 1172 2004 1172 509 1172 2004 1173 1973 1173 509 1173 1973 1174 1940 1174 509 1174 1940 1175 519 1175 509 1175 520 1176 2051 1176 510 1176 531 1177 2042 1177 511 1177 1931 1178 530 1178 514 1178 1936 1179 533 1179 515 1179 534 1180 2047 1180 516 1180 535 1181 2048 1181 517 1181 1939 1182 536 1182 518 1182 1940 1183 537 1183 519 1183 538 1184 2051 1184 520 1184 567 1185 525 1185 521 1185 806 1186 567 1186 521 1186 792 1187 806 1187 521 1187 526 1188 568 1188 522 1188 568 1189 807 1189 522 1189 582 1190 565 1190 523 1190 551 1191 582 1191 523 1191 566 1192 618 1192 524 1192 618 1193 583 1193 524 1193 569 1194 584 1194 525 1194 567 1195 569 1195 525 1195 554 1196 585 1196 526 1196 585 1197 568 1197 526 1197 596 1198 576 1198 527 1198 541 1199 596 1199 527 1199 597 1200 542 1200 528 1200 577 1201 597 1201 528 1201 549 1202 2042 1202 531 1202 1931 1203 550 1203 530 1203 1936 1204 551 1204 533 1204 552 1205 2047 1205 534 1205 553 1206 2048 1206 535 1206 1939 1207 554 1207 536 1207 1940 1208 555 1208 537 1208 556 1209 2051 1209 538 1209 594 1210 561 1210 539 1210 574 1211 594 1211 539 1211 562 1212 624 1212 540 1212 624 1213 595 1213 540 1213 557 1214 596 1214 541 1214 597 1215 558 1215 542 1215 615 1216 580 1216 543 1216 837 1217 905 1217 543 1217 905 1218 615 1218 543 1218 838 1219 767 1219 544 1219 614 1220 838 1220 544 1220 842 1221 839 1221 545 1221 559 1222 842 1222 545 1222 778 1223 840 1223 546 1223 840 1224 560 1224 546 1224 580 1225 2042 1225 549 1225 1931 1226 581 1226 550 1226 1936 1227 582 1227 551 1227 583 1228 2047 1228 552 1228 584 1229 2048 1229 553 1229 1939 1230 585 1230 554 1230 1940 1231 586 1231 555 1231 587 1232 2051 1232 556 1232 625 1233 596 1233 557 1233 563 1234 625 1234 557 1234 626 1235 564 1235 558 1235 597 1236 626 1236 558 1236 586 1237 621 1237 559 1237 621 1238 842 1238 559 1238 622 1239 587 1239 560 1239 840 1240 843 1240 560 1240 843 1241 915 1241 560 1241 915 1242 622 1242 560 1242 623 1243 598 1243 561 1243 594 1244 623 1244 561 1244 599 1245 652 1245 562 1245 652 1246 624 1246 562 1246 588 1247 625 1247 563 1247 626 1248 589 1248 564 1248 582 1249 617 1249 565 1249 617 1250 910 1250 565 1250 910 1251 855 1251 565 1251 856 1252 618 1252 566 1252 791 1253 856 1253 566 1253 857 1254 569 1254 567 1254 806 1255 857 1255 567 1255 585 1256 620 1256 568 1256 620 1257 867 1257 568 1257 867 1258 807 1258 568 1258 619 1259 584 1259 569 1259 866 1260 619 1260 569 1260 857 1261 866 1261 569 1261 572 1262 590 1262 570 1262 590 1263 574 1263 570 1263 593 1264 573 1264 571 1264 591 1265 593 1265 571 1265 575 1266 591 1266 571 1266 592 1267 590 1267 572 1267 576 1268 592 1268 572 1268 593 1269 577 1269 573 1269 590 1270 647 1270 574 1270 647 1271 594 1271 574 1271 648 1272 591 1272 575 1272 662 1273 648 1273 575 1273 595 1274 662 1274 575 1274 649 1275 592 1275 576 1275 663 1276 649 1276 576 1276 596 1277 663 1277 576 1277 593 1278 650 1278 577 1278 650 1279 597 1279 577 1279 615 1280 2042 1280 580 1280 1931 1281 614 1281 581 1281 1936 1282 617 1282 582 1282 618 1283 2047 1283 583 1283 619 1284 2048 1284 584 1284 1939 1285 620 1285 585 1285 1940 1286 621 1286 586 1286 622 1287 2051 1287 587 1287 653 1288 625 1288 588 1288 600 1289 653 1289 588 1289 654 1290 601 1290 589 1290 626 1291 654 1291 589 1291 592 1292 639 1292 590 1292 639 1293 647 1293 590 1293 642 1294 593 1294 591 1294 640 1295 642 1295 591 1295 648 1296 640 1296 591 1296 641 1297 639 1297 592 1297 649 1298 641 1298 592 1298 642 1299 650 1299 593 1299 647 1300 661 1300 594 1300 661 1301 623 1301 594 1301 687 1302 662 1302 595 1302 624 1303 687 1303 595 1303 625 1304 688 1304 596 1304 688 1305 663 1305 596 1305 650 1306 664 1306 597 1306 664 1307 626 1307 597 1307 651 1308 643 1308 598 1308 623 1309 651 1309 598 1309 644 1310 694 1310 599 1310 694 1311 652 1311 599 1311 629 1312 653 1312 600 1312 654 1313 630 1313 601 1313 657 1314 659 1314 602 1314 659 1315 604 1315 602 1315 608 1316 657 1316 602 1316 605 1317 658 1317 603 1317 667 1318 609 1318 603 1318 658 1319 667 1319 603 1319 659 1320 606 1320 604 1320 660 1321 658 1321 605 1321 607 1322 660 1322 605 1322 668 1323 610 1323 606 1323 659 1324 668 1324 606 1324 628 1325 665 1325 607 1325 665 1326 660 1326 607 1326 666 1327 657 1327 608 1327 631 1328 666 1328 608 1328 667 1329 680 1329 609 1329 680 1330 632 1330 609 1330 668 1331 627 1331 610 1331 906 1332 838 1332 614 1332 1996 1333 2016 1333 615 1333 905 1334 1932 1334 615 1334 1932 1335 1965 1335 615 1335 1965 1336 1996 1336 615 1336 2016 1337 2032 1337 615 1337 2032 1338 2042 1338 615 1338 1931 1339 1641 1339 614 1339 1641 1340 906 1340 614 1340 1936 1341 910 1341 617 1341 1970 1342 2001 1342 618 1342 2001 1343 2019 1343 618 1343 2019 1344 2037 1344 618 1344 2037 1345 2047 1345 618 1345 1937 1346 1970 1346 618 1346 911 1347 1937 1347 618 1347 856 1348 911 1348 618 1348 2038 1349 2048 1349 619 1349 1971 1350 2002 1350 619 1350 2002 1351 2020 1351 619 1351 2020 1352 2038 1352 619 1352 912 1353 1644 1353 619 1353 1644 1354 1938 1354 619 1354 1938 1355 1971 1355 619 1355 866 1356 912 1356 619 1356 1939 1357 913 1357 620 1357 913 1358 867 1358 620 1358 1940 1359 914 1359 621 1359 914 1360 842 1360 621 1360 2005 1361 2023 1361 622 1361 1974 1362 2005 1362 622 1362 2023 1363 2041 1363 622 1363 2041 1364 2051 1364 622 1364 915 1365 1647 1365 622 1365 1647 1366 1941 1366 622 1366 1941 1367 1974 1367 622 1367 661 1368 686 1368 623 1368 686 1369 651 1369 623 1369 709 1370 687 1370 624 1370 652 1371 709 1371 624 1371 710 1372 688 1372 625 1372 653 1373 710 1373 625 1373 664 1374 689 1374 626 1374 689 1375 654 1375 626 1375 681 1376 633 1376 627 1376 668 1377 681 1377 627 1377 635 1378 678 1378 628 1378 678 1379 665 1379 628 1379 695 1380 653 1380 629 1380 645 1381 695 1381 629 1381 696 1382 646 1382 630 1382 654 1383 696 1383 630 1383 679 1384 666 1384 631 1384 636 1385 679 1385 631 1385 680 1386 698 1386 632 1386 698 1387 637 1387 632 1387 681 1388 634 1388 633 1388 699 1389 638 1389 634 1389 681 1390 699 1390 634 1390 656 1391 692 1391 635 1391 692 1392 678 1392 635 1392 697 1393 679 1393 636 1393 671 1394 697 1394 636 1394 698 1395 715 1395 637 1395 715 1396 672 1396 637 1396 699 1397 655 1397 638 1397 641 1398 682 1398 639 1398 682 1399 647 1399 639 1399 685 1400 642 1400 640 1400 683 1401 685 1401 640 1401 648 1402 683 1402 640 1402 684 1403 682 1403 641 1403 649 1404 684 1404 641 1404 685 1405 650 1405 642 1405 693 1406 700 1406 643 1406 651 1407 693 1407 643 1407 701 1408 745 1408 644 1408 745 1409 694 1409 644 1409 669 1410 695 1410 645 1410 696 1411 670 1411 646 1411 682 1412 727 1412 647 1412 727 1413 661 1413 647 1413 662 1414 738 1414 648 1414 738 1415 728 1415 648 1415 728 1416 720 1416 648 1416 720 1417 683 1417 648 1417 729 1418 721 1418 649 1418 721 1419 684 1419 649 1419 739 1420 729 1420 649 1420 663 1421 739 1421 649 1421 685 1422 730 1422 650 1422 730 1423 664 1423 650 1423 686 1424 708 1424 651 1424 708 1425 693 1425 651 1425 752 1426 709 1426 652 1426 694 1427 752 1427 652 1427 695 1428 753 1428 653 1428 753 1429 710 1429 653 1429 689 1430 711 1430 654 1430 711 1431 696 1431 654 1431 716 1432 673 1432 655 1432 699 1433 716 1433 655 1433 691 1434 707 1434 656 1434 707 1435 692 1435 656 1435 674 1436 676 1436 657 1436 676 1437 659 1437 657 1437 666 1438 674 1438 657 1438 660 1439 675 1439 658 1439 675 1440 667 1440 658 1440 676 1441 668 1441 659 1441 677 1442 675 1442 660 1442 665 1443 677 1443 660 1443 727 1444 737 1444 661 1444 737 1445 686 1445 661 1445 687 1446 773 1446 662 1446 773 1447 738 1447 662 1447 688 1448 774 1448 663 1448 774 1449 739 1449 663 1449 730 1450 740 1450 664 1450 740 1451 689 1451 664 1451 678 1452 731 1452 665 1452 731 1453 677 1453 665 1453 732 1454 674 1454 666 1454 679 1455 732 1455 666 1455 675 1456 733 1456 667 1456 733 1457 742 1457 667 1457 742 1458 680 1458 667 1458 743 1459 681 1459 668 1459 734 1460 743 1460 668 1460 676 1461 734 1461 668 1461 746 1462 695 1462 669 1462 702 1463 746 1463 669 1463 747 1464 703 1464 670 1464 696 1465 747 1465 670 1465 714 1466 697 1466 671 1466 704 1467 714 1467 671 1467 715 1468 756 1468 672 1468 756 1469 705 1469 672 1469 716 1470 690 1470 673 1470 723 1471 725 1471 674 1471 725 1472 676 1472 674 1472 732 1473 723 1473 674 1473 677 1474 724 1474 675 1474 724 1475 733 1475 675 1475 725 1476 734 1476 676 1476 726 1477 724 1477 677 1477 731 1478 726 1478 677 1478 692 1479 736 1479 678 1479 736 1480 731 1480 678 1480 741 1481 732 1481 679 1481 697 1482 741 1482 679 1482 742 1483 764 1483 680 1483 764 1484 698 1484 680 1484 765 1485 699 1485 681 1485 743 1486 765 1486 681 1486 684 1487 719 1487 682 1487 719 1488 727 1488 682 1488 722 1489 685 1489 683 1489 720 1490 722 1490 683 1490 721 1491 719 1491 684 1491 722 1492 730 1492 685 1492 737 1493 772 1493 686 1493 772 1494 708 1494 686 1494 709 1495 784 1495 687 1495 784 1496 773 1496 687 1496 785 1497 774 1497 688 1497 710 1498 785 1498 688 1498 740 1499 775 1499 689 1499 775 1500 711 1500 689 1500 757 1501 706 1501 690 1501 716 1502 757 1502 690 1502 718 1503 735 1503 691 1503 735 1504 707 1504 691 1504 707 1505 758 1505 692 1505 758 1506 736 1506 692 1506 708 1507 751 1507 693 1507 751 1508 744 1508 693 1508 744 1509 700 1509 693 1509 799 1510 752 1510 694 1510 745 1511 799 1511 694 1511 800 1512 753 1512 695 1512 746 1513 800 1513 695 1513 711 1514 754 1514 696 1514 754 1515 747 1515 696 1515 763 1516 741 1516 697 1516 714 1517 763 1517 697 1517 764 1518 781 1518 698 1518 781 1519 715 1519 698 1519 782 1520 716 1520 699 1520 765 1521 782 1521 699 1521 744 1522 766 1522 700 1522 767 1523 803 1523 701 1523 803 1524 745 1524 701 1524 712 1525 746 1525 702 1525 747 1526 713 1526 703 1526 755 1527 714 1527 704 1527 748 1528 755 1528 704 1528 756 1529 788 1529 705 1529 788 1530 749 1530 705 1530 757 1531 717 1531 706 1531 735 1532 779 1532 707 1532 779 1533 758 1533 707 1533 772 1534 783 1534 708 1534 783 1535 751 1535 708 1535 752 1536 829 1536 709 1536 829 1537 784 1537 709 1537 753 1538 830 1538 710 1538 830 1539 785 1539 710 1539 775 1540 786 1540 711 1540 786 1541 754 1541 711 1541 804 1542 746 1542 712 1542 768 1543 804 1543 712 1543 805 1544 769 1544 713 1544 747 1545 805 1545 713 1545 780 1546 763 1546 714 1546 755 1547 780 1547 714 1547 781 1548 814 1548 715 1548 814 1549 756 1549 715 1549 815 1550 757 1550 716 1550 782 1551 815 1551 716 1551 789 1552 750 1552 717 1552 757 1553 789 1553 717 1553 771 1554 776 1554 718 1554 776 1555 735 1555 718 1555 721 1556 794 1556 719 1556 794 1557 727 1557 719 1557 797 1558 722 1558 720 1558 795 1559 797 1559 720 1559 728 1560 795 1560 720 1560 796 1561 794 1561 721 1561 729 1562 796 1562 721 1562 797 1563 730 1563 722 1563 759 1564 761 1564 723 1564 761 1565 725 1565 723 1565 732 1566 759 1566 723 1566 726 1567 760 1567 724 1567 760 1568 733 1568 724 1568 761 1569 734 1569 725 1569 762 1570 760 1570 726 1570 731 1571 762 1571 726 1571 794 1572 833 1572 727 1572 833 1573 737 1573 727 1573 834 1574 795 1574 728 1574 848 1575 834 1575 728 1575 738 1576 848 1576 728 1576 835 1577 796 1577 729 1577 849 1578 835 1578 729 1578 739 1579 849 1579 729 1579 797 1580 836 1580 730 1580 836 1581 740 1581 730 1581 736 1582 816 1582 731 1582 816 1583 812 1583 731 1583 812 1584 762 1584 731 1584 817 1585 759 1585 732 1585 741 1586 817 1586 732 1586 760 1587 818 1587 733 1587 818 1588 826 1588 733 1588 826 1589 742 1589 733 1589 827 1590 743 1590 734 1590 819 1591 827 1591 734 1591 761 1592 819 1592 734 1592 776 1593 793 1593 735 1593 793 1594 779 1594 735 1594 758 1595 820 1595 736 1595 820 1596 816 1596 736 1596 833 1597 847 1597 737 1597 847 1598 772 1598 737 1598 869 1599 848 1599 738 1599 773 1600 869 1600 738 1600 774 1601 870 1601 739 1601 870 1602 849 1602 739 1602 836 1603 850 1603 740 1603 850 1604 775 1604 740 1604 825 1605 817 1605 741 1605 763 1606 825 1606 741 1606 826 1607 852 1607 742 1607 852 1608 764 1608 742 1608 853 1609 765 1609 743 1609 827 1610 853 1610 743 1610 751 1611 798 1611 744 1611 798 1612 802 1612 744 1612 802 1613 766 1613 744 1613 863 1614 799 1614 745 1614 803 1615 863 1615 745 1615 804 1616 864 1616 746 1616 864 1617 800 1617 746 1617 754 1618 801 1618 747 1618 801 1619 805 1619 747 1619 787 1620 755 1620 748 1620 790 1621 787 1621 748 1621 788 1622 845 1622 749 1622 845 1623 791 1623 749 1623 789 1624 770 1624 750 1624 783 1625 828 1625 751 1625 828 1626 798 1626 751 1626 799 1627 881 1627 752 1627 881 1628 829 1628 752 1628 882 1629 830 1629 753 1629 800 1630 882 1630 753 1630 786 1631 831 1631 754 1631 831 1632 801 1632 754 1632 813 1633 780 1633 755 1633 787 1634 813 1634 755 1634 814 1635 859 1635 756 1635 859 1636 788 1636 756 1636 860 1637 789 1637 757 1637 815 1638 860 1638 757 1638 779 1639 841 1639 758 1639 841 1640 820 1640 758 1640 809 1641 811 1641 759 1641 811 1642 761 1642 759 1642 817 1643 809 1643 759 1643 762 1644 810 1644 760 1644 810 1645 818 1645 760 1645 811 1646 819 1646 761 1646 812 1647 810 1647 762 1647 851 1648 825 1648 763 1648 780 1649 851 1649 763 1649 852 1650 877 1650 764 1650 877 1651 781 1651 764 1651 878 1652 782 1652 765 1652 853 1653 878 1653 765 1653 802 1654 837 1654 766 1654 838 1655 885 1655 767 1655 885 1656 803 1656 767 1656 777 1657 804 1657 768 1657 805 1658 778 1658 769 1658 846 1659 792 1659 770 1659 789 1660 846 1660 770 1660 807 1661 808 1661 771 1661 808 1662 776 1662 771 1662 847 1663 868 1663 772 1663 868 1664 783 1664 772 1664 890 1665 869 1665 773 1665 784 1666 890 1666 773 1666 891 1667 870 1667 774 1667 785 1668 891 1668 774 1668 850 1669 871 1669 775 1669 871 1670 786 1670 775 1670 808 1671 832 1671 776 1671 832 1672 793 1672 776 1672 886 1673 804 1673 777 1673 839 1674 886 1674 777 1674 887 1675 840 1675 778 1675 805 1676 887 1676 778 1676 793 1677 861 1677 779 1677 861 1678 841 1678 779 1678 876 1679 851 1679 780 1679 813 1680 876 1680 780 1680 877 1681 894 1681 781 1681 894 1682 814 1682 781 1682 895 1683 815 1683 782 1683 878 1684 895 1684 782 1684 868 1685 889 1685 783 1685 889 1686 828 1686 783 1686 917 1687 890 1687 784 1687 829 1688 917 1688 784 1688 830 1689 918 1689 785 1689 918 1690 891 1690 785 1690 871 1691 892 1691 786 1691 892 1692 831 1692 786 1692 858 1693 813 1693 787 1693 790 1694 844 1694 787 1694 844 1695 858 1695 787 1695 859 1696 900 1696 788 1696 900 1697 845 1697 788 1697 901 1698 846 1698 789 1698 860 1699 901 1699 789 1699 855 1700 844 1700 790 1700 845 1701 897 1701 791 1701 897 1702 856 1702 791 1702 846 1703 806 1703 792 1703 832 1704 888 1704 793 1704 888 1705 861 1705 793 1705 796 1706 821 1706 794 1706 821 1707 833 1707 794 1707 824 1708 797 1708 795 1708 822 1709 824 1709 795 1709 834 1710 822 1710 795 1710 823 1711 821 1711 796 1711 835 1712 823 1712 796 1712 824 1713 836 1713 797 1713 828 1714 880 1714 798 1714 880 1715 862 1715 798 1715 862 1716 802 1716 798 1716 863 1717 933 1717 799 1717 933 1718 881 1718 799 1718 864 1719 934 1719 800 1719 934 1720 882 1720 800 1720 831 1721 883 1721 801 1721 883 1722 865 1722 801 1722 865 1723 805 1723 801 1723 862 1724 884 1724 802 1724 884 1725 837 1725 802 1725 925 1726 863 1726 803 1726 885 1727 925 1727 803 1727 926 1728 864 1728 804 1728 886 1729 926 1729 804 1729 865 1730 887 1730 805 1730 898 1731 857 1731 806 1731 846 1732 898 1732 806 1732 867 1733 854 1733 807 1733 854 1734 808 1734 807 1734 854 1735 879 1735 808 1735 879 1736 832 1736 808 1736 872 1737 874 1737 809 1737 874 1738 811 1738 809 1738 817 1739 872 1739 809 1739 812 1740 873 1740 810 1740 873 1741 818 1741 810 1741 931 1742 819 1742 811 1742 874 1743 931 1743 811 1743 875 1744 873 1744 812 1744 816 1745 875 1745 812 1745 893 1746 876 1746 813 1746 858 1747 893 1747 813 1747 894 1748 937 1748 814 1748 937 1749 859 1749 814 1749 938 1750 860 1750 815 1750 895 1751 938 1751 815 1751 820 1752 928 1752 816 1752 928 1753 875 1753 816 1753 929 1754 872 1754 817 1754 825 1755 929 1755 817 1755 873 1756 930 1756 818 1756 930 1757 941 1757 818 1757 941 1758 826 1758 818 1758 942 1759 827 1759 819 1759 931 1760 942 1760 819 1760 841 1761 939 1761 820 1761 939 1762 928 1762 820 1762 823 1763 956 1763 821 1763 956 1764 833 1764 821 1764 959 1765 824 1765 822 1765 957 1766 959 1766 822 1766 834 1767 966 1767 822 1767 966 1768 957 1768 822 1768 958 1769 956 1769 823 1769 967 1770 958 1770 823 1770 835 1771 967 1771 823 1771 959 1772 836 1772 824 1772 940 1773 929 1773 825 1773 851 1774 940 1774 825 1774 941 1775 946 1775 826 1775 946 1776 852 1776 826 1776 947 1777 853 1777 827 1777 942 1778 947 1778 827 1778 889 1779 916 1779 828 1779 916 1780 880 1780 828 1780 971 1781 917 1781 829 1781 881 1782 971 1782 829 1782 972 1783 918 1783 830 1783 882 1784 972 1784 830 1784 892 1785 919 1785 831 1785 919 1786 883 1786 831 1786 879 1787 903 1787 832 1787 903 1788 888 1788 832 1788 965 1789 847 1789 833 1789 956 1790 965 1790 833 1790 848 1791 975 1791 834 1791 975 1792 966 1792 834 1792 976 1793 967 1793 835 1793 849 1794 976 1794 835 1794 959 1795 968 1795 836 1795 968 1796 850 1796 836 1796 884 1797 905 1797 837 1797 906 1798 953 1798 838 1798 953 1799 885 1799 838 1799 842 1800 886 1800 839 1800 887 1801 843 1801 840 1801 861 1802 944 1802 841 1802 944 1803 939 1803 841 1803 954 1804 886 1804 842 1804 914 1805 954 1805 842 1805 955 1806 915 1806 843 1806 887 1807 955 1807 843 1807 899 1808 858 1808 844 1808 855 1809 896 1809 844 1809 896 1810 899 1810 844 1810 900 1811 949 1811 845 1811 949 1812 897 1812 845 1812 950 1813 898 1813 846 1813 901 1814 950 1814 846 1814 974 1815 868 1815 847 1815 965 1816 974 1816 847 1816 869 1817 987 1817 848 1817 987 1818 975 1818 848 1818 870 1819 988 1819 849 1819 988 1820 976 1820 849 1820 968 1821 977 1821 850 1821 977 1822 871 1822 850 1822 945 1823 940 1823 851 1823 876 1824 945 1824 851 1824 946 1825 979 1825 852 1825 979 1826 877 1826 852 1826 980 1827 878 1827 853 1827 947 1828 980 1828 853 1828 867 1829 902 1829 854 1829 902 1830 904 1830 854 1830 904 1831 879 1831 854 1831 910 1832 896 1832 855 1832 897 1833 962 1833 856 1833 962 1834 911 1834 856 1834 898 1835 866 1835 857 1835 936 1836 893 1836 858 1836 899 1837 936 1837 858 1837 937 1838 982 1838 859 1838 982 1839 900 1839 859 1839 983 1840 901 1840 860 1840 938 1841 983 1841 860 1841 888 1842 969 1842 861 1842 969 1843 944 1843 861 1843 880 1844 932 1844 862 1844 932 1845 924 1845 862 1845 924 1846 884 1846 862 1846 925 1847 991 1847 863 1847 991 1848 933 1848 863 1848 992 1849 934 1849 864 1849 926 1850 992 1850 864 1850 883 1851 935 1851 865 1851 927 1852 887 1852 865 1852 935 1853 927 1853 865 1853 963 1854 912 1854 866 1854 898 1855 963 1855 866 1855 913 1856 902 1856 867 1856 986 1857 889 1857 868 1857 974 1858 986 1858 868 1858 890 1859 1003 1859 869 1859 1003 1860 987 1860 869 1860 1004 1861 988 1861 870 1861 891 1862 1004 1862 870 1862 977 1863 989 1863 871 1863 989 1864 892 1864 871 1864 920 1865 922 1865 872 1865 922 1866 874 1866 872 1866 929 1867 920 1867 872 1867 875 1868 921 1868 873 1868 921 1869 930 1869 873 1869 922 1870 931 1870 874 1870 923 1871 921 1871 875 1871 928 1872 923 1872 875 1872 978 1873 945 1873 876 1873 893 1874 978 1874 876 1874 979 1875 995 1875 877 1875 995 1876 894 1876 877 1876 996 1877 895 1877 878 1877 980 1878 996 1878 878 1878 904 1879 943 1879 879 1879 943 1880 903 1880 879 1880 916 1881 970 1881 880 1881 970 1882 932 1882 880 1882 1012 1883 971 1883 881 1883 933 1884 1012 1884 881 1884 934 1885 1013 1885 882 1885 1013 1886 972 1886 882 1886 919 1887 973 1887 883 1887 973 1888 935 1888 883 1888 924 1889 952 1889 884 1889 952 1890 905 1890 884 1890 999 1891 925 1891 885 1891 953 1892 999 1892 885 1892 1000 1893 926 1893 886 1893 954 1894 1000 1894 886 1894 927 1895 955 1895 887 1895 903 1896 985 1896 888 1896 985 1897 969 1897 888 1897 1002 1898 916 1898 889 1898 986 1899 1002 1899 889 1899 917 1900 1027 1900 890 1900 1027 1901 1003 1901 890 1901 918 1902 1028 1902 891 1902 1028 1903 1004 1903 891 1903 989 1904 1005 1904 892 1904 1005 1905 919 1905 892 1905 994 1906 978 1906 893 1906 936 1907 994 1907 893 1907 995 1908 1024 1908 894 1908 1024 1909 937 1909 894 1909 1025 1910 938 1910 895 1910 996 1911 1025 1911 895 1911 948 1912 899 1912 896 1912 910 1913 961 1913 896 1913 961 1914 948 1914 896 1914 949 1915 1008 1915 897 1915 1008 1916 962 1916 897 1916 1009 1917 963 1917 898 1917 950 1918 1009 1918 898 1918 981 1919 936 1919 899 1919 948 1920 981 1920 899 1920 982 1921 1020 1921 900 1921 1020 1922 949 1922 900 1922 1021 1923 950 1923 901 1923 983 1924 1021 1924 901 1924 913 1925 964 1925 902 1925 964 1926 960 1926 902 1926 960 1927 904 1927 902 1927 943 1928 1006 1928 903 1928 1006 1929 985 1929 903 1929 960 1930 984 1930 904 1930 984 1931 943 1931 904 1931 1598 1932 1637 1932 905 1932 1637 1933 1932 1933 905 1933 1404 1934 1457 1934 905 1934 952 1935 1304 1935 905 1935 1304 1936 1357 1936 905 1936 1357 1937 1404 1937 905 1937 1457 1938 1518 1938 905 1938 1518 1939 1552 1939 905 1939 1552 1940 1598 1940 905 1940 1553 1941 1519 1941 906 1941 1519 1942 1456 1942 906 1942 1456 1943 1403 1943 906 1943 1403 1944 1358 1944 906 1944 1358 1945 1303 1945 906 1945 1641 1946 1597 1946 906 1946 1597 1947 1553 1947 906 1947 1303 1948 953 1948 906 1948 1332 1949 961 1949 910 1949 1542 1950 1489 1950 910 1950 1588 1951 1542 1951 910 1951 1489 1952 1440 1952 910 1952 1440 1953 1390 1953 910 1953 1390 1954 1332 1954 910 1954 1936 1955 1642 1955 910 1955 1642 1956 1588 1956 910 1956 1643 1957 1937 1957 911 1957 962 1958 1643 1958 911 1958 1334 1959 1392 1959 912 1959 1392 1960 1442 1960 912 1960 1442 1961 1491 1961 912 1961 1491 1962 1544 1962 912 1962 963 1963 1219 1963 912 1963 1219 1964 1261 1964 912 1964 1261 1965 1334 1965 912 1965 1544 1966 1590 1966 912 1966 1590 1967 1644 1967 912 1967 1939 1968 1645 1968 913 1968 1335 1969 1293 1969 913 1969 1293 1970 1220 1970 913 1970 1220 1971 1162 1971 913 1971 1162 1972 1112 1972 913 1972 1645 1973 1591 1973 913 1973 1591 1974 1545 1974 913 1974 1545 1975 1492 1975 913 1975 1492 1976 1443 1976 913 1976 1443 1977 1393 1977 913 1977 1393 1978 1335 1978 913 1978 1112 1979 1063 1979 913 1979 1063 1980 1010 1980 913 1980 1010 1981 964 1981 913 1981 1600 1982 1554 1982 914 1982 1940 1983 1646 1983 914 1983 1646 1984 1600 1984 914 1984 1554 1985 1520 1985 914 1985 1520 1986 1459 1986 914 1986 1459 1987 1406 1987 914 1987 1306 1988 954 1988 914 1988 1359 1989 1306 1989 914 1989 1406 1990 1359 1990 914 1990 1407 1991 1460 1991 915 1991 1460 1992 1521 1992 915 1992 1521 1993 1555 1993 915 1993 955 1994 1307 1994 915 1994 1307 1995 1360 1995 915 1995 1360 1996 1407 1996 915 1996 1555 1997 1601 1997 915 1997 1601 1998 1647 1998 915 1998 1026 1999 970 1999 916 1999 1002 2000 1026 2000 916 2000 971 2001 1057 2001 917 2001 1057 2002 1027 2002 917 2002 1058 2003 1028 2003 918 2003 972 2004 1058 2004 918 2004 1005 2005 1029 2005 919 2005 1029 2006 973 2006 919 2006 1015 2007 1017 2007 920 2007 1017 2008 922 2008 920 2008 929 2009 1015 2009 920 2009 923 2010 1016 2010 921 2010 1016 2011 930 2011 921 2011 1017 2012 931 2012 922 2012 1018 2013 1016 2013 923 2013 928 2014 1018 2014 923 2014 932 2015 990 2015 924 2015 990 2016 998 2016 924 2016 998 2017 952 2017 924 2017 999 2018 1031 2018 925 2018 1031 2019 991 2019 925 2019 1034 2020 992 2020 926 2020 1000 2021 1034 2021 926 2021 935 2022 993 2022 927 2022 1001 2023 955 2023 927 2023 993 2024 1001 2024 927 2024 939 2025 1040 2025 928 2025 1040 2026 1018 2026 928 2026 1044 2027 1015 2027 929 2027 940 2028 1044 2028 929 2028 1016 2029 1045 2029 930 2029 1045 2030 1053 2030 930 2030 1053 2031 941 2031 930 2031 1054 2032 942 2032 931 2032 1017 2033 1046 2033 931 2033 1046 2034 1054 2034 931 2034 970 2035 1011 2035 932 2035 1011 2036 990 2036 932 2036 1048 2037 1012 2037 933 2037 991 2038 1048 2038 933 2038 1049 2039 1013 2039 934 2039 992 2040 1049 2040 934 2040 973 2041 1014 2041 935 2041 1014 2042 993 2042 935 2042 1023 2043 994 2043 936 2043 981 2044 1023 2044 936 2044 1024 2045 1042 2045 937 2045 1042 2046 982 2046 937 2046 1043 2047 983 2047 938 2047 1025 2048 1043 2048 938 2048 944 2049 1051 2049 939 2049 1051 2050 1040 2050 939 2050 1052 2051 1044 2051 940 2051 945 2052 1052 2052 940 2052 1053 2053 1066 2053 941 2053 1066 2054 946 2054 941 2054 1054 2055 1067 2055 942 2055 1067 2056 947 2056 942 2056 984 2057 1030 2057 943 2057 1030 2058 1006 2058 943 2058 969 2059 1064 2059 944 2059 1064 2060 1051 2060 944 2060 1065 2061 1052 2061 945 2061 978 2062 1065 2062 945 2062 1066 2063 1070 2063 946 2063 1070 2064 979 2064 946 2064 1067 2065 1071 2065 947 2065 1071 2066 980 2066 947 2066 1019 2067 981 2067 948 2067 961 2068 1007 2068 948 2068 1007 2069 1019 2069 948 2069 1020 2070 1061 2070 949 2070 1061 2071 1008 2071 949 2071 1062 2072 1009 2072 950 2072 1021 2073 1062 2073 950 2073 998 2074 1304 2074 952 2074 1303 2075 999 2075 953 2075 1306 2076 1000 2076 954 2076 1001 2077 1307 2077 955 2077 958 2078 1084 2078 956 2078 1084 2079 965 2079 956 2079 1087 2080 959 2080 957 2080 1085 2081 1087 2081 957 2081 966 2082 1089 2082 957 2082 1089 2083 1085 2083 957 2083 1086 2084 1084 2084 958 2084 1090 2085 1086 2085 958 2085 967 2086 1090 2086 958 2086 1087 2087 968 2087 959 2087 964 2088 1010 2088 960 2088 1010 2089 1022 2089 960 2089 1022 2090 984 2090 960 2090 1332 2091 1251 2091 961 2091 1251 2092 1217 2092 961 2092 1217 2093 1159 2093 961 2093 1159 2094 1109 2094 961 2094 1109 2095 1060 2095 961 2095 1060 2096 1007 2096 961 2096 1008 2097 1643 2097 962 2097 1062 2098 1111 2098 963 2098 1009 2099 1062 2099 963 2099 1111 2100 1161 2100 963 2100 1161 2101 1219 2101 963 2101 1088 2102 974 2102 965 2102 1084 2103 1088 2103 965 2103 975 2104 1099 2104 966 2104 1099 2105 1089 2105 966 2105 1100 2106 1090 2106 967 2106 976 2107 1100 2107 967 2107 1087 2108 1091 2108 968 2108 1091 2109 977 2109 968 2109 985 2110 1068 2110 969 2110 1068 2111 1064 2111 969 2111 1056 2112 1011 2112 970 2112 1026 2113 1056 2113 970 2113 1012 2114 1078 2114 971 2114 1078 2115 1057 2115 971 2115 1013 2116 1079 2116 972 2116 1079 2117 1058 2117 972 2117 1029 2118 1059 2118 973 2118 1059 2119 1014 2119 973 2119 1098 2120 986 2120 974 2120 1088 2121 1098 2121 974 2121 987 2122 1103 2122 975 2122 1103 2123 1099 2123 975 2123 988 2124 1104 2124 976 2124 1104 2125 1100 2125 976 2125 1091 2126 1101 2126 977 2126 1101 2127 989 2127 977 2127 1069 2128 1065 2128 978 2128 994 2129 1069 2129 978 2129 1070 2130 1082 2130 979 2130 1082 2131 995 2131 979 2131 1071 2132 1083 2132 980 2132 1083 2133 996 2133 980 2133 1041 2134 1023 2134 981 2134 1019 2135 1041 2135 981 2135 1042 2136 1073 2136 982 2136 1073 2137 1020 2137 982 2137 1074 2138 1021 2138 983 2138 1043 2139 1074 2139 983 2139 1022 2140 1055 2140 984 2140 1055 2141 1030 2141 984 2141 1006 2142 1076 2142 985 2142 1076 2143 1068 2143 985 2143 1102 2144 1002 2144 986 2144 1098 2145 1102 2145 986 2145 1003 2146 1119 2146 987 2146 1119 2147 1103 2147 987 2147 1120 2148 1104 2148 988 2148 1004 2149 1120 2149 988 2149 1101 2150 1105 2150 989 2150 1105 2151 1005 2151 989 2151 1011 2152 1047 2152 990 2152 1047 2153 1032 2153 990 2153 1032 2154 998 2154 990 2154 1092 2155 1048 2155 991 2155 1031 2156 1092 2156 991 2156 1095 2157 1049 2157 992 2157 1034 2158 1095 2158 992 2158 1014 2159 1050 2159 993 2159 1035 2160 1001 2160 993 2160 1050 2161 1035 2161 993 2161 1081 2162 1069 2162 994 2162 1023 2163 1081 2163 994 2163 1082 2164 1107 2164 995 2164 1107 2165 1024 2165 995 2165 1083 2166 1108 2166 996 2166 1108 2167 1025 2167 996 2167 1032 2168 1304 2168 998 2168 1303 2169 1031 2169 999 2169 1306 2170 1034 2170 1000 2170 1035 2171 1307 2171 1001 2171 1118 2172 1026 2172 1002 2172 1102 2173 1118 2173 1002 2173 1027 2174 1131 2174 1003 2174 1131 2175 1119 2175 1003 2175 1028 2176 1132 2176 1004 2176 1132 2177 1120 2177 1004 2177 1105 2178 1121 2178 1005 2178 1121 2179 1029 2179 1005 2179 1030 2180 1097 2180 1006 2180 1097 2181 1076 2181 1006 2181 1060 2182 1019 2182 1007 2182 1061 2183 1643 2183 1008 2183 1063 2184 1022 2184 1010 2184 1077 2185 1047 2185 1011 2185 1056 2186 1077 2186 1011 2186 1048 2187 1115 2187 1012 2187 1115 2188 1078 2188 1012 2188 1116 2189 1079 2189 1013 2189 1049 2190 1116 2190 1013 2190 1059 2191 1080 2191 1014 2191 1080 2192 1050 2192 1014 2192 1036 2193 1038 2193 1015 2193 1038 2194 1017 2194 1015 2194 1044 2195 1036 2195 1015 2195 1018 2196 1037 2196 1016 2196 1037 2197 1045 2197 1016 2197 1038 2198 1046 2198 1017 2198 1039 2199 1037 2199 1018 2199 1040 2200 1039 2200 1018 2200 1072 2201 1041 2201 1019 2201 1060 2202 1072 2202 1019 2202 1073 2203 1110 2203 1020 2203 1110 2204 1061 2204 1020 2204 1111 2205 1062 2205 1021 2205 1074 2206 1111 2206 1021 2206 1063 2207 1075 2207 1022 2207 1075 2208 1055 2208 1022 2208 1106 2209 1081 2209 1023 2209 1041 2210 1106 2210 1023 2210 1107 2211 1127 2211 1024 2211 1127 2212 1042 2212 1024 2212 1108 2213 1128 2213 1025 2213 1128 2214 1043 2214 1025 2214 1130 2215 1056 2215 1026 2215 1118 2216 1130 2216 1026 2216 1057 2217 1142 2217 1027 2217 1142 2218 1131 2218 1027 2218 1143 2219 1132 2219 1028 2219 1058 2220 1143 2220 1028 2220 1121 2221 1133 2221 1029 2221 1133 2222 1059 2222 1029 2222 1055 2223 1113 2223 1030 2223 1113 2224 1097 2224 1030 2224 1093 2225 1304 2225 1032 2225 1047 2226 1093 2226 1032 2226 1303 2227 1245 2227 1031 2227 1245 2228 1192 2228 1031 2228 1192 2229 1092 2229 1031 2229 1306 2230 1095 2230 1034 2230 1096 2231 1196 2231 1035 2231 1249 2232 1307 2232 1035 2232 1196 2233 1249 2233 1035 2233 1050 2234 1096 2234 1035 2234 1137 2235 1139 2235 1036 2235 1139 2236 1038 2236 1036 2236 1044 2237 1137 2237 1036 2237 1039 2238 1138 2238 1037 2238 1138 2239 1045 2239 1037 2239 1139 2240 1046 2240 1038 2240 1140 2241 1138 2241 1039 2241 1040 2242 1140 2242 1039 2242 1051 2243 1163 2243 1040 2243 1163 2244 1140 2244 1040 2244 1126 2245 1106 2245 1041 2245 1072 2246 1126 2246 1041 2246 1127 2247 1135 2247 1042 2247 1135 2248 1073 2248 1042 2248 1128 2249 1136 2249 1043 2249 1136 2250 1074 2250 1043 2250 1164 2251 1137 2251 1044 2251 1052 2252 1164 2252 1044 2252 1138 2253 1165 2253 1045 2253 1165 2254 1169 2254 1045 2254 1169 2255 1053 2255 1045 2255 1139 2256 1166 2256 1046 2256 1166 2257 1170 2257 1046 2257 1170 2258 1054 2258 1046 2258 1114 2259 1093 2259 1047 2259 1077 2260 1114 2260 1047 2260 1092 2261 1147 2261 1048 2261 1147 2262 1115 2262 1048 2262 1148 2263 1116 2263 1049 2263 1095 2264 1148 2264 1049 2264 1080 2265 1117 2265 1050 2265 1117 2266 1096 2266 1050 2266 1064 2267 1167 2267 1051 2267 1167 2268 1163 2268 1051 2268 1168 2269 1164 2269 1052 2269 1065 2270 1168 2270 1052 2270 1169 2271 1173 2271 1053 2271 1173 2272 1066 2272 1053 2272 1174 2273 1067 2273 1054 2273 1170 2274 1174 2274 1054 2274 1075 2275 1129 2275 1055 2275 1129 2276 1113 2276 1055 2276 1141 2277 1077 2277 1056 2277 1130 2278 1141 2278 1056 2278 1078 2279 1152 2279 1057 2279 1152 2280 1142 2280 1057 2280 1079 2281 1153 2281 1058 2281 1153 2282 1143 2282 1058 2282 1133 2283 1144 2283 1059 2283 1144 2284 1080 2284 1059 2284 1109 2285 1072 2285 1060 2285 1110 2286 1643 2286 1061 2286 1112 2287 1075 2287 1063 2287 1068 2288 1171 2288 1064 2288 1171 2289 1167 2289 1064 2289 1172 2290 1168 2290 1065 2290 1069 2291 1172 2291 1065 2291 1173 2292 1177 2292 1066 2292 1177 2293 1070 2293 1066 2293 1174 2294 1178 2294 1067 2294 1178 2295 1071 2295 1067 2295 1076 2296 1175 2296 1068 2296 1175 2297 1171 2297 1068 2297 1176 2298 1172 2298 1069 2298 1081 2299 1176 2299 1069 2299 1177 2300 1185 2300 1070 2300 1185 2301 1082 2301 1070 2301 1178 2302 1186 2302 1071 2302 1186 2303 1083 2303 1071 2303 1134 2304 1126 2304 1072 2304 1109 2305 1134 2305 1072 2305 1135 2306 1160 2306 1073 2306 1160 2307 1110 2307 1073 2307 1136 2308 1161 2308 1074 2308 1161 2309 1111 2309 1074 2309 1112 2310 1150 2310 1075 2310 1150 2311 1129 2311 1075 2311 1097 2312 1183 2312 1076 2312 1183 2313 1175 2313 1076 2313 1151 2314 1114 2314 1077 2314 1141 2315 1151 2315 1077 2315 1115 2316 1180 2316 1078 2316 1180 2317 1152 2317 1078 2317 1181 2318 1153 2318 1079 2318 1116 2319 1181 2319 1079 2319 1144 2320 1154 2320 1080 2320 1154 2321 1117 2321 1080 2321 1184 2322 1176 2322 1081 2322 1106 2323 1184 2323 1081 2323 1185 2324 1189 2324 1082 2324 1189 2325 1107 2325 1082 2325 1186 2326 1190 2326 1083 2326 1190 2327 1108 2327 1083 2327 1086 2328 1122 2328 1084 2328 1122 2329 1088 2329 1084 2329 1125 2330 1087 2330 1085 2330 1123 2331 1125 2331 1085 2331 1089 2332 1123 2332 1085 2332 1124 2333 1122 2333 1086 2333 1090 2334 1124 2334 1086 2334 1125 2335 1091 2335 1087 2335 1122 2336 1209 2336 1088 2336 1209 2337 1098 2337 1088 2337 1210 2338 1123 2338 1089 2338 1214 2339 1210 2339 1089 2339 1099 2340 1214 2340 1089 2340 1211 2341 1124 2341 1090 2341 1215 2342 1211 2342 1090 2342 1100 2343 1215 2343 1090 2343 1125 2344 1212 2344 1091 2344 1212 2345 1101 2345 1091 2345 1146 2346 1193 2346 1093 2346 1246 2347 1304 2347 1093 2347 1193 2348 1246 2348 1093 2348 1114 2349 1146 2349 1093 2349 1192 2350 1147 2350 1092 2350 1195 2351 1148 2351 1095 2351 1306 2352 1248 2352 1095 2352 1248 2353 1195 2353 1095 2353 1149 2354 1196 2354 1096 2354 1117 2355 1149 2355 1096 2355 1113 2356 1187 2356 1097 2356 1187 2357 1183 2357 1097 2357 1209 2358 1213 2358 1098 2358 1213 2359 1102 2359 1098 2359 1222 2360 1214 2360 1099 2360 1103 2361 1222 2361 1099 2361 1104 2362 1223 2362 1100 2362 1223 2363 1215 2363 1100 2363 1212 2364 1216 2364 1101 2364 1216 2365 1105 2365 1101 2365 1213 2366 1221 2366 1102 2366 1221 2367 1118 2367 1102 2367 1226 2368 1222 2368 1103 2368 1119 2369 1226 2369 1103 2369 1227 2370 1223 2370 1104 2370 1120 2371 1227 2371 1104 2371 1216 2372 1224 2372 1105 2372 1224 2373 1121 2373 1105 2373 1188 2374 1184 2374 1106 2374 1126 2375 1188 2375 1106 2375 1189 2376 1198 2376 1107 2376 1198 2377 1127 2377 1107 2377 1190 2378 1199 2378 1108 2378 1199 2379 1128 2379 1108 2379 1159 2380 1134 2380 1109 2380 1160 2381 1441 2381 1110 2381 1441 2382 1490 2382 1110 2382 1490 2383 1543 2383 1110 2383 1589 2384 1643 2384 1110 2384 1543 2385 1589 2385 1110 2385 1162 2386 1150 2386 1112 2386 1129 2387 1191 2387 1113 2387 1191 2388 1187 2388 1113 2388 1179 2389 1146 2389 1114 2389 1151 2390 1179 2390 1114 2390 1147 2391 1192 2391 1115 2391 1192 2392 1180 2392 1115 2392 1195 2393 1181 2393 1116 2393 1148 2394 1195 2394 1116 2394 1154 2395 1182 2395 1117 2395 1182 2396 1149 2396 1117 2396 1221 2397 1225 2397 1118 2397 1225 2398 1130 2398 1118 2398 1230 2399 1226 2399 1119 2399 1131 2400 1230 2400 1119 2400 1132 2401 1231 2401 1120 2401 1231 2402 1227 2402 1120 2402 1224 2403 1228 2403 1121 2403 1228 2404 1133 2404 1121 2404 1124 2405 1205 2405 1122 2405 1205 2406 1209 2406 1122 2406 1208 2407 1125 2407 1123 2407 1206 2408 1208 2408 1123 2408 1210 2409 1206 2409 1123 2409 1207 2410 1205 2410 1124 2410 1211 2411 1207 2411 1124 2411 1208 2412 1212 2412 1125 2412 1197 2413 1188 2413 1126 2413 1134 2414 1197 2414 1126 2414 1198 2415 1202 2415 1127 2415 1202 2416 1135 2416 1127 2416 1199 2417 1203 2417 1128 2417 1203 2418 1136 2418 1128 2418 1150 2419 1200 2419 1129 2419 1200 2420 1191 2420 1129 2420 1225 2421 1229 2421 1130 2421 1229 2422 1141 2422 1130 2422 1234 2423 1230 2423 1131 2423 1142 2424 1234 2424 1131 2424 1235 2425 1231 2425 1132 2425 1143 2426 1235 2426 1132 2426 1228 2427 1232 2427 1133 2427 1232 2428 1144 2428 1133 2428 1201 2429 1197 2429 1134 2429 1159 2430 1201 2430 1134 2430 1202 2431 1218 2431 1135 2431 1218 2432 1160 2432 1135 2432 1203 2433 1219 2433 1136 2433 1219 2434 1161 2434 1136 2434 1155 2435 1157 2435 1137 2435 1157 2436 1139 2436 1137 2436 1164 2437 1155 2437 1137 2437 1140 2438 1156 2438 1138 2438 1156 2439 1165 2439 1138 2439 1157 2440 1166 2440 1139 2440 1158 2441 1156 2441 1140 2441 1163 2442 1158 2442 1140 2442 1229 2443 1233 2443 1141 2443 1233 2444 1151 2444 1141 2444 1238 2445 1234 2445 1142 2445 1152 2446 1238 2446 1142 2446 1153 2447 1239 2447 1143 2447 1239 2448 1235 2448 1143 2448 1232 2449 1236 2449 1144 2449 1236 2450 1154 2450 1144 2450 1179 2451 1193 2451 1146 2451 1182 2452 1196 2452 1149 2452 1162 2453 1204 2453 1150 2453 1204 2454 1200 2454 1150 2454 1233 2455 1237 2455 1151 2455 1237 2456 1179 2456 1151 2456 1242 2457 1238 2457 1152 2457 1180 2458 1242 2458 1152 2458 1243 2459 1239 2459 1153 2459 1181 2460 1243 2460 1153 2460 1236 2461 1240 2461 1154 2461 1240 2462 1182 2462 1154 2462 1267 2463 1257 2463 1155 2463 1257 2464 1157 2464 1155 2464 1164 2465 1267 2465 1155 2465 1158 2466 1299 2466 1156 2466 1295 2467 1165 2467 1156 2467 1299 2468 1295 2468 1156 2468 1253 2469 1166 2469 1157 2469 1257 2470 1253 2470 1157 2470 1300 2471 1299 2471 1158 2471 1163 2472 1300 2472 1158 2472 1217 2473 1201 2473 1159 2473 1218 2474 1441 2474 1160 2474 1220 2475 1204 2475 1162 2475 1167 2476 1280 2476 1163 2476 1280 2477 1300 2477 1163 2477 1265 2478 1267 2478 1164 2478 1168 2479 1265 2479 1164 2479 1295 2480 1279 2480 1165 2480 1279 2481 1169 2481 1165 2481 1253 2482 1259 2482 1166 2482 1259 2483 1170 2483 1166 2483 1171 2484 1286 2484 1167 2484 1286 2485 1280 2485 1167 2485 1275 2486 1265 2486 1168 2486 1172 2487 1275 2487 1168 2487 1279 2488 1292 2488 1169 2488 1292 2489 1173 2489 1169 2489 1259 2490 1254 2490 1170 2490 1254 2491 1174 2491 1170 2491 1175 2492 1290 2492 1171 2492 1290 2493 1286 2493 1171 2493 1264 2494 1275 2494 1172 2494 1176 2495 1264 2495 1172 2495 1292 2496 1289 2496 1173 2496 1289 2497 1177 2497 1173 2497 1250 2498 1178 2498 1174 2498 1254 2499 1250 2499 1174 2499 1183 2500 1278 2500 1175 2500 1278 2501 1290 2501 1175 2501 1263 2502 1264 2502 1176 2502 1184 2503 1263 2503 1176 2503 1289 2504 1294 2504 1177 2504 1294 2505 1185 2505 1177 2505 1250 2506 1255 2506 1178 2506 1255 2507 1186 2507 1178 2507 1237 2508 1241 2508 1179 2508 1241 2509 1193 2509 1179 2509 1245 2510 1242 2510 1180 2510 1192 2511 1245 2511 1180 2511 1248 2512 1243 2512 1181 2512 1195 2513 1248 2513 1181 2513 1240 2514 1244 2514 1182 2514 1244 2515 1196 2515 1182 2515 1187 2516 1281 2516 1183 2516 1281 2517 1278 2517 1183 2517 1262 2518 1263 2518 1184 2518 1188 2519 1262 2519 1184 2519 1294 2520 1297 2520 1185 2520 1297 2521 1189 2521 1185 2521 1255 2522 1256 2522 1186 2522 1256 2523 1190 2523 1186 2523 1191 2524 1284 2524 1187 2524 1284 2525 1281 2525 1187 2525 1258 2526 1262 2526 1188 2526 1197 2527 1258 2527 1188 2527 1297 2528 1283 2528 1189 2528 1283 2529 1198 2529 1189 2529 1256 2530 1260 2530 1190 2530 1260 2531 1199 2531 1190 2531 1200 2532 1277 2532 1191 2532 1277 2533 1284 2533 1191 2533 1241 2534 1246 2534 1193 2534 1244 2535 1249 2535 1196 2535 1269 2536 1258 2536 1197 2536 1201 2537 1269 2537 1197 2537 1283 2538 1296 2538 1198 2538 1296 2539 1202 2539 1198 2539 1260 2540 1266 2540 1199 2540 1266 2541 1203 2541 1199 2541 1204 2542 1287 2542 1200 2542 1287 2543 1277 2543 1200 2543 1268 2544 1269 2544 1201 2544 1217 2545 1268 2545 1201 2545 1296 2546 1298 2546 1202 2546 1298 2547 1218 2547 1202 2547 1266 2548 1261 2548 1203 2548 1261 2549 1219 2549 1203 2549 1220 2550 1282 2550 1204 2550 1282 2551 1287 2551 1204 2551 1207 2552 1271 2552 1205 2552 1271 2553 1209 2553 1205 2553 1302 2554 1208 2554 1206 2554 1301 2555 1302 2555 1206 2555 1210 2556 1301 2556 1206 2556 1272 2557 1271 2557 1207 2557 1211 2558 1272 2558 1207 2558 1302 2559 1212 2559 1208 2559 1271 2560 1340 2560 1209 2560 1340 2561 1213 2561 1209 2561 1214 2562 1337 2562 1210 2562 1337 2563 1341 2563 1210 2563 1341 2564 1345 2564 1210 2564 1345 2565 1301 2565 1210 2565 1342 2566 1346 2566 1211 2566 1346 2567 1272 2567 1211 2567 1338 2568 1342 2568 1211 2568 1215 2569 1338 2569 1211 2569 1302 2570 1343 2570 1212 2570 1343 2571 1216 2571 1212 2571 1340 2572 1336 2572 1213 2572 1336 2573 1221 2573 1213 2573 1222 2574 1329 2574 1214 2574 1329 2575 1337 2575 1214 2575 1223 2576 1330 2576 1215 2576 1330 2577 1338 2577 1215 2577 1343 2578 1339 2578 1216 2578 1339 2579 1224 2579 1216 2579 1251 2580 1268 2580 1217 2580 1298 2581 1441 2581 1218 2581 1293 2582 1282 2582 1220 2582 1336 2583 1328 2583 1221 2583 1328 2584 1225 2584 1221 2584 1226 2585 1325 2585 1222 2585 1325 2586 1329 2586 1222 2586 1326 2587 1330 2587 1223 2587 1227 2588 1326 2588 1223 2588 1339 2589 1331 2589 1224 2589 1331 2590 1228 2590 1224 2590 1328 2591 1324 2591 1225 2591 1324 2592 1229 2592 1225 2592 1230 2593 1321 2593 1226 2593 1321 2594 1325 2594 1226 2594 1231 2595 1322 2595 1227 2595 1322 2596 1326 2596 1227 2596 1331 2597 1327 2597 1228 2597 1327 2598 1232 2598 1228 2598 1324 2599 1320 2599 1229 2599 1320 2600 1233 2600 1229 2600 1234 2601 1317 2601 1230 2601 1317 2602 1321 2602 1230 2602 1318 2603 1322 2603 1231 2603 1235 2604 1318 2604 1231 2604 1327 2605 1323 2605 1232 2605 1323 2606 1236 2606 1232 2606 1320 2607 1316 2607 1233 2607 1316 2608 1237 2608 1233 2608 1238 2609 1313 2609 1234 2609 1313 2610 1317 2610 1234 2610 1239 2611 1314 2611 1235 2611 1314 2612 1318 2612 1235 2612 1323 2613 1319 2613 1236 2613 1319 2614 1240 2614 1236 2614 1316 2615 1312 2615 1237 2615 1312 2616 1241 2616 1237 2616 1242 2617 1309 2617 1238 2617 1309 2618 1313 2618 1238 2618 1310 2619 1314 2619 1239 2619 1243 2620 1310 2620 1239 2620 1319 2621 1315 2621 1240 2621 1315 2622 1244 2622 1240 2622 1312 2623 1308 2623 1241 2623 1308 2624 1246 2624 1241 2624 1245 2625 1303 2625 1242 2625 1303 2626 1309 2626 1242 2626 1306 2627 1310 2627 1243 2627 1248 2628 1306 2628 1243 2628 1315 2629 1311 2629 1244 2629 1311 2630 1249 2630 1244 2630 1308 2631 1304 2631 1246 2631 1311 2632 1307 2632 1249 2632 1368 2633 1255 2633 1250 2633 1254 2634 1376 2634 1250 2634 1376 2635 1368 2635 1250 2635 1384 2636 1259 2636 1253 2636 1257 2637 1388 2637 1253 2637 1388 2638 1384 2638 1253 2638 1259 2639 1380 2639 1254 2639 1380 2640 1376 2640 1254 2640 1368 2641 1364 2641 1255 2641 1364 2642 1256 2642 1255 2642 1364 2643 1355 2643 1256 2643 1355 2644 1260 2644 1256 2644 1396 2645 1388 2645 1257 2645 1366 2646 1262 2646 1258 2646 1362 2647 1366 2647 1258 2647 1269 2648 1362 2648 1258 2648 1384 2649 1380 2649 1259 2649 1355 2650 1351 2650 1260 2650 1351 2651 1266 2651 1260 2651 1266 2652 1334 2652 1261 2652 1374 2653 1263 2653 1262 2653 1366 2654 1374 2654 1262 2654 1378 2655 1264 2655 1263 2655 1374 2656 1378 2656 1263 2656 1382 2657 1275 2657 1264 2657 1378 2658 1382 2658 1264 2658 1386 2659 1394 2659 1265 2659 1394 2660 1267 2660 1265 2660 1275 2661 1386 2661 1265 2661 1351 2662 1334 2662 1266 2662 1353 2663 1269 2663 1268 2663 1349 2664 1353 2664 1268 2664 1251 2665 1349 2665 1268 2665 1353 2666 1362 2666 1269 2666 1332 2667 1349 2667 1251 2667 1272 2668 1344 2668 1271 2668 1344 2669 1340 2669 1271 2669 1346 2670 1344 2670 1272 2670 1394 2671 1396 2671 1267 2671 1396 2672 1257 2672 1267 2672 1382 2673 1386 2673 1275 2673 1280 2674 1397 2674 1300 2674 1287 2675 1361 2675 1277 2675 1361 2676 1365 2676 1277 2676 1365 2677 1284 2677 1277 2677 1281 2678 1377 2678 1278 2678 1377 2679 1381 2679 1278 2679 1381 2680 1290 2680 1278 2680 1295 2681 1383 2681 1279 2681 1383 2682 1379 2682 1279 2682 1379 2683 1292 2683 1279 2683 1286 2684 1389 2684 1280 2684 1389 2685 1397 2685 1280 2685 1284 2686 1369 2686 1281 2686 1369 2687 1377 2687 1281 2687 1293 2688 1348 2688 1282 2688 1348 2689 1352 2689 1282 2689 1352 2690 1287 2690 1282 2690 1297 2691 1354 2691 1283 2691 1354 2692 1350 2692 1283 2692 1350 2693 1296 2693 1283 2693 1365 2694 1369 2694 1284 2694 1387 2695 1295 2695 1299 2695 1395 2696 1387 2696 1299 2696 1290 2697 1385 2697 1286 2697 1385 2698 1389 2698 1286 2698 1352 2699 1361 2699 1287 2699 1296 2700 1333 2700 1298 2700 1292 2701 1375 2701 1289 2701 1375 2702 1367 2702 1289 2702 1367 2703 1294 2703 1289 2703 1381 2704 1385 2704 1290 2704 1379 2705 1375 2705 1292 2705 1335 2706 1348 2706 1293 2706 1367 2707 1363 2707 1294 2707 1363 2708 1297 2708 1294 2708 1387 2709 1383 2709 1295 2709 1350 2710 1333 2710 1296 2710 1363 2711 1354 2711 1297 2711 1333 2712 1441 2712 1298 2712 1300 2713 1395 2713 1299 2713 1397 2714 1395 2714 1300 2714 1347 2715 1302 2715 1301 2715 1345 2716 1347 2716 1301 2716 1347 2717 1343 2717 1302 2717 1358 2718 1309 2718 1303 2718 1308 2719 1370 2719 1304 2719 1370 2720 1357 2720 1304 2720 1359 2721 1310 2721 1306 2721 1311 2722 1373 2722 1307 2722 1373 2723 1360 2723 1307 2723 1312 2724 1398 2724 1308 2724 1398 2725 1370 2725 1308 2725 1371 2726 1313 2726 1309 2726 1358 2727 1371 2727 1309 2727 1372 2728 1314 2728 1310 2728 1359 2729 1372 2729 1310 2729 1315 2730 1401 2730 1311 2730 1401 2731 1373 2731 1311 2731 1316 2732 1408 2732 1312 2732 1408 2733 1398 2733 1312 2733 1399 2734 1317 2734 1313 2734 1371 2735 1399 2735 1313 2735 1400 2736 1318 2736 1314 2736 1372 2737 1400 2737 1314 2737 1411 2738 1401 2738 1315 2738 1319 2739 1411 2739 1315 2739 1320 2740 1419 2740 1316 2740 1419 2741 1408 2741 1316 2741 1409 2742 1321 2742 1317 2742 1399 2743 1409 2743 1317 2743 1410 2744 1322 2744 1318 2744 1400 2745 1410 2745 1318 2745 1323 2746 1422 2746 1319 2746 1422 2747 1411 2747 1319 2747 1324 2748 1431 2748 1320 2748 1431 2749 1419 2749 1320 2749 1420 2750 1325 2750 1321 2750 1409 2751 1420 2751 1321 2751 1421 2752 1326 2752 1322 2752 1410 2753 1421 2753 1322 2753 1434 2754 1422 2754 1323 2754 1327 2755 1434 2755 1323 2755 1328 2756 1447 2756 1324 2756 1447 2757 1431 2757 1324 2757 1432 2758 1329 2758 1325 2758 1420 2759 1432 2759 1325 2759 1433 2760 1330 2760 1326 2760 1421 2761 1433 2761 1326 2761 1331 2762 1450 2762 1327 2762 1450 2763 1434 2763 1327 2763 1336 2764 1451 2764 1328 2764 1451 2765 1447 2765 1328 2765 1448 2766 1337 2766 1329 2766 1432 2767 1448 2767 1329 2767 1449 2768 1338 2768 1330 2768 1433 2769 1449 2769 1330 2769 1454 2770 1450 2770 1331 2770 1339 2771 1454 2771 1331 2771 1416 2772 1349 2772 1332 2772 1390 2773 1416 2773 1332 2773 1391 2774 1441 2774 1333 2774 1350 2775 1391 2775 1333 2775 1351 2776 1392 2776 1334 2776 1393 2777 1402 2777 1335 2777 1402 2778 1348 2778 1335 2778 1340 2779 1461 2779 1336 2779 1461 2780 1451 2780 1336 2780 1452 2781 1341 2781 1337 2781 1448 2782 1452 2782 1337 2782 1453 2783 1342 2783 1338 2783 1449 2784 1453 2784 1338 2784 1343 2785 1464 2785 1339 2785 1464 2786 1454 2786 1339 2786 1344 2787 1427 2787 1340 2787 1427 2788 1461 2788 1340 2788 1428 2789 1345 2789 1341 2789 1462 2790 1428 2790 1341 2790 1452 2791 1462 2791 1341 2791 1463 2792 1429 2792 1342 2792 1429 2793 1346 2793 1342 2793 1453 2794 1463 2794 1342 2794 1347 2795 1430 2795 1343 2795 1430 2796 1464 2796 1343 2796 1346 2797 1427 2797 1344 2797 1430 2798 1347 2798 1345 2798 1428 2799 1430 2799 1345 2799 1429 2800 1427 2800 1346 2800 1402 2801 1423 2801 1348 2801 1423 2802 1352 2802 1348 2802 1424 2803 1353 2803 1349 2803 1416 2804 1424 2804 1349 2804 1354 2805 1417 2805 1350 2805 1417 2806 1391 2806 1350 2806 1355 2807 1418 2807 1351 2807 1418 2808 1392 2808 1351 2808 1423 2809 1439 2809 1352 2809 1439 2810 1361 2810 1352 2810 1444 2811 1362 2811 1353 2811 1424 2812 1444 2812 1353 2812 1363 2813 1425 2813 1354 2813 1425 2814 1417 2814 1354 2814 1364 2815 1426 2815 1355 2815 1426 2816 1418 2816 1355 2816 1403 2817 1371 2817 1358 2817 1435 2818 1404 2818 1357 2818 1370 2819 1435 2819 1357 2819 1406 2820 1372 2820 1359 2820 1373 2821 1438 2821 1360 2821 1438 2822 1407 2822 1360 2822 1439 2823 1455 2823 1361 2823 1455 2824 1365 2824 1361 2824 1469 2825 1366 2825 1362 2825 1444 2826 1469 2826 1362 2826 1367 2827 1445 2827 1363 2827 1445 2828 1425 2828 1363 2828 1368 2829 1446 2829 1364 2829 1446 2830 1426 2830 1364 2830 1455 2831 1476 2831 1365 2831 1476 2832 1369 2832 1365 2832 1481 2833 1374 2833 1366 2833 1469 2834 1481 2834 1366 2834 1375 2835 1470 2835 1367 2835 1470 2836 1445 2836 1367 2836 1376 2837 1471 2837 1368 2837 1471 2838 1446 2838 1368 2838 1476 2839 1484 2839 1369 2839 1484 2840 1377 2840 1369 2840 1472 2841 1435 2841 1370 2841 1398 2842 1472 2842 1370 2842 1403 2843 1436 2843 1371 2843 1436 2844 1399 2844 1371 2844 1437 2845 1400 2845 1372 2845 1406 2846 1437 2846 1372 2846 1401 2847 1475 2847 1373 2847 1475 2848 1438 2848 1373 2848 1485 2849 1378 2849 1374 2849 1481 2850 1485 2850 1374 2850 1379 2851 1482 2851 1375 2851 1482 2852 1470 2852 1375 2852 1380 2853 1483 2853 1376 2853 1483 2854 1471 2854 1376 2854 1484 2855 1488 2855 1377 2855 1488 2856 1381 2856 1377 2856 1498 2857 1382 2857 1378 2857 1485 2858 1498 2858 1378 2858 1383 2859 1486 2859 1379 2859 1486 2860 1482 2860 1379 2860 1384 2861 1487 2861 1380 2861 1487 2862 1483 2862 1380 2862 1488 2863 1501 2863 1381 2863 1501 2864 1385 2864 1381 2864 1506 2865 1386 2865 1382 2865 1498 2866 1506 2866 1382 2866 1387 2867 1499 2867 1383 2867 1499 2868 1486 2868 1383 2868 1388 2869 1500 2869 1384 2869 1500 2870 1487 2870 1384 2870 1501 2871 1512 2871 1385 2871 1512 2872 1389 2872 1385 2872 1506 2873 1412 2873 1386 2873 1412 2874 1394 2874 1386 2874 1395 2875 1413 2875 1387 2875 1413 2876 1507 2876 1387 2876 1507 2877 1499 2877 1387 2877 1508 2878 1500 2878 1388 2878 1396 2879 1414 2879 1388 2879 1414 2880 1508 2880 1388 2880 1512 2881 1415 2881 1389 2881 1415 2882 1397 2882 1389 2882 1478 2883 1416 2883 1390 2883 1440 2884 1478 2884 1390 2884 1417 2885 1441 2885 1391 2885 1418 2886 1442 2886 1392 2886 1443 2887 1477 2887 1393 2887 1477 2888 1402 2888 1393 2888 1412 2889 1414 2889 1394 2889 1414 2890 1396 2890 1394 2890 1397 2891 1413 2891 1395 2891 1415 2892 1413 2892 1397 2892 1493 2893 1472 2893 1398 2893 1408 2894 1493 2894 1398 2894 1436 2895 1473 2895 1399 2895 1473 2896 1409 2896 1399 2896 1474 2897 1410 2897 1400 2897 1437 2898 1474 2898 1400 2898 1496 2899 1475 2899 1401 2899 1411 2900 1496 2900 1401 2900 1477 2901 1497 2901 1402 2901 1497 2902 1423 2902 1402 2902 1456 2903 1436 2903 1403 2903 1502 2904 1457 2904 1404 2904 1435 2905 1502 2905 1404 2905 1459 2906 1437 2906 1406 2906 1438 2907 1505 2907 1407 2907 1505 2908 1460 2908 1407 2908 1523 2909 1493 2909 1408 2909 1419 2910 1523 2910 1408 2910 1473 2911 1494 2911 1409 2911 1494 2912 1420 2912 1409 2912 1495 2913 1421 2913 1410 2913 1474 2914 1495 2914 1410 2914 1422 2915 1526 2915 1411 2915 1526 2916 1496 2916 1411 2916 1513 2917 1515 2917 1412 2917 1515 2918 1414 2918 1412 2918 1506 2919 1513 2919 1412 2919 1415 2920 1514 2920 1413 2920 1514 2921 1507 2921 1413 2921 1515 2922 1508 2922 1414 2922 1516 2923 1514 2923 1415 2923 1512 2924 1516 2924 1415 2924 1509 2925 1424 2925 1416 2925 1478 2926 1509 2926 1416 2926 1425 2927 1479 2927 1417 2927 1479 2928 1441 2928 1417 2928 1426 2929 1480 2929 1418 2929 1480 2930 1442 2930 1418 2930 1547 2931 1523 2931 1419 2931 1431 2932 1547 2932 1419 2932 1494 2933 1524 2933 1420 2933 1524 2934 1432 2934 1420 2934 1525 2935 1433 2935 1421 2935 1495 2936 1525 2936 1421 2936 1550 2937 1526 2937 1422 2937 1434 2938 1550 2938 1422 2938 1497 2939 1522 2939 1423 2939 1522 2940 1439 2940 1423 2940 1527 2941 1444 2941 1424 2941 1509 2942 1527 2942 1424 2942 1445 2943 1510 2943 1425 2943 1510 2944 1479 2944 1425 2944 1446 2945 1511 2945 1426 2945 1511 2946 1480 2946 1426 2946 1429 2947 1465 2947 1427 2947 1465 2948 1461 2948 1427 2948 1468 2949 1430 2949 1428 2949 1466 2950 1468 2950 1428 2950 1462 2951 1466 2951 1428 2951 1467 2952 1465 2952 1429 2952 1463 2953 1467 2953 1429 2953 1468 2954 1464 2954 1430 2954 1563 2955 1547 2955 1431 2955 1447 2956 1563 2956 1431 2956 1524 2957 1548 2957 1432 2957 1548 2958 1448 2958 1432 2958 1549 2959 1449 2959 1433 2959 1525 2960 1549 2960 1433 2960 1450 2961 1566 2961 1434 2961 1566 2962 1550 2962 1434 2962 1538 2963 1502 2963 1435 2963 1472 2964 1538 2964 1435 2964 1456 2965 1503 2965 1436 2965 1503 2966 1473 2966 1436 2966 1504 2967 1474 2967 1437 2967 1459 2968 1504 2968 1437 2968 1475 2969 1541 2969 1438 2969 1541 2970 1505 2970 1438 2970 1522 2971 1546 2971 1439 2971 1546 2972 1455 2972 1439 2972 1531 2973 1478 2973 1440 2973 1489 2974 1531 2974 1440 2974 1479 2975 1490 2975 1441 2975 1480 2976 1491 2976 1442 2976 1492 2977 1530 2977 1443 2977 1530 2978 1477 2978 1443 2978 1556 2979 1469 2979 1444 2979 1527 2980 1556 2980 1444 2980 1470 2981 1528 2981 1445 2981 1528 2982 1510 2982 1445 2982 1471 2983 1529 2983 1446 2983 1529 2984 1511 2984 1446 2984 1575 2985 1563 2985 1447 2985 1451 2986 1575 2986 1447 2986 1548 2987 1564 2987 1448 2987 1564 2988 1452 2988 1448 2988 1565 2989 1453 2989 1449 2989 1549 2990 1565 2990 1449 2990 1578 2991 1566 2991 1450 2991 1454 2992 1578 2992 1450 2992 1584 2993 1575 2993 1451 2993 1461 2994 1584 2994 1451 2994 1564 2995 1576 2995 1452 2995 1576 2996 1462 2996 1452 2996 1577 2997 1463 2997 1453 2997 1565 2998 1577 2998 1453 2998 1464 2999 1587 2999 1454 2999 1587 3000 1578 3000 1454 3000 1546 3001 1567 3001 1455 3001 1567 3002 1476 3002 1455 3002 1519 3003 1503 3003 1456 3003 1502 3004 1559 3004 1457 3004 1559 3005 1518 3005 1457 3005 1520 3006 1504 3006 1459 3006 1505 3007 1562 3007 1460 3007 1562 3008 1521 3008 1460 3008 1593 3009 1584 3009 1461 3009 1465 3010 1593 3010 1461 3010 1576 3011 1585 3011 1462 3011 1585 3012 1466 3012 1462 3012 1586 3013 1467 3013 1463 3013 1577 3014 1586 3014 1463 3014 1468 3015 1596 3015 1464 3015 1596 3016 1587 3016 1464 3016 1467 3017 1593 3017 1465 3017 1596 3018 1468 3018 1466 3018 1594 3019 1596 3019 1466 3019 1585 3020 1594 3020 1466 3020 1595 3021 1593 3021 1467 3021 1586 3022 1595 3022 1467 3022 1572 3023 1481 3023 1469 3023 1556 3024 1572 3024 1469 3024 1482 3025 1557 3025 1470 3025 1557 3026 1528 3026 1470 3026 1483 3027 1558 3027 1471 3027 1558 3028 1529 3028 1471 3028 1579 3029 1538 3029 1472 3029 1493 3030 1579 3030 1472 3030 1503 3031 1539 3031 1473 3031 1539 3032 1494 3032 1473 3032 1540 3033 1495 3033 1474 3033 1504 3034 1540 3034 1474 3034 1582 3035 1541 3035 1475 3035 1496 3036 1582 3036 1475 3036 1567 3037 1583 3037 1476 3037 1583 3038 1484 3038 1476 3038 1530 3039 1568 3039 1477 3039 1568 3040 1497 3040 1477 3040 1569 3041 1509 3041 1478 3041 1531 3042 1569 3042 1478 3042 1510 3043 1532 3043 1479 3043 1532 3044 1490 3044 1479 3044 1511 3045 1533 3045 1480 3045 1533 3046 1491 3046 1480 3046 1605 3047 1485 3047 1481 3047 1572 3048 1605 3048 1481 3048 1486 3049 1573 3049 1482 3049 1573 3050 1557 3050 1482 3050 1487 3051 1574 3051 1483 3051 1574 3052 1558 3052 1483 3052 1583 3053 1608 3053 1484 3053 1608 3054 1488 3054 1484 3054 1610 3055 1498 3055 1485 3055 1605 3056 1610 3056 1485 3056 1499 3057 1606 3057 1486 3057 1606 3058 1573 3058 1486 3058 1500 3059 1607 3059 1487 3059 1607 3060 1574 3060 1487 3060 1608 3061 1613 3061 1488 3061 1613 3062 1501 3062 1488 3062 1602 3063 1531 3063 1489 3063 1542 3064 1602 3064 1489 3064 1532 3065 1543 3065 1490 3065 1533 3066 1544 3066 1491 3066 1545 3067 1592 3067 1492 3067 1592 3068 1530 3068 1492 3068 1633 3069 1579 3069 1493 3069 1523 3070 1633 3070 1493 3070 1539 3071 1580 3071 1494 3071 1580 3072 1524 3072 1494 3072 1581 3073 1525 3073 1495 3073 1540 3074 1581 3074 1495 3074 1526 3075 1636 3075 1496 3075 1636 3076 1582 3076 1496 3076 1568 3077 1609 3077 1497 3077 1609 3078 1522 3078 1497 3078 1621 3079 1506 3079 1498 3079 1610 3080 1621 3080 1498 3080 1507 3081 1611 3081 1499 3081 1611 3082 1606 3082 1499 3082 1508 3083 1612 3083 1500 3083 1612 3084 1607 3084 1500 3084 1613 3085 1624 3085 1501 3085 1624 3086 1512 3086 1501 3086 1538 3087 1617 3087 1502 3087 1617 3088 1559 3088 1502 3088 1560 3089 1539 3089 1503 3089 1519 3090 1560 3090 1503 3090 1561 3091 1540 3091 1504 3091 1520 3092 1561 3092 1504 3092 1541 3093 1620 3093 1505 3093 1620 3094 1562 3094 1505 3094 1621 3095 1534 3095 1506 3095 1534 3096 1513 3096 1506 3096 1514 3097 1535 3097 1507 3097 1535 3098 1622 3098 1507 3098 1622 3099 1611 3099 1507 3099 1623 3100 1612 3100 1508 3100 1536 3101 1623 3101 1508 3101 1515 3102 1536 3102 1508 3102 1614 3103 1527 3103 1509 3103 1569 3104 1614 3104 1509 3104 1528 3105 1570 3105 1510 3105 1570 3106 1532 3106 1510 3106 1529 3107 1571 3107 1511 3107 1571 3108 1533 3108 1511 3108 1537 3109 1516 3109 1512 3109 1624 3110 1632 3110 1512 3110 1632 3111 1537 3111 1512 3111 1534 3112 1536 3112 1513 3112 1536 3113 1515 3113 1513 3113 1516 3114 1535 3114 1514 3114 1537 3115 1535 3115 1516 3115 1553 3116 1560 3116 1519 3116 1559 3117 1625 3117 1518 3117 1625 3118 1552 3118 1518 3118 1554 3119 1561 3119 1520 3119 1562 3120 1628 3120 1521 3120 1628 3121 1555 3121 1521 3121 1609 3122 1649 3122 1522 3122 1649 3123 1546 3123 1522 3123 1660 3124 1633 3124 1523 3124 1547 3125 1660 3125 1523 3125 1580 3126 1634 3126 1524 3126 1634 3127 1548 3127 1524 3127 1635 3128 1549 3128 1525 3128 1581 3129 1635 3129 1525 3129 1663 3130 1636 3130 1526 3130 1550 3131 1663 3131 1526 3131 1657 3132 1556 3132 1527 3132 1614 3133 1657 3133 1527 3133 1557 3134 1615 3134 1528 3134 1615 3135 1570 3135 1528 3135 1558 3136 1616 3136 1529 3136 1616 3137 1571 3137 1529 3137 1592 3138 1648 3138 1530 3138 1648 3139 1568 3139 1530 3139 1651 3140 1569 3140 1531 3140 1602 3141 1651 3141 1531 3141 1570 3142 1603 3142 1532 3142 1603 3143 1543 3143 1532 3143 1571 3144 1604 3144 1533 3144 1604 3145 1544 3145 1533 3145 1629 3146 1631 3146 1534 3146 1631 3147 1536 3147 1534 3147 1621 3148 1629 3148 1534 3148 1537 3149 1630 3149 1535 3149 1630 3150 1622 3150 1535 3150 1631 3151 1623 3151 1536 3151 1632 3152 1630 3152 1537 3152 1579 3153 1669 3153 1538 3153 1669 3154 1617 3154 1538 3154 1618 3155 1580 3155 1539 3155 1560 3156 1618 3156 1539 3156 1619 3157 1581 3157 1540 3157 1561 3158 1619 3158 1540 3158 1672 3159 1620 3159 1541 3159 1582 3160 1672 3160 1541 3160 1654 3161 1602 3161 1542 3161 1588 3162 1654 3162 1542 3162 1603 3163 1589 3163 1543 3163 1604 3164 1590 3164 1544 3164 1591 3165 1650 3165 1545 3165 1650 3166 1592 3166 1545 3166 1649 3167 1664 3167 1546 3167 1664 3168 1567 3168 1546 3168 1681 3169 1660 3169 1547 3169 1563 3170 1681 3170 1547 3170 1634 3171 1661 3171 1548 3171 1661 3172 1564 3172 1548 3172 1662 3173 1565 3173 1549 3173 1635 3174 1662 3174 1549 3174 1566 3175 1684 3175 1550 3175 1684 3176 1663 3176 1550 3176 1626 3177 1560 3177 1553 3177 1597 3178 1626 3178 1553 3178 1625 3179 1665 3179 1552 3179 1665 3180 1598 3180 1552 3180 1600 3181 1627 3181 1554 3181 1627 3182 1561 3182 1554 3182 1628 3183 1668 3183 1555 3183 1668 3184 1601 3184 1555 3184 1674 3185 1572 3185 1556 3185 1657 3186 1674 3186 1556 3186 1573 3187 1658 3187 1557 3187 1658 3188 1615 3188 1557 3188 1574 3189 1659 3189 1558 3189 1659 3190 1616 3190 1558 3190 1617 3191 1687 3191 1559 3191 1687 3192 1625 3192 1559 3192 1626 3193 1618 3193 1560 3193 1627 3194 1619 3194 1561 3194 1620 3195 1690 3195 1562 3195 1690 3196 1628 3196 1562 3196 1702 3197 1681 3197 1563 3197 1575 3198 1702 3198 1563 3198 1661 3199 1682 3199 1564 3199 1682 3200 1576 3200 1564 3200 1683 3201 1577 3201 1565 3201 1662 3202 1683 3202 1565 3202 1705 3203 1684 3203 1566 3203 1578 3204 1705 3204 1566 3204 1664 3205 1691 3205 1567 3205 1691 3206 1583 3206 1567 3206 1648 3207 1673 3207 1568 3207 1673 3208 1609 3208 1568 3208 1692 3209 1614 3209 1569 3209 1651 3210 1692 3210 1569 3210 1615 3211 1652 3211 1570 3211 1652 3212 1603 3212 1570 3212 1616 3213 1653 3213 1571 3213 1653 3214 1604 3214 1571 3214 1699 3215 1605 3215 1572 3215 1674 3216 1699 3216 1572 3216 1606 3217 1675 3217 1573 3217 1675 3218 1658 3218 1573 3218 1607 3219 1676 3219 1574 3219 1676 3220 1659 3220 1574 3220 1716 3221 1702 3221 1575 3221 1584 3222 1716 3222 1575 3222 1682 3223 1703 3223 1576 3223 1703 3224 1585 3224 1576 3224 1704 3225 1586 3225 1577 3225 1683 3226 1704 3226 1577 3226 1587 3227 1719 3227 1578 3227 1719 3228 1705 3228 1578 3228 1633 3229 1721 3229 1579 3229 1721 3230 1669 3230 1579 3230 1670 3231 1634 3231 1580 3231 1618 3232 1670 3232 1580 3232 1671 3233 1635 3233 1581 3233 1619 3234 1671 3234 1581 3234 1636 3235 1724 3235 1582 3235 1724 3236 1672 3236 1582 3236 1691 3237 1711 3237 1583 3237 1711 3238 1608 3238 1583 3238 1728 3239 1716 3239 1584 3239 1593 3240 1728 3240 1584 3240 1703 3241 1717 3241 1585 3241 1717 3242 1594 3242 1585 3242 1718 3243 1595 3243 1586 3243 1704 3244 1718 3244 1586 3244 1596 3245 1731 3245 1587 3245 1731 3246 1719 3246 1587 3246 1695 3247 1654 3247 1588 3247 1642 3248 1695 3248 1588 3248 1655 3249 1643 3249 1589 3249 1603 3250 1655 3250 1589 3250 1604 3251 1656 3251 1590 3251 1656 3252 1685 3252 1590 3252 1685 3253 1644 3253 1590 3253 1645 3254 1686 3254 1591 3254 1686 3255 1650 3255 1591 3255 1650 3256 1698 3256 1592 3256 1698 3257 1648 3257 1592 3257 1595 3258 1728 3258 1593 3258 1731 3259 1596 3259 1594 3259 1729 3260 1731 3260 1594 3260 1717 3261 1729 3261 1594 3261 1730 3262 1728 3262 1595 3262 1718 3263 1730 3263 1595 3263 1666 3264 1626 3264 1597 3264 1641 3265 1666 3265 1597 3265 1712 3266 1637 3266 1598 3266 1665 3267 1712 3267 1598 3267 1646 3268 1709 3268 1600 3268 1709 3269 1667 3269 1600 3269 1667 3270 1627 3270 1600 3270 1668 3271 1710 3271 1601 3271 1710 3272 1647 3272 1601 3272 1706 3273 1651 3273 1602 3273 1654 3274 1706 3274 1602 3274 1652 3275 1655 3275 1603 3275 1653 3276 1656 3276 1604 3276 1725 3277 1610 3277 1605 3277 1699 3278 1725 3278 1605 3278 1611 3279 1700 3279 1606 3279 1700 3280 1675 3280 1606 3280 1612 3281 1701 3281 1607 3281 1701 3282 1676 3282 1607 3282 1711 3283 1732 3283 1608 3283 1732 3284 1613 3284 1608 3284 1673 3285 1720 3285 1609 3285 1720 3286 1649 3286 1609 3286 1733 3287 1621 3287 1610 3287 1725 3288 1733 3288 1610 3288 1622 3289 1726 3289 1611 3289 1726 3290 1700 3290 1611 3290 1727 3291 1701 3291 1612 3291 1623 3292 1727 3292 1612 3292 1732 3293 1736 3293 1613 3293 1736 3294 1624 3294 1613 3294 1737 3295 1657 3295 1614 3295 1692 3296 1737 3296 1614 3296 1658 3297 1693 3297 1615 3297 1693 3298 1652 3298 1615 3298 1659 3299 1694 3299 1616 3299 1694 3300 1653 3300 1616 3300 1669 3301 1751 3301 1617 3301 1751 3302 1687 3302 1617 3302 1626 3303 1688 3303 1618 3303 1688 3304 1670 3304 1618 3304 1689 3305 1671 3305 1619 3305 1627 3306 1689 3306 1619 3306 1754 3307 1690 3307 1620 3307 1672 3308 1754 3308 1620 3308 1733 3309 1677 3309 1621 3309 1677 3310 1629 3310 1621 3310 1630 3311 1734 3311 1622 3311 1734 3312 1726 3312 1622 3312 1735 3313 1727 3313 1623 3313 1631 3314 1735 3314 1623 3314 1736 3315 1680 3315 1624 3315 1680 3316 1632 3316 1624 3316 1687 3317 1747 3317 1625 3317 1747 3318 1665 3318 1625 3318 1666 3319 1688 3319 1626 3319 1667 3320 1689 3320 1627 3320 1690 3321 1750 3321 1628 3321 1750 3322 1668 3322 1628 3322 1677 3323 1679 3323 1629 3323 1679 3324 1631 3324 1629 3324 1632 3325 1678 3325 1630 3325 1678 3326 1734 3326 1630 3326 1679 3327 1735 3327 1631 3327 1680 3328 1678 3328 1632 3328 1660 3329 1766 3329 1633 3329 1766 3330 1721 3330 1633 3330 1722 3331 1661 3331 1634 3331 1670 3332 1722 3332 1634 3332 1723 3333 1662 3333 1635 3333 1671 3334 1723 3334 1635 3334 1769 3335 1724 3335 1636 3335 1663 3336 1769 3336 1636 3336 1712 3337 1932 3337 1637 3337 2007 3338 1713 3338 1641 3338 1931 3339 2007 3339 1641 3339 1713 3340 1666 3340 1641 3340 1936 3341 1695 3341 1642 3341 1655 3342 1696 3342 1643 3342 1985 3343 1937 3343 1643 3343 1696 3344 1985 3344 1643 3344 1983 3345 1938 3345 1644 3345 1685 3346 1983 3346 1644 3346 1939 3347 1987 3347 1645 3347 1987 3348 1686 3348 1645 3348 1992 3349 1709 3349 1646 3349 1940 3350 1992 3350 1646 3350 1710 3351 1941 3351 1647 3351 1698 3352 1744 3352 1648 3352 1744 3353 1673 3353 1648 3353 1720 3354 1759 3354 1649 3354 1759 3355 1664 3355 1649 3355 1686 3356 1746 3356 1650 3356 1746 3357 1698 3357 1650 3357 1763 3358 1692 3358 1651 3358 1706 3359 1763 3359 1651 3359 1693 3360 1707 3360 1652 3360 1707 3361 1655 3361 1652 3361 1694 3362 1708 3362 1653 3362 1708 3363 1656 3363 1653 3363 1760 3364 1706 3364 1654 3364 1695 3365 1760 3365 1654 3365 1707 3366 1696 3366 1655 3366 1697 3367 1685 3367 1656 3367 1708 3368 1745 3368 1656 3368 1745 3369 1697 3369 1656 3369 1770 3370 1674 3370 1657 3370 1737 3371 1770 3371 1657 3371 1675 3372 1738 3372 1658 3372 1738 3373 1693 3373 1658 3373 1676 3374 1739 3374 1659 3374 1739 3375 1694 3375 1659 3375 1681 3376 1777 3376 1660 3376 1777 3377 1766 3377 1660 3377 1767 3378 1682 3378 1661 3378 1722 3379 1767 3379 1661 3379 1768 3380 1683 3380 1662 3380 1723 3381 1768 3381 1662 3381 1684 3382 1780 3382 1663 3382 1780 3383 1769 3383 1663 3383 1759 3384 1773 3384 1664 3384 1773 3385 1691 3385 1664 3385 1783 3386 1712 3386 1665 3386 1747 3387 1783 3387 1665 3387 1748 3388 1688 3388 1666 3388 1713 3389 1748 3389 1666 3389 1709 3390 1714 3390 1667 3390 1714 3391 1774 3391 1667 3391 1774 3392 1749 3392 1667 3392 1749 3393 1689 3393 1667 3393 1750 3394 1775 3394 1668 3394 1775 3395 1715 3395 1668 3395 1715 3396 1710 3396 1668 3396 1721 3397 1798 3397 1669 3397 1798 3398 1751 3398 1669 3398 1688 3399 1752 3399 1670 3399 1752 3400 1722 3400 1670 3400 1753 3401 1723 3401 1671 3401 1689 3402 1753 3402 1671 3402 1724 3403 1801 3403 1672 3403 1801 3404 1754 3404 1672 3404 1744 3405 1776 3405 1673 3405 1776 3406 1720 3406 1673 3406 1787 3407 1699 3407 1674 3407 1770 3408 1787 3408 1674 3408 1700 3409 1771 3409 1675 3409 1771 3410 1738 3410 1675 3410 1701 3411 1772 3411 1676 3411 1772 3412 1739 3412 1676 3412 1740 3413 1742 3413 1677 3413 1742 3414 1679 3414 1677 3414 1733 3415 1740 3415 1677 3415 1680 3416 1741 3416 1678 3416 1741 3417 1734 3417 1678 3417 1742 3418 1735 3418 1679 3418 1743 3419 1741 3419 1680 3419 1736 3420 1743 3420 1680 3420 1702 3421 1812 3421 1681 3421 1812 3422 1777 3422 1681 3422 1778 3423 1703 3423 1682 3423 1767 3424 1778 3424 1682 3424 1779 3425 1704 3425 1683 3425 1768 3426 1779 3426 1683 3426 1815 3427 1780 3427 1684 3427 1705 3428 1815 3428 1684 3428 1986 3429 1983 3429 1685 3429 1697 3430 1986 3430 1685 3430 1987 3431 2031 3431 1686 3431 2031 3432 1746 3432 1686 3432 1751 3433 1805 3433 1687 3433 1805 3434 1747 3434 1687 3434 1748 3435 1752 3435 1688 3435 1749 3436 1753 3436 1689 3436 1808 3437 1750 3437 1690 3437 1754 3438 1808 3438 1690 3438 1773 3439 1794 3439 1691 3439 1794 3440 1711 3440 1691 3440 1795 3441 1737 3441 1692 3441 1763 3442 1795 3442 1692 3442 1738 3443 1764 3443 1693 3443 1764 3444 1707 3444 1693 3444 1739 3445 1765 3445 1694 3445 1765 3446 1708 3446 1694 3446 1936 3447 1984 3447 1695 3447 1984 3448 1760 3448 1695 3448 1707 3449 1761 3449 1696 3449 2059 3450 1985 3450 1696 3450 1761 3451 2059 3451 1696 3451 2030 3452 1986 3452 1697 3452 1745 3453 2030 3453 1697 3453 1746 3454 1782 3454 1698 3454 1782 3455 1744 3455 1698 3455 1809 3456 1725 3456 1699 3456 1787 3457 1809 3457 1699 3457 1726 3458 1788 3458 1700 3458 1788 3459 1771 3459 1700 3459 1789 3460 1772 3460 1701 3460 1727 3461 1789 3461 1701 3461 1716 3462 1822 3462 1702 3462 1822 3463 1812 3463 1702 3463 1813 3464 1717 3464 1703 3464 1778 3465 1813 3465 1703 3465 1814 3466 1718 3466 1704 3466 1779 3467 1814 3467 1704 3467 1719 3468 1825 3468 1705 3468 1825 3469 1815 3469 1705 3469 1802 3470 1763 3470 1706 3470 1760 3471 1802 3471 1706 3471 1764 3472 1761 3472 1707 3472 1762 3473 1745 3473 1708 3473 1765 3474 1781 3474 1708 3474 1781 3475 1762 3475 1708 3475 1992 3476 1714 3476 1709 3476 1715 3477 2009 3477 1710 3477 2009 3478 1993 3478 1710 3478 1993 3479 1941 3479 1710 3479 1794 3480 1816 3480 1711 3480 1816 3481 1732 3481 1711 3481 1783 3482 2006 3482 1712 3482 2006 3483 1932 3483 1712 3483 1784 3484 1748 3484 1713 3484 2079 3485 1784 3485 1713 3485 2007 3486 2079 3486 1713 3486 2008 3487 1774 3487 1714 3487 1992 3488 2008 3488 1714 3488 1775 3489 2075 3489 1715 3489 2075 3490 2009 3490 1715 3490 1728 3491 1755 3491 1716 3491 1755 3492 1822 3492 1716 3492 1756 3493 1729 3493 1717 3493 1823 3494 1756 3494 1717 3494 1813 3495 1823 3495 1717 3495 1824 3496 1757 3496 1718 3496 1757 3497 1730 3497 1718 3497 1814 3498 1824 3498 1718 3498 1731 3499 1758 3499 1719 3499 1758 3500 1825 3500 1719 3500 1776 3501 1817 3501 1720 3501 1817 3502 1759 3502 1720 3502 1766 3503 1841 3503 1721 3503 1841 3504 1798 3504 1721 3504 1752 3505 1799 3505 1722 3505 1799 3506 1767 3506 1722 3506 1800 3507 1768 3507 1723 3507 1753 3508 1800 3508 1723 3508 1844 3509 1801 3509 1724 3509 1769 3510 1844 3510 1724 3510 1818 3511 1733 3511 1725 3511 1809 3512 1818 3512 1725 3512 1734 3513 1810 3513 1726 3513 1810 3514 1788 3514 1726 3514 1735 3515 1811 3515 1727 3515 1811 3516 1789 3516 1727 3516 1730 3517 1755 3517 1728 3517 1758 3518 1731 3518 1729 3518 1756 3519 1758 3519 1729 3519 1757 3520 1755 3520 1730 3520 1816 3521 1821 3521 1732 3521 1821 3522 1736 3522 1732 3522 1818 3523 1790 3523 1733 3523 1790 3524 1740 3524 1733 3524 1741 3525 1791 3525 1734 3525 1791 3526 1819 3526 1734 3526 1819 3527 1810 3527 1734 3527 1742 3528 1792 3528 1735 3528 1792 3529 1820 3529 1735 3529 1820 3530 1811 3530 1735 3530 1821 3531 1793 3531 1736 3531 1793 3532 1743 3532 1736 3532 1836 3533 1770 3533 1737 3533 1795 3534 1836 3534 1737 3534 1771 3535 1796 3535 1738 3535 1796 3536 1764 3536 1738 3536 1772 3537 1797 3537 1739 3537 1797 3538 1765 3538 1739 3538 1790 3539 1792 3539 1740 3539 1792 3540 1742 3540 1740 3540 1743 3541 1791 3541 1741 3541 1793 3542 1791 3542 1743 3542 1782 3543 1835 3543 1744 3543 1835 3544 1776 3544 1744 3544 2060 3545 2030 3545 1745 3545 1762 3546 2060 3546 1745 3546 2031 3547 2061 3547 1746 3547 2061 3548 1782 3548 1746 3548 1849 3549 1783 3549 1747 3549 1805 3550 1849 3550 1747 3550 1806 3551 1752 3551 1748 3551 1784 3552 1806 3552 1748 3552 1774 3553 1785 3553 1749 3553 1785 3554 1839 3554 1749 3554 1807 3555 1753 3555 1749 3555 1839 3556 1807 3556 1749 3556 1808 3557 1840 3557 1750 3557 1840 3558 1786 3558 1750 3558 1786 3559 1775 3559 1750 3559 1798 3560 1856 3560 1751 3560 1856 3561 1805 3561 1751 3561 1806 3562 1799 3562 1752 3562 1807 3563 1800 3563 1753 3563 1801 3564 1859 3564 1754 3564 1859 3565 1808 3565 1754 3565 1757 3566 1830 3566 1755 3566 1830 3567 1822 3567 1755 3567 1833 3568 1758 3568 1756 3568 1831 3569 1833 3569 1756 3569 1823 3570 1831 3570 1756 3570 1832 3571 1830 3571 1757 3571 1824 3572 1832 3572 1757 3572 1833 3573 1825 3573 1758 3573 1817 3574 1845 3574 1759 3574 1845 3575 1773 3575 1759 3575 1984 3576 2058 3576 1760 3576 2058 3577 1802 3577 1760 3577 1764 3578 1803 3578 1761 3578 2095 3579 2059 3579 1761 3579 1803 3580 2095 3580 1761 3580 2076 3581 2060 3581 1762 3581 1781 3582 2076 3582 1762 3582 1846 3583 1795 3583 1763 3583 1802 3584 1846 3584 1763 3584 1796 3585 1803 3585 1764 3585 1804 3586 1781 3586 1765 3586 1797 3587 1834 3587 1765 3587 1834 3588 1804 3588 1765 3588 1777 3589 1863 3589 1766 3589 1863 3590 1841 3590 1766 3590 1799 3591 1842 3591 1767 3591 1842 3592 1778 3592 1767 3592 1843 3593 1779 3593 1768 3593 1800 3594 1843 3594 1768 3594 1780 3595 1866 3595 1769 3595 1866 3596 1844 3596 1769 3596 1853 3597 1787 3597 1770 3597 1836 3598 1853 3598 1770 3598 1788 3599 1837 3599 1771 3599 1837 3600 1796 3600 1771 3600 1838 3601 1797 3601 1772 3601 1789 3602 1838 3602 1772 3602 1845 3603 1860 3603 1773 3603 1860 3604 1794 3604 1773 3604 2074 3605 1785 3605 1774 3605 2008 3606 2074 3606 1774 3606 1786 3607 2081 3607 1775 3607 2081 3608 2075 3608 1775 3608 1835 3609 1862 3609 1776 3609 1862 3610 1817 3610 1776 3610 1812 3611 1888 3611 1777 3611 1888 3612 1863 3612 1777 3612 1842 3613 1864 3613 1778 3613 1864 3614 1813 3614 1778 3614 1865 3615 1814 3615 1779 3615 1843 3616 1865 3616 1779 3616 1891 3617 1866 3617 1780 3617 1815 3618 1891 3618 1780 3618 2096 3619 2076 3619 1781 3619 1804 3620 2096 3620 1781 3620 2061 3621 2077 3621 1782 3621 2077 3622 2097 3622 1782 3622 2097 3623 1835 3623 1782 3623 1849 3624 2078 3624 1783 3624 2078 3625 2006 3625 1783 3625 1850 3626 1806 3626 1784 3626 2141 3627 1850 3627 1784 3627 2079 3628 2141 3628 1784 3628 2080 3629 1839 3629 1785 3629 2074 3630 2080 3630 1785 3630 1840 3631 2131 3631 1786 3631 2131 3632 2081 3632 1786 3632 1871 3633 1809 3633 1787 3633 1853 3634 1871 3634 1787 3634 1810 3635 1854 3635 1788 3635 1854 3636 1837 3636 1788 3636 1811 3637 1855 3637 1789 3637 1855 3638 1838 3638 1789 3638 1826 3639 1828 3639 1790 3639 1828 3640 1792 3640 1790 3640 1818 3641 1826 3641 1790 3641 1793 3642 1827 3642 1791 3642 1827 3643 1819 3643 1791 3643 1828 3644 1820 3644 1792 3644 1829 3645 1827 3645 1793 3645 1821 3646 1829 3646 1793 3646 1860 3647 1874 3647 1794 3647 1874 3648 1816 3648 1794 3648 1879 3649 1836 3649 1795 3649 1846 3650 1879 3650 1795 3650 1837 3651 1847 3651 1796 3651 1847 3652 1803 3652 1796 3652 1861 3653 1848 3653 1797 3653 1848 3654 1834 3654 1797 3654 1838 3655 1861 3655 1797 3655 1841 3656 1898 3656 1798 3656 1898 3657 1856 3657 1798 3657 1857 3658 1842 3658 1799 3658 1806 3659 1857 3659 1799 3659 1858 3660 1843 3660 1800 3660 1807 3661 1858 3661 1800 3661 1901 3662 1859 3662 1801 3662 1844 3663 1901 3663 1801 3663 2058 3664 2094 3664 1802 3664 2094 3665 1846 3665 1802 3665 2133 3666 2095 3666 1803 3666 1847 3667 2133 3667 1803 3667 2116 3668 2096 3668 1804 3668 1834 3669 2116 3669 1804 3669 1906 3670 1849 3670 1805 3670 1856 3671 1906 3671 1805 3671 1850 3672 1857 3672 1806 3672 1851 3673 1882 3673 1807 3673 1882 3674 1858 3674 1807 3674 1839 3675 1851 3675 1807 3675 1859 3676 1883 3676 1808 3676 1883 3677 1852 3677 1808 3677 1852 3678 1840 3678 1808 3678 1884 3679 1818 3679 1809 3679 1871 3680 1884 3680 1809 3680 1819 3681 1872 3681 1810 3681 1872 3682 1854 3682 1810 3682 1820 3683 1873 3683 1811 3683 1873 3684 1855 3684 1811 3684 1822 3685 1902 3685 1812 3685 1902 3686 1888 3686 1812 3686 1864 3687 1889 3687 1813 3687 1889 3688 1823 3688 1813 3688 1890 3689 1824 3689 1814 3689 1865 3690 1890 3690 1814 3690 1825 3691 1905 3691 1815 3691 1905 3692 1891 3692 1815 3692 1874 3693 1887 3693 1816 3693 1887 3694 1821 3694 1816 3694 1862 3695 1897 3695 1817 3695 1897 3696 1845 3696 1817 3696 1884 3697 1875 3697 1818 3697 1875 3698 1826 3698 1818 3698 1876 3699 1885 3699 1819 3699 1827 3700 1876 3700 1819 3700 1885 3701 1872 3701 1819 3701 1886 3702 1873 3702 1820 3702 1877 3703 1886 3703 1820 3703 1828 3704 1877 3704 1820 3704 1887 3705 1878 3705 1821 3705 1878 3706 1829 3706 1821 3706 1830 3707 1867 3707 1822 3707 1867 3708 1902 3708 1822 3708 1889 3709 1903 3709 1823 3709 1903 3710 1911 3710 1823 3710 1911 3711 1868 3711 1823 3711 1868 3712 1831 3712 1823 3712 1912 3713 1869 3713 1824 3713 1904 3714 1912 3714 1824 3714 1869 3715 1832 3715 1824 3715 1890 3716 1904 3716 1824 3716 1833 3717 1870 3717 1825 3717 1870 3718 1905 3718 1825 3718 1875 3719 1877 3719 1826 3719 1877 3720 1828 3720 1826 3720 1829 3721 1876 3721 1827 3721 1878 3722 1876 3722 1829 3722 1832 3723 1867 3723 1830 3723 1870 3724 1833 3724 1831 3724 1868 3725 1870 3725 1831 3725 1869 3726 1867 3726 1832 3726 2134 3727 2116 3727 1834 3727 1848 3728 2134 3728 1834 3728 2097 3729 2117 3729 1835 3729 2117 3730 2135 3730 1835 3730 2135 3731 1862 3731 1835 3731 1914 3732 1853 3732 1836 3732 1879 3733 1914 3733 1836 3733 1854 3734 1880 3734 1837 3734 1880 3735 1847 3735 1837 3735 1881 3736 1861 3736 1838 3736 1855 3737 1896 3737 1838 3737 1896 3738 1881 3738 1838 3738 2130 3739 1851 3739 1839 3739 2080 3740 2130 3740 1839 3740 1852 3741 2143 3741 1840 3741 2143 3742 2131 3742 1840 3742 1863 3743 1926 3743 1841 3743 1926 3744 1898 3744 1841 3744 1899 3745 1864 3745 1842 3745 1857 3746 1899 3746 1842 3746 1900 3747 1865 3747 1843 3747 1858 3748 1900 3748 1843 3748 1866 3749 1929 3749 1844 3749 1929 3750 1901 3750 1844 3750 1897 3751 1918 3751 1845 3751 1918 3752 1860 3752 1845 3752 2094 3753 2132 3753 1846 3753 2132 3754 1879 3754 1846 3754 2169 3755 2133 3755 1847 3755 1880 3756 2169 3756 1847 3756 2150 3757 2134 3757 1848 3757 1861 3758 2150 3758 1848 3758 1906 3759 2140 3759 1849 3759 2140 3760 2078 3760 1849 3760 1907 3761 1857 3761 1850 3761 2197 3762 1907 3762 1850 3762 2141 3763 2197 3763 1850 3763 2142 3764 1882 3764 1851 3764 2130 3765 2142 3765 1851 3765 1883 3766 2173 3766 1852 3766 2173 3767 2143 3767 1852 3767 1919 3768 1871 3768 1853 3768 1914 3769 1919 3769 1853 3769 1872 3770 1915 3770 1854 3770 1915 3771 1880 3771 1854 3771 1916 3772 1896 3772 1855 3772 1873 3773 1917 3773 1855 3773 1917 3774 1916 3774 1855 3774 1951 3775 1906 3775 1856 3775 1898 3776 1951 3776 1856 3776 1907 3777 1899 3777 1857 3777 1882 3778 1908 3778 1858 3778 1908 3779 1922 3779 1858 3779 1922 3780 1900 3780 1858 3780 1901 3781 1923 3781 1859 3781 1923 3782 1909 3782 1859 3782 1909 3783 1883 3783 1859 3783 1918 3784 1925 3784 1860 3784 1925 3785 1874 3785 1860 3785 2170 3786 2150 3786 1861 3786 1881 3787 2170 3787 1861 3787 2135 3788 2151 3788 1862 3788 2151 3789 2171 3789 1862 3789 2171 3790 1897 3790 1862 3790 1888 3791 1955 3791 1863 3791 1955 3792 1926 3792 1863 3792 1927 3793 1889 3793 1864 3793 1899 3794 1927 3794 1864 3794 1928 3795 1890 3795 1865 3795 1900 3796 1928 3796 1865 3796 1958 3797 1929 3797 1866 3797 1891 3798 1958 3798 1866 3798 1869 3799 1910 3799 1867 3799 1910 3800 1902 3800 1867 3800 1913 3801 1870 3801 1868 3801 1911 3802 1913 3802 1868 3802 1912 3803 1910 3803 1869 3803 1913 3804 1905 3804 1870 3804 1942 3805 1884 3805 1871 3805 1919 3806 1942 3806 1871 3806 1885 3807 1920 3807 1872 3807 1920 3808 1915 3808 1872 3808 1924 3809 1921 3809 1873 3809 1921 3810 1917 3810 1873 3810 1886 3811 1924 3811 1873 3811 1925 3812 1946 3812 1874 3812 1946 3813 1887 3813 1874 3813 1892 3814 1894 3814 1875 3814 1894 3815 1877 3815 1875 3815 1884 3816 1892 3816 1875 3816 1878 3817 1893 3817 1876 3817 1893 3818 1885 3818 1876 3818 1894 3819 1886 3819 1877 3819 1895 3820 1893 3820 1878 3820 1887 3821 1895 3821 1878 3821 2132 3822 2168 3822 1879 3822 2168 3823 1914 3823 1879 3823 2207 3824 2169 3824 1880 3824 1915 3825 2207 3825 1880 3825 2182 3826 2170 3826 1881 3826 1896 3827 2182 3827 1881 3827 2172 3828 1908 3828 1882 3828 2142 3829 2172 3829 1882 3829 1909 3830 2199 3830 1883 3830 2199 3831 2173 3831 1883 3831 1942 3832 1947 3832 1884 3832 1947 3833 1892 3833 1884 3833 1893 3834 1943 3834 1885 3834 1943 3835 1920 3835 1885 3835 1945 3836 1944 3836 1886 3836 1944 3837 1924 3837 1886 3837 1894 3838 1945 3838 1886 3838 1946 3839 1950 3839 1887 3839 1950 3840 1895 3840 1887 3840 1902 3841 1975 3841 1888 3841 1975 3842 1955 3842 1888 3842 1956 3843 1903 3843 1889 3843 1927 3844 1956 3844 1889 3844 1957 3845 1904 3845 1890 3845 1928 3846 1957 3846 1890 3846 1905 3847 1978 3847 1891 3847 1978 3848 1958 3848 1891 3848 1947 3849 1949 3849 1892 3849 1949 3850 1894 3850 1892 3850 1895 3851 1948 3851 1893 3851 1948 3852 1943 3852 1893 3852 1949 3853 1945 3853 1894 3853 1950 3854 1948 3854 1895 3854 2208 3855 2182 3855 1896 3855 1916 3856 2208 3856 1896 3856 2171 3857 2183 3857 1897 3857 2183 3858 2209 3858 1897 3858 2209 3859 1918 3859 1897 3859 1988 3860 1951 3860 1898 3860 1926 3861 1988 3861 1898 3861 1907 3862 1952 3862 1899 3862 1952 3863 1927 3863 1899 3863 1953 3864 1963 3864 1900 3864 1963 3865 1928 3865 1900 3865 1922 3866 1953 3866 1900 3866 1929 3867 1964 3867 1901 3867 1964 3868 1954 3868 1901 3868 1954 3869 1923 3869 1901 3869 1910 3870 1959 3870 1902 3870 1959 3871 1975 3871 1902 3871 1960 3872 1911 3872 1903 3872 1976 3873 1960 3873 1903 3873 1956 3874 1976 3874 1903 3874 1961 3875 1912 3875 1904 3875 1977 3876 1961 3876 1904 3876 1957 3877 1977 3877 1904 3877 1962 3878 1978 3878 1905 3878 1913 3879 1962 3879 1905 3879 1951 3880 2196 3880 1906 3880 2196 3881 2140 3881 1906 3881 2256 3882 1952 3882 1907 3882 2197 3883 2256 3883 1907 3883 2198 3884 1922 3884 1908 3884 2172 3885 2198 3885 1908 3885 1923 3886 2233 3886 1909 3886 2233 3887 2199 3887 1909 3887 1912 3888 1959 3888 1910 3888 1962 3889 1913 3889 1911 3889 1960 3890 1962 3890 1911 3890 1961 3891 1959 3891 1912 3891 2168 3892 2206 3892 1914 3892 2206 3893 1919 3893 1914 3893 2229 3894 2207 3894 1915 3894 1920 3895 2229 3895 1915 3895 2210 3896 2208 3896 1916 3896 1917 3897 2210 3897 1916 3897 2230 3898 2210 3898 1917 3898 1921 3899 2230 3899 1917 3899 2209 3900 2211 3900 1918 3900 2211 3901 2231 3901 1918 3901 2231 3902 1925 3902 1918 3902 2206 3903 2228 3903 1919 3903 2228 3904 1942 3904 1919 3904 2241 3905 2229 3905 1920 3905 1943 3906 2241 3906 1920 3906 2238 3907 2230 3907 1921 3907 1924 3908 2238 3908 1921 3908 2232 3909 1953 3909 1922 3909 2198 3910 2232 3910 1922 3910 1954 3911 2258 3911 1923 3911 2258 3912 2233 3912 1923 3912 2242 3913 2238 3913 1924 3913 1944 3914 2242 3914 1924 3914 2231 3915 2239 3915 1925 3915 2239 3916 2243 3916 1925 3916 2243 3917 1946 3917 1925 3917 2010 3918 1988 3918 1926 3918 1955 3919 2010 3919 1926 3919 1952 3920 1989 3920 1927 3920 1989 3921 1956 3921 1927 3921 1963 3922 1990 3922 1928 3922 1990 3923 1994 3923 1928 3923 1994 3924 1957 3924 1928 3924 1958 3925 1995 3925 1929 3925 1995 3926 1991 3926 1929 3926 1991 3927 1964 3927 1929 3927 2066 3928 1965 3928 1932 3928 2006 3929 2066 3929 1932 3929 1966 3930 2007 3930 1931 3930 2026 3931 1984 3931 1936 3931 1969 3932 2026 3932 1936 3932 1985 3933 1970 3933 1937 3933 1983 3934 1971 3934 1938 3934 1972 3935 2029 3935 1939 3935 2029 3936 1987 3936 1939 3936 1973 3937 1992 3937 1940 3937 1993 3938 1974 3938 1941 3938 2228 3939 2240 3939 1942 3939 2240 3940 1947 3940 1942 3940 2246 3941 2241 3941 1943 3941 1948 3942 2246 3942 1943 3942 2244 3943 2242 3943 1944 3943 1945 3944 2244 3944 1944 3944 2247 3945 2244 3945 1945 3945 1949 3946 2247 3946 1945 3946 2243 3947 2248 3947 1946 3947 2248 3948 1950 3948 1946 3948 2247 3949 1949 3949 1947 3949 2245 3950 2247 3950 1947 3950 2240 3951 2245 3951 1947 3951 1950 3952 2246 3952 1948 3952 2248 3953 2246 3953 1950 3953 1988 3954 2255 3954 1951 3954 2255 3955 2196 3955 1951 3955 2346 3956 1989 3956 1952 3956 2256 3957 2346 3957 1952 3957 2257 3958 1963 3958 1953 3958 2232 3959 2257 3959 1953 3959 1964 3960 2280 3960 1954 3960 2280 3961 2258 3961 1954 3961 2052 3962 2010 3962 1955 3962 1975 3963 2052 3963 1955 3963 1989 3964 2011 3964 1956 3964 2011 3965 1976 3965 1956 3965 2012 3966 2024 3966 1957 3966 2024 3967 1977 3967 1957 3967 1994 3968 2012 3968 1957 3968 1978 3969 2025 3969 1958 3969 2025 3970 2013 3970 1958 3970 2013 3971 1995 3971 1958 3971 1961 3972 1979 3972 1959 3972 1979 3973 1975 3973 1959 3973 1982 3974 1962 3974 1960 3974 1980 3975 1982 3975 1960 3975 1976 3976 1980 3976 1960 3976 1981 3977 1979 3977 1961 3977 1977 3978 1981 3978 1961 3978 1982 3979 1978 3979 1962 3979 2279 3980 1990 3980 1963 3980 2257 3981 2279 3981 1963 3981 1991 3982 2348 3982 1964 3982 2348 3983 2280 3983 1964 3983 2066 3984 2082 3984 1965 3984 2082 3985 1996 3985 1965 3985 2067 3986 2007 3986 1966 3986 1999 3987 2067 3987 1966 3987 2070 3988 2026 3988 1969 3988 2000 3989 2070 3989 1969 3989 1985 3990 2027 3990 1970 3990 2027 3991 2001 3991 1970 3991 1983 3992 2028 3992 1971 3992 2028 3993 2002 3993 1971 3993 2003 3994 2073 3994 1972 3994 2073 3995 2029 3995 1972 3995 2004 3996 2068 3996 1973 3996 2068 3997 1992 3997 1973 3997 1993 3998 2069 3998 1974 3998 2069 3999 2085 3999 1974 3999 2085 4000 2005 4000 1974 4000 2062 4001 2052 4001 1975 4001 1979 4002 2062 4002 1975 4002 2011 4003 2053 4003 1976 4003 2053 4004 1980 4004 1976 4004 2024 4005 2054 4005 1977 4005 2054 4006 2056 4006 1977 4006 2056 4007 1981 4007 1977 4007 1982 4008 2057 4008 1978 4008 2057 4009 2055 4009 1978 4009 2055 4010 2025 4010 1978 4010 1981 4011 2062 4011 1979 4011 2065 4012 1982 4012 1980 4012 2063 4013 2065 4013 1980 4013 2053 4014 2063 4014 1980 4014 2064 4015 2062 4015 1981 4015 2056 4016 2064 4016 1981 4016 2065 4017 2057 4017 1982 4017 1986 4018 2028 4018 1983 4018 2090 4019 2058 4019 1984 4019 2026 4020 2090 4020 1984 4020 2059 4021 2027 4021 1985 4021 2030 4022 2028 4022 1986 4022 2029 4023 2031 4023 1987 4023 2010 4024 2345 4024 1988 4024 2345 4025 2255 4025 1988 4025 2390 4026 2011 4026 1989 4026 2346 4027 2390 4027 1989 4027 2347 4028 1994 4028 1990 4028 2279 4029 2347 4029 1990 4029 1995 4030 2368 4030 1991 4030 2368 4031 2348 4031 1991 4031 2068 4032 2008 4032 1992 4032 2009 4033 2069 4033 1993 4033 2367 4034 2012 4034 1994 4034 2347 4035 2367 4035 1994 4035 2013 4036 2392 4036 1995 4036 2392 4037 2368 4037 1995 4037 2082 4038 2108 4038 1996 4038 2108 4039 2016 4039 1996 4039 2017 4040 2083 4040 1999 4040 2083 4041 2067 4041 1999 4041 2086 4042 2070 4042 2000 4042 2018 4043 2086 4043 2000 4043 2027 4044 2071 4044 2001 4044 2071 4045 2019 4045 2001 4045 2072 4046 2020 4046 2002 4046 2028 4047 2072 4047 2002 4047 2021 4048 2089 4048 2003 4048 2089 4049 2073 4049 2003 4049 2022 4050 2084 4050 2004 4050 2084 4051 2068 4051 2004 4051 2085 4052 2111 4052 2005 4052 2111 4053 2023 4053 2005 4053 2122 4054 2066 4054 2006 4054 2078 4055 2122 4055 2006 4055 2067 4056 2079 4056 2007 4056 2068 4057 2074 4057 2008 4057 2075 4058 2069 4058 2009 4058 2052 4059 2389 4059 2010 4059 2389 4060 2345 4060 2010 4060 2414 4061 2053 4061 2011 4061 2390 4062 2414 4062 2011 4062 2391 4063 2024 4063 2012 4063 2367 4064 2391 4064 2012 4064 2025 4065 2402 4065 2013 4065 2402 4066 2392 4066 2013 4066 2108 4067 2112 4067 2016 4067 2112 4068 2032 4068 2016 4068 2109 4069 2083 4069 2017 4069 2033 4070 2109 4070 2017 4070 2100 4071 2086 4071 2018 4071 2036 4072 2100 4072 2018 4072 2071 4073 2087 4073 2019 4073 2087 4074 2037 4074 2019 4074 2088 4075 2038 4075 2020 4075 2072 4076 2088 4076 2020 4076 2039 4077 2103 4077 2021 4077 2103 4078 2089 4078 2021 4078 2040 4079 2110 4079 2022 4079 2110 4080 2084 4080 2022 4080 2111 4081 2115 4081 2023 4081 2115 4082 2041 4082 2023 4082 2401 4083 2054 4083 2024 4083 2391 4084 2401 4084 2024 4084 2055 4085 2416 4085 2025 4085 2416 4086 2402 4086 2025 4086 2118 4087 2090 4087 2026 4087 2070 4088 2118 4088 2026 4088 2059 4089 2091 4089 2027 4089 2091 4090 2071 4090 2027 4090 2030 4091 2092 4091 2028 4091 2092 4092 2072 4092 2028 4092 2093 4093 2031 4093 2029 4093 2073 4094 2121 4094 2029 4094 2121 4095 2093 4095 2029 4095 2060 4096 2092 4096 2030 4096 2093 4097 2061 4097 2031 4097 2126 4098 2042 4098 2032 4098 2112 4099 2126 4099 2032 4099 2113 4100 2109 4100 2033 4100 2045 4101 2113 4101 2033 4101 2098 4102 2100 4102 2036 4102 2046 4103 2098 4103 2036 4103 2087 4104 2101 4104 2037 4104 2101 4105 2099 4105 2037 4105 2099 4106 2047 4106 2037 4106 2102 4107 2048 4107 2038 4107 2088 4108 2102 4108 2038 4108 2049 4109 2107 4109 2039 4109 2107 4110 2103 4110 2039 4110 2050 4111 2114 4111 2040 4111 2114 4112 2110 4112 2040 4112 2115 4113 2129 4113 2041 4113 2129 4114 2051 4114 2041 4114 2126 4115 2045 4115 2042 4115 2126 4116 2127 4116 2045 4116 2127 4117 2113 4117 2045 4117 2047 4118 2098 4118 2046 4118 2099 4119 2098 4119 2047 4119 2102 4120 2106 4120 2048 4120 2107 4121 2049 4121 2048 4121 2106 4122 2107 4122 2048 4122 2128 4123 2114 4123 2050 4123 2129 4124 2128 4124 2050 4124 2051 4125 2129 4125 2050 4125 2062 4126 2413 4126 2052 4126 2413 4127 2389 4127 2052 4127 2432 4128 2063 4128 2053 4128 2414 4129 2432 4129 2053 4129 2415 4130 2056 4130 2054 4130 2401 4131 2415 4131 2054 4131 2057 4132 2422 4132 2055 4132 2422 4133 2416 4133 2055 4133 2433 4134 2064 4134 2056 4134 2421 4135 2433 4135 2056 4135 2415 4136 2421 4136 2056 4136 2065 4137 2422 4137 2057 4137 2136 4138 2094 4138 2058 4138 2090 4139 2136 4139 2058 4139 2095 4140 2091 4140 2059 4140 2076 4141 2092 4141 2060 4141 2093 4142 2077 4142 2061 4142 2064 4143 2431 4143 2062 4143 2431 4144 2413 4144 2062 4144 2432 4145 2434 4145 2063 4145 2434 4146 2065 4146 2063 4146 2433 4147 2431 4147 2064 4147 2434 4148 2422 4148 2065 4148 2122 4149 2152 4149 2066 4149 2152 4150 2082 4150 2066 4150 2123 4151 2079 4151 2067 4151 2083 4152 2123 4152 2067 4152 2084 4153 2124 4153 2068 4153 2124 4154 2074 4154 2068 4154 2075 4155 2125 4155 2069 4155 2125 4156 2155 4156 2069 4156 2155 4157 2085 4157 2069 4157 2144 4158 2118 4158 2070 4158 2086 4159 2144 4159 2070 4159 2091 4160 2119 4160 2071 4160 2119 4161 2087 4161 2071 4161 2092 4162 2120 4162 2072 4162 2120 4163 2088 4163 2072 4163 2089 4164 2147 4164 2073 4164 2147 4165 2121 4165 2073 4165 2124 4166 2080 4166 2074 4166 2081 4167 2125 4167 2075 4167 2138 4168 2092 4168 2076 4168 2096 4169 2138 4169 2076 4169 2093 4170 2139 4170 2077 4170 2139 4171 2097 4171 2077 4171 2184 4172 2122 4172 2078 4172 2140 4173 2184 4173 2078 4173 2123 4174 2141 4174 2079 4174 2124 4175 2130 4175 2080 4175 2131 4176 2125 4176 2081 4176 2152 4177 2174 4177 2082 4177 2174 4178 2108 4178 2082 4178 2109 4179 2153 4179 2083 4179 2153 4180 2123 4180 2083 4180 2110 4181 2154 4181 2084 4181 2154 4182 2124 4182 2084 4182 2155 4183 2177 4183 2085 4183 2177 4184 2111 4184 2085 4184 2156 4185 2144 4185 2086 4185 2100 4186 2156 4186 2086 4186 2119 4187 2145 4187 2087 4187 2145 4188 2101 4188 2087 4188 2146 4189 2102 4189 2088 4189 2120 4190 2146 4190 2088 4190 2103 4191 2159 4191 2089 4191 2159 4192 2147 4192 2089 4192 2164 4193 2136 4193 2090 4193 2118 4194 2164 4194 2090 4194 2095 4195 2137 4195 2091 4195 2137 4196 2119 4196 2091 4196 2138 4197 2120 4197 2092 4197 2121 4198 2167 4198 2093 4198 2167 4199 2139 4199 2093 4199 2178 4200 2132 4200 2094 4200 2136 4201 2178 4201 2094 4201 2133 4202 2137 4202 2095 4202 2116 4203 2138 4203 2096 4203 2139 4204 2117 4204 2097 4204 2104 4205 2100 4205 2098 4205 2099 4206 2104 4206 2098 4206 2105 4207 2104 4207 2099 4207 2101 4208 2105 4208 2099 4208 2148 4209 2156 4209 2100 4209 2104 4210 2148 4210 2100 4210 2145 4211 2157 4211 2101 4211 2157 4212 2149 4212 2101 4212 2149 4213 2105 4213 2101 4213 2158 4214 2106 4214 2102 4214 2146 4215 2158 4215 2102 4215 2107 4216 2163 4216 2103 4216 2163 4217 2159 4217 2103 4217 2105 4218 2148 4218 2104 4218 2149 4219 2148 4219 2105 4219 2158 4220 2162 4220 2106 4220 2163 4221 2107 4221 2106 4221 2162 4222 2163 4222 2106 4222 2174 4223 2188 4223 2108 4223 2188 4224 2112 4224 2108 4224 2175 4225 2153 4225 2109 4225 2113 4226 2175 4226 2109 4226 2114 4227 2176 4227 2110 4227 2176 4228 2154 4228 2110 4228 2177 4229 2191 4229 2111 4229 2191 4230 2115 4230 2111 4230 2202 4231 2126 4231 2112 4231 2188 4232 2202 4232 2112 4232 2189 4233 2175 4233 2113 4233 2127 4234 2189 4234 2113 4234 2128 4235 2190 4235 2114 4235 2190 4236 2176 4236 2114 4236 2191 4237 2205 4237 2115 4237 2205 4238 2129 4238 2115 4238 2180 4239 2138 4239 2116 4239 2134 4240 2180 4240 2116 4240 2139 4241 2181 4241 2117 4241 2181 4242 2135 4242 2117 4242 2192 4243 2164 4243 2118 4243 2144 4244 2192 4244 2118 4244 2137 4245 2165 4245 2119 4245 2165 4246 2145 4246 2119 4246 2138 4247 2166 4247 2120 4247 2166 4248 2146 4248 2120 4248 2147 4249 2195 4249 2121 4249 2195 4250 2167 4250 2121 4250 2184 4251 2234 4251 2122 4251 2234 4252 2152 4252 2122 4252 2185 4253 2141 4253 2123 4253 2153 4254 2185 4254 2123 4254 2186 4255 2130 4255 2124 4255 2154 4256 2186 4256 2124 4256 2131 4257 2187 4257 2125 4257 2187 4258 2237 4258 2125 4258 2237 4259 2155 4259 2125 4259 2202 4260 2127 4260 2126 4260 2202 4261 2203 4261 2127 4261 2203 4262 2189 4262 2127 4262 2204 4263 2190 4263 2128 4263 2205 4264 2204 4264 2128 4264 2129 4265 2205 4265 2128 4265 2186 4266 2142 4266 2130 4266 2143 4267 2187 4267 2131 4267 2224 4268 2168 4268 2132 4268 2178 4269 2224 4269 2132 4269 2169 4270 2179 4270 2133 4270 2179 4271 2137 4271 2133 4271 2150 4272 2180 4272 2134 4272 2181 4273 2151 4273 2135 4273 2220 4274 2178 4274 2136 4274 2164 4275 2220 4275 2136 4275 2179 4276 2165 4276 2137 4276 2180 4277 2166 4277 2138 4277 2167 4278 2223 4278 2139 4278 2223 4279 2181 4279 2139 4279 2259 4280 2184 4280 2140 4280 2196 4281 2259 4281 2140 4281 2185 4282 2197 4282 2141 4282 2186 4283 2172 4283 2142 4283 2173 4284 2187 4284 2143 4284 2212 4285 2192 4285 2144 4285 2156 4286 2212 4286 2144 4286 2165 4287 2193 4287 2145 4287 2193 4288 2157 4288 2145 4288 2194 4289 2158 4289 2146 4289 2166 4290 2194 4290 2146 4290 2159 4291 2215 4291 2147 4291 2215 4292 2195 4292 2147 4292 2160 4293 2156 4293 2148 4293 2149 4294 2160 4294 2148 4294 2161 4295 2160 4295 2149 4295 2157 4296 2161 4296 2149 4296 2226 4297 2180 4297 2150 4297 2170 4298 2226 4298 2150 4298 2181 4299 2227 4299 2151 4299 2227 4300 2171 4300 2151 4300 2234 4301 2267 4301 2152 4301 2267 4302 2174 4302 2152 4302 2175 4303 2235 4303 2153 4303 2235 4304 2185 4304 2153 4304 2176 4305 2236 4305 2154 4305 2236 4306 2186 4306 2154 4306 2237 4307 2270 4307 2155 4307 2270 4308 2177 4308 2155 4308 2200 4309 2212 4309 2156 4309 2160 4310 2200 4310 2156 4310 2213 4311 2201 4311 2157 4311 2193 4312 2213 4312 2157 4312 2201 4313 2161 4313 2157 4313 2214 4314 2162 4314 2158 4314 2194 4315 2214 4315 2158 4315 2163 4316 2219 4316 2159 4316 2219 4317 2215 4317 2159 4317 2161 4318 2200 4318 2160 4318 2201 4319 2200 4319 2161 4319 2214 4320 2218 4320 2162 4320 2219 4321 2163 4321 2162 4321 2218 4322 2219 4322 2162 4322 2249 4323 2220 4323 2164 4323 2192 4324 2249 4324 2164 4324 2179 4325 2221 4325 2165 4325 2221 4326 2193 4326 2165 4326 2180 4327 2222 4327 2166 4327 2222 4328 2194 4328 2166 4328 2195 4329 2252 4329 2167 4329 2252 4330 2223 4330 2167 4330 2263 4331 2206 4331 2168 4331 2224 4332 2263 4332 2168 4332 2207 4333 2225 4333 2169 4333 2225 4334 2179 4334 2169 4334 2182 4335 2226 4335 2170 4335 2227 4336 2183 4336 2171 4336 2261 4337 2198 4337 2172 4337 2186 4338 2261 4338 2172 4338 2199 4339 2262 4339 2173 4339 2262 4340 2187 4340 2173 4340 2267 4341 2285 4341 2174 4341 2285 4342 2188 4342 2174 4342 2268 4343 2235 4343 2175 4343 2189 4344 2268 4344 2175 4344 2190 4345 2269 4345 2176 4345 2269 4346 2236 4346 2176 4346 2270 4347 2288 4347 2177 4347 2288 4348 2191 4348 2177 4348 2271 4349 2224 4349 2178 4349 2220 4350 2271 4350 2178 4350 2225 4351 2221 4351 2179 4351 2226 4352 2222 4352 2180 4352 2223 4353 2274 4353 2181 4353 2274 4354 2227 4354 2181 4354 2265 4355 2226 4355 2182 4355 2208 4356 2265 4356 2182 4356 2227 4357 2266 4357 2183 4357 2266 4358 2209 4358 2183 4358 2259 4359 2351 4359 2184 4359 2351 4360 2234 4360 2184 4360 2260 4361 2197 4361 2185 4361 2235 4362 2260 4362 2185 4362 2236 4363 2261 4363 2186 4363 2262 4364 2354 4364 2187 4364 2354 4365 2237 4365 2187 4365 2289 4366 2202 4366 2188 4366 2285 4367 2289 4367 2188 4367 2286 4368 2268 4368 2189 4368 2203 4369 2286 4369 2189 4369 2204 4370 2287 4370 2190 4370 2287 4371 2269 4371 2190 4371 2288 4372 2336 4372 2191 4372 2336 4373 2205 4373 2191 4373 2275 4374 2249 4374 2192 4374 2212 4375 2275 4375 2192 4375 2250 4376 2213 4376 2193 4376 2221 4377 2250 4377 2193 4377 2251 4378 2214 4378 2194 4378 2222 4379 2251 4379 2194 4379 2215 4380 2278 4380 2195 4380 2278 4381 2252 4381 2195 4381 2369 4382 2259 4382 2196 4382 2255 4383 2369 4383 2196 4383 2260 4384 2256 4384 2197 4384 2261 4385 2232 4385 2198 4385 2233 4386 2262 4386 2199 4386 2216 4387 2212 4387 2200 4387 2201 4388 2216 4388 2200 4388 2217 4389 2216 4389 2201 4389 2213 4390 2217 4390 2201 4390 2289 4391 2203 4391 2202 4391 2289 4392 2290 4392 2203 4392 2290 4393 2286 4393 2203 4393 2335 4394 2287 4394 2204 4394 2336 4395 2335 4395 2204 4395 2205 4396 2336 4396 2204 4396 2337 4397 2228 4397 2206 4397 2263 4398 2337 4398 2206 4398 2264 4399 2225 4399 2207 4399 2229 4400 2264 4400 2207 4400 2210 4401 2265 4401 2208 4401 2266 4402 2211 4402 2209 4402 2339 4403 2265 4403 2210 4403 2230 4404 2339 4404 2210 4404 2266 4405 2340 4405 2211 4405 2340 4406 2231 4406 2211 4406 2253 4407 2275 4407 2212 4407 2216 4408 2253 4408 2212 4408 2250 4409 2276 4409 2213 4409 2276 4410 2254 4410 2213 4410 2254 4411 2217 4411 2213 4411 2277 4412 2218 4412 2214 4412 2251 4413 2277 4413 2214 4413 2219 4414 2284 4414 2215 4414 2284 4415 2278 4415 2215 4415 2217 4416 2253 4416 2216 4416 2254 4417 2253 4417 2217 4417 2277 4418 2283 4418 2218 4418 2284 4419 2219 4419 2218 4419 2283 4420 2284 4420 2218 4420 2341 4421 2271 4421 2220 4421 2249 4422 2341 4422 2220 4422 2272 4423 2250 4423 2221 4423 2225 4424 2272 4424 2221 4424 2226 4425 2273 4425 2222 4425 2273 4426 2251 4426 2222 4426 2252 4427 2344 4427 2223 4427 2344 4428 2274 4428 2223 4428 2359 4429 2263 4429 2224 4429 2271 4430 2359 4430 2224 4430 2264 4431 2272 4431 2225 4431 2265 4432 2273 4432 2226 4432 2274 4433 2362 4433 2227 4433 2362 4434 2266 4434 2227 4434 2355 4435 2240 4435 2228 4435 2337 4436 2355 4436 2228 4436 2241 4437 2338 4437 2229 4437 2338 4438 2264 4438 2229 4438 2238 4439 2339 4439 2230 4439 2340 4440 2239 4440 2231 4440 2371 4441 2257 4441 2232 4441 2261 4442 2371 4442 2232 4442 2258 4443 2372 4443 2233 4443 2372 4444 2262 4444 2233 4444 2351 4445 2393 4445 2234 4445 2393 4446 2267 4446 2234 4446 2268 4447 2352 4447 2235 4447 2352 4448 2260 4448 2235 4448 2269 4449 2353 4449 2236 4449 2353 4450 2261 4450 2236 4450 2354 4451 2396 4451 2237 4451 2396 4452 2270 4452 2237 4452 2357 4453 2339 4453 2238 4453 2242 4454 2357 4454 2238 4454 2340 4455 2358 4455 2239 4455 2358 4456 2243 4456 2239 4456 2363 4457 2245 4457 2240 4457 2355 4458 2363 4458 2240 4458 2356 4459 2338 4459 2241 4459 2246 4460 2356 4460 2241 4460 2244 4461 2357 4461 2242 4461 2358 4462 2366 4462 2243 4462 2366 4463 2248 4463 2243 4463 2365 4464 2357 4464 2244 4464 2247 4465 2365 4465 2244 4465 2365 4466 2247 4466 2245 4466 2363 4467 2365 4467 2245 4467 2248 4468 2364 4468 2246 4468 2364 4469 2356 4469 2246 4469 2366 4470 2364 4470 2248 4470 2373 4471 2341 4471 2249 4471 2275 4472 2373 4472 2249 4472 2272 4473 2342 4473 2250 4473 2342 4474 2276 4474 2250 4474 2343 4475 2277 4475 2251 4475 2273 4476 2343 4476 2251 4476 2278 4477 2376 4477 2252 4477 2376 4478 2344 4478 2252 4478 2281 4479 2275 4479 2253 4479 2254 4480 2281 4480 2253 4480 2282 4481 2281 4481 2254 4481 2276 4482 2282 4482 2254 4482 2439 4483 2369 4483 2255 4483 2345 4484 2439 4484 2255 4484 2260 4485 2370 4485 2256 4485 2370 4486 2346 4486 2256 4486 2371 4487 2279 4487 2257 4487 2280 4488 2372 4488 2258 4488 2369 4489 2435 4489 2259 4489 2435 4490 2351 4490 2259 4490 2352 4491 2370 4491 2260 4491 2353 4492 2371 4492 2261 4492 2372 4493 2438 4493 2262 4493 2438 4494 2354 4494 2262 4494 2385 4495 2337 4495 2263 4495 2359 4496 2385 4496 2263 4496 2338 4497 2360 4497 2264 4497 2360 4498 2272 4498 2264 4498 2361 4499 2273 4499 2265 4499 2339 4500 2361 4500 2265 4500 2362 4501 2388 4501 2266 4501 2388 4502 2340 4502 2266 4502 2393 4503 2409 4503 2267 4503 2409 4504 2285 4504 2267 4504 2394 4505 2352 4505 2268 4505 2286 4506 2394 4506 2268 4506 2287 4507 2395 4507 2269 4507 2395 4508 2353 4508 2269 4508 2396 4509 2412 4509 2270 4509 2412 4510 2288 4510 2270 4510 2397 4511 2359 4511 2271 4511 2341 4512 2397 4512 2271 4512 2360 4513 2342 4513 2272 4513 2361 4514 2343 4514 2273 4514 2344 4515 2400 4515 2274 4515 2400 4516 2362 4516 2274 4516 2349 4517 2373 4517 2275 4517 2281 4518 2349 4518 2275 4518 2374 4519 2350 4519 2276 4519 2342 4520 2374 4520 2276 4520 2350 4521 2282 4521 2276 4521 2375 4522 2283 4522 2277 4522 2343 4523 2375 4523 2277 4523 2284 4524 2384 4524 2278 4524 2384 4525 2376 4525 2278 4525 2441 4526 2347 4526 2279 4526 2371 4527 2441 4527 2279 4527 2348 4528 2442 4528 2280 4528 2442 4529 2372 4529 2280 4529 2282 4530 2349 4530 2281 4530 2350 4531 2349 4531 2282 4531 2375 4532 2383 4532 2283 4532 2384 4533 2284 4533 2283 4533 2383 4534 2384 4534 2283 4534 2427 4535 2289 4535 2285 4535 2409 4536 2427 4536 2285 4536 2410 4537 2394 4537 2286 4537 2290 4538 2410 4538 2286 4538 2335 4539 2411 4539 2287 4539 2411 4540 2395 4540 2287 4540 2412 4541 2430 4541 2288 4541 2430 4542 2336 4542 2288 4542 2427 4543 2290 4543 2289 4543 2427 4544 2428 4544 2290 4544 2428 4545 2410 4545 2290 4545 2293 4546 2507 4546 2291 4546 2508 4547 2292 4547 2291 4547 2507 4548 2508 4548 2291 4548 2292 4549 2334 4549 2291 4549 2334 4550 2333 4550 2291 4550 2333 4551 2313 4551 2291 4551 2313 4552 2311 4552 2291 4552 2311 4553 2293 4553 2291 4553 2508 4554 2510 4554 2292 4554 2510 4555 2294 4555 2292 4555 2312 4556 2334 4556 2292 4556 2294 4557 2312 4557 2292 4557 2295 4558 2509 4558 2293 4558 2509 4559 2507 4559 2293 4559 2311 4560 2295 4560 2293 4560 2510 4561 2512 4561 2294 4561 2512 4562 2296 4562 2294 4562 2296 4563 2312 4563 2294 4563 2297 4564 2511 4564 2295 4564 2511 4565 2509 4565 2295 4565 2311 4566 2297 4566 2295 4566 2512 4567 2514 4567 2296 4567 2514 4568 2298 4568 2296 4568 2310 4569 2312 4569 2296 4569 2298 4570 2310 4570 2296 4570 2299 4571 2513 4571 2297 4571 2513 4572 2511 4572 2297 4572 2311 4573 2309 4573 2297 4573 2309 4574 2307 4574 2297 4574 2307 4575 2305 4575 2297 4575 2305 4576 2303 4576 2297 4576 2303 4577 2299 4577 2297 4577 2514 4578 2516 4578 2298 4578 2516 4579 2300 4579 2298 4579 2300 4580 2310 4580 2298 4580 2301 4581 2515 4581 2299 4581 2515 4582 2513 4582 2299 4582 2303 4583 2301 4583 2299 4583 2516 4584 2518 4584 2300 4584 2518 4585 2302 4585 2300 4585 2302 4586 2310 4586 2300 4586 2303 4587 2517 4587 2301 4587 2517 4588 2515 4588 2301 4588 2518 4589 2520 4589 2302 4589 2520 4590 2304 4590 2302 4590 2304 4591 2310 4591 2302 4591 2305 4592 2519 4592 2303 4592 2519 4593 2517 4593 2303 4593 2520 4594 2528 4594 2304 4594 2528 4595 2306 4595 2304 4595 2306 4596 2310 4596 2304 4596 2307 4597 2527 4597 2305 4597 2527 4598 2519 4598 2305 4598 2528 4599 2536 4599 2306 4599 2536 4600 2308 4600 2306 4600 2308 4601 2310 4601 2306 4601 2309 4602 2535 4602 2307 4602 2535 4603 2527 4603 2307 4603 2536 4604 2542 4604 2308 4604 2542 4605 2310 4605 2308 4605 2311 4606 2541 4606 2309 4606 2541 4607 2535 4607 2309 4607 2542 4608 2550 4608 2310 4608 2550 4609 2312 4609 2310 4609 2313 4610 2547 4610 2311 4610 2547 4611 2541 4611 2311 4611 2554 4612 2314 4612 2312 4612 2550 4613 2554 4613 2312 4613 2314 4614 2334 4614 2312 4614 2315 4615 2551 4615 2313 4615 2551 4616 2547 4616 2313 4616 2333 4617 2331 4617 2313 4617 2331 4618 2329 4618 2313 4618 2329 4619 2327 4619 2313 4619 2327 4620 2325 4620 2313 4620 2325 4621 2323 4621 2313 4621 2323 4622 2315 4622 2313 4622 2554 4623 2560 4623 2314 4623 2560 4624 2316 4624 2314 4624 2328 4625 2330 4625 2314 4625 2326 4626 2328 4626 2314 4626 2332 4627 2334 4627 2314 4627 2330 4628 2332 4628 2314 4628 2316 4629 2326 4629 2314 4629 2317 4630 2559 4630 2315 4630 2559 4631 2551 4631 2315 4631 2323 4632 2317 4632 2315 4632 2560 4633 2566 4633 2316 4633 2566 4634 2318 4634 2316 4634 2318 4635 2326 4635 2316 4635 2319 4636 2565 4636 2317 4636 2565 4637 2559 4637 2317 4637 2321 4638 2319 4638 2317 4638 2323 4639 2321 4639 2317 4639 2566 4640 2574 4640 2318 4640 2574 4641 2320 4641 2318 4641 2324 4642 2326 4642 2318 4642 2320 4643 2324 4643 2318 4643 2321 4644 2573 4644 2319 4644 2573 4645 2565 4645 2319 4645 2574 4646 2582 4646 2320 4646 2582 4647 2322 4647 2320 4647 2322 4648 2324 4648 2320 4648 2323 4649 2581 4649 2321 4649 2581 4650 2573 4650 2321 4650 2582 4651 2584 4651 2322 4651 2584 4652 2324 4652 2322 4652 2325 4653 2583 4653 2323 4653 2583 4654 2581 4654 2323 4654 2584 4655 2586 4655 2324 4655 2586 4656 2326 4656 2324 4656 2327 4657 2585 4657 2325 4657 2585 4658 2583 4658 2325 4658 2586 4659 2588 4659 2326 4659 2588 4660 2328 4660 2326 4660 2329 4661 2587 4661 2327 4661 2587 4662 2585 4662 2327 4662 2588 4663 2590 4663 2328 4663 2590 4664 2330 4664 2328 4664 2331 4665 2589 4665 2329 4665 2589 4666 2587 4666 2329 4666 2590 4667 2592 4667 2330 4667 2592 4668 2332 4668 2330 4668 2333 4669 2591 4669 2331 4669 2591 4670 2589 4670 2331 4670 2592 4671 2594 4671 2332 4671 2594 4672 2334 4672 2332 4672 2334 4673 2593 4673 2333 4673 2593 4674 2591 4674 2333 4674 2594 4675 2593 4675 2334 4675 2429 4676 2411 4676 2335 4676 2430 4677 2429 4677 2335 4677 2336 4678 2430 4678 2335 4678 2405 4679 2355 4679 2337 4679 2385 4680 2405 4680 2337 4680 2386 4681 2360 4681 2338 4681 2356 4682 2386 4682 2338 4682 2387 4683 2361 4683 2339 4683 2357 4684 2387 4684 2339 4684 2388 4685 2408 4685 2340 4685 2408 4686 2358 4686 2340 4686 2423 4687 2397 4687 2341 4687 2373 4688 2423 4688 2341 4688 2398 4689 2374 4689 2342 4689 2360 4690 2398 4690 2342 4690 2399 4691 2375 4691 2343 4691 2361 4692 2399 4692 2343 4692 2376 4693 2426 4693 2344 4693 2426 4694 2400 4694 2344 4694 2479 4695 2439 4695 2345 4695 2389 4696 2479 4696 2345 4696 2370 4697 2440 4697 2346 4697 2440 4698 2390 4698 2346 4698 2441 4699 2367 4699 2347 4699 2368 4700 2442 4700 2348 4700 2381 4701 2373 4701 2349 4701 2350 4702 2381 4702 2349 4702 2382 4703 2381 4703 2350 4703 2374 4704 2382 4704 2350 4704 2435 4705 2475 4705 2351 4705 2475 4706 2393 4706 2351 4706 2394 4707 2436 4707 2352 4707 2436 4708 2370 4708 2352 4708 2395 4709 2437 4709 2353 4709 2437 4710 2371 4710 2353 4710 2438 4711 2478 4711 2354 4711 2478 4712 2396 4712 2354 4712 2377 4713 2363 4713 2355 4713 2405 4714 2377 4714 2355 4714 2364 4715 2378 4715 2356 4715 2378 4716 2406 4716 2356 4716 2406 4717 2386 4717 2356 4717 2407 4718 2387 4718 2357 4718 2379 4719 2407 4719 2357 4719 2365 4720 2379 4720 2357 4720 2408 4721 2380 4721 2358 4721 2380 4722 2366 4722 2358 4722 2447 4723 2385 4723 2359 4723 2397 4724 2447 4724 2359 4724 2386 4725 2398 4725 2360 4725 2387 4726 2399 4726 2361 4726 2400 4727 2450 4727 2362 4727 2450 4728 2388 4728 2362 4728 2379 4729 2365 4729 2363 4729 2377 4730 2379 4730 2363 4730 2366 4731 2378 4731 2364 4731 2380 4732 2378 4732 2366 4732 2481 4733 2391 4733 2367 4733 2441 4734 2481 4734 2367 4734 2392 4735 2482 4735 2368 4735 2482 4736 2442 4736 2368 4736 2439 4737 2501 4737 2369 4737 2501 4738 2435 4738 2369 4738 2436 4739 2440 4739 2370 4739 2437 4740 2441 4740 2371 4740 2442 4741 2504 4741 2372 4741 2504 4742 2438 4742 2372 4742 2403 4743 2423 4743 2373 4743 2381 4744 2403 4744 2373 4744 2398 4745 2424 4745 2374 4745 2424 4746 2404 4746 2374 4746 2404 4747 2382 4747 2374 4747 2425 4748 2383 4748 2375 4748 2399 4749 2425 4749 2375 4749 2384 4750 2446 4750 2376 4750 2446 4751 2426 4751 2376 4751 2419 4752 2379 4752 2377 4752 2417 4753 2419 4753 2377 4753 2405 4754 2417 4754 2377 4754 2380 4755 2418 4755 2378 4755 2418 4756 2406 4756 2378 4756 2419 4757 2407 4757 2379 4757 2420 4758 2418 4758 2380 4758 2408 4759 2420 4759 2380 4759 2382 4760 2403 4760 2381 4760 2404 4761 2403 4761 2382 4761 2425 4762 2445 4762 2383 4762 2446 4763 2384 4763 2383 4763 2445 4764 2446 4764 2383 4764 2457 4765 2405 4765 2385 4765 2447 4766 2457 4766 2385 4766 2406 4767 2448 4767 2386 4767 2448 4768 2398 4768 2386 4768 2449 4769 2399 4769 2387 4769 2407 4770 2449 4770 2387 4770 2450 4771 2460 4771 2388 4771 2460 4772 2408 4772 2388 4772 2601 4773 2479 4773 2389 4773 2413 4774 2601 4774 2389 4774 2440 4775 2480 4775 2390 4775 2480 4776 2414 4776 2390 4776 2481 4777 2401 4777 2391 4777 2402 4778 2482 4778 2392 4778 2475 4779 2597 4779 2393 4779 2597 4780 2409 4780 2393 4780 2476 4781 2436 4781 2394 4781 2410 4782 2476 4782 2394 4782 2411 4783 2477 4783 2395 4783 2477 4784 2437 4784 2395 4784 2478 4785 2600 4785 2396 4785 2600 4786 2412 4786 2396 4786 2461 4787 2447 4787 2397 4787 2423 4788 2461 4788 2397 4788 2448 4789 2424 4789 2398 4789 2449 4790 2425 4790 2399 4790 2426 4791 2464 4791 2400 4791 2464 4792 2450 4792 2400 4792 2603 4793 2415 4793 2401 4793 2481 4794 2603 4794 2401 4794 2416 4795 2604 4795 2402 4795 2604 4796 2482 4796 2402 4796 2443 4797 2423 4797 2403 4797 2404 4798 2443 4798 2403 4798 2444 4799 2443 4799 2404 4799 2424 4800 2444 4800 2404 4800 2465 4801 2453 4801 2405 4801 2453 4802 2417 4802 2405 4802 2457 4803 2465 4803 2405 4803 2418 4804 2454 4804 2406 4804 2454 4805 2458 4805 2406 4805 2458 4806 2448 4806 2406 4806 2419 4807 2455 4807 2407 4807 2459 4808 2449 4808 2407 4808 2455 4809 2459 4809 2407 4809 2456 4810 2420 4810 2408 4810 2460 4811 2468 4811 2408 4811 2468 4812 2456 4812 2408 4812 2605 4813 2427 4813 2409 4813 2597 4814 2605 4814 2409 4814 2598 4815 2476 4815 2410 4815 2428 4816 2598 4816 2410 4816 2429 4817 2599 4817 2411 4817 2599 4818 2477 4818 2411 4818 2600 4819 2608 4819 2412 4819 2608 4820 2430 4820 2412 4820 2609 4821 2601 4821 2413 4821 2431 4822 2609 4822 2413 4822 2480 4823 2602 4823 2414 4823 2602 4824 2432 4824 2414 4824 2603 4825 2421 4825 2415 4825 2422 4826 2604 4826 2416 4826 2455 4827 2419 4827 2417 4827 2453 4828 2455 4828 2417 4828 2420 4829 2454 4829 2418 4829 2456 4830 2454 4830 2420 4830 2611 4831 2433 4831 2421 4831 2603 4832 2611 4832 2421 4832 2434 4833 2612 4833 2422 4833 2612 4834 2604 4834 2422 4834 2451 4835 2461 4835 2423 4835 2443 4836 2451 4836 2423 4836 2448 4837 2462 4837 2424 4837 2462 4838 2452 4838 2424 4838 2452 4839 2444 4839 2424 4839 2463 4840 2445 4840 2425 4840 2449 4841 2463 4841 2425 4841 2446 4842 2472 4842 2426 4842 2472 4843 2464 4843 2426 4843 2605 4844 2428 4844 2427 4844 2605 4845 2606 4845 2428 4845 2606 4846 2598 4846 2428 4846 2607 4847 2599 4847 2429 4847 2608 4848 2607 4848 2429 4848 2430 4849 2608 4849 2429 4849 2433 4850 2609 4850 2431 4850 2612 4851 2434 4851 2432 4851 2610 4852 2612 4852 2432 4852 2602 4853 2610 4853 2432 4853 2611 4854 2609 4854 2433 4854 2501 4855 2617 4855 2435 4855 2617 4856 2475 4856 2435 4856 2476 4857 2502 4857 2436 4857 2502 4858 2440 4858 2436 4858 2477 4859 2503 4859 2437 4859 2503 4860 2441 4860 2437 4860 2504 4861 2620 4861 2438 4861 2620 4862 2478 4862 2438 4862 2479 4863 2621 4863 2439 4863 2621 4864 2501 4864 2439 4864 2502 4865 2480 4865 2440 4865 2503 4866 2481 4866 2441 4866 2482 4867 2624 4867 2442 4867 2624 4868 2504 4868 2442 4868 2444 4869 2451 4869 2443 4869 2452 4870 2451 4870 2444 4870 2463 4871 2471 4871 2445 4871 2472 4872 2446 4872 2445 4872 2471 4873 2472 4873 2445 4873 2483 4874 2457 4874 2447 4874 2461 4875 2483 4875 2447 4875 2458 4876 2462 4876 2448 4876 2459 4877 2463 4877 2449 4877 2464 4878 2486 4878 2450 4878 2486 4879 2460 4879 2450 4879 2469 4880 2461 4880 2451 4880 2452 4881 2469 4881 2451 4881 2470 4882 2469 4882 2452 4882 2462 4883 2470 4883 2452 4883 2467 4884 2455 4884 2453 4884 2465 4885 2467 4885 2453 4885 2456 4886 2466 4886 2454 4886 2466 4887 2458 4887 2454 4887 2467 4888 2459 4888 2455 4888 2468 4889 2466 4889 2456 4889 2487 4890 2465 4890 2457 4890 2483 4891 2487 4891 2457 4891 2484 4892 2462 4892 2458 4892 2488 4893 2484 4893 2458 4893 2466 4894 2488 4894 2458 4894 2467 4895 2489 4895 2459 4895 2485 4896 2463 4896 2459 4896 2489 4897 2485 4897 2459 4897 2486 4898 2490 4898 2460 4898 2490 4899 2468 4899 2460 4899 2473 4900 2483 4900 2461 4900 2469 4901 2473 4901 2461 4901 2484 4902 2474 4902 2462 4902 2474 4903 2470 4903 2462 4903 2485 4904 2471 4904 2463 4904 2472 4905 2498 4905 2464 4905 2498 4906 2486 4906 2464 4906 2489 4907 2467 4907 2465 4907 2487 4908 2489 4908 2465 4908 2468 4909 2488 4909 2466 4909 2490 4910 2488 4910 2468 4910 2470 4911 2473 4911 2469 4911 2474 4912 2473 4912 2470 4912 2485 4913 2497 4913 2471 4913 2498 4914 2472 4914 2471 4914 2497 4915 2498 4915 2471 4915 2495 4916 2483 4916 2473 4916 2474 4917 2495 4917 2473 4917 2496 4918 2495 4918 2474 4918 2484 4919 2496 4919 2474 4919 2617 4920 2625 4920 2475 4920 2625 4921 2597 4921 2475 4921 2618 4922 2502 4922 2476 4922 2598 4923 2618 4923 2476 4923 2599 4924 2619 4924 2477 4924 2619 4925 2503 4925 2477 4925 2620 4926 2628 4926 2478 4926 2628 4927 2600 4927 2478 4927 2601 4928 2629 4928 2479 4928 2629 4929 2621 4929 2479 4929 2622 4930 2602 4930 2480 4930 2502 4931 2622 4931 2480 4931 2623 4932 2603 4932 2481 4932 2503 4933 2623 4933 2481 4933 2604 4934 2632 4934 2482 4934 2632 4935 2624 4935 2482 4935 2495 4936 2499 4936 2483 4936 2491 4937 2487 4937 2483 4937 2499 4938 2491 4938 2483 4938 2492 4939 2500 4939 2484 4939 2488 4940 2492 4940 2484 4940 2500 4941 2496 4941 2484 4941 2493 4942 2497 4942 2485 4942 2489 4943 2493 4943 2485 4943 2494 4944 2490 4944 2486 4944 2498 4945 2596 4945 2486 4945 2596 4946 2494 4946 2486 4946 2493 4947 2489 4947 2487 4947 2491 4948 2493 4948 2487 4948 2490 4949 2492 4949 2488 4949 2494 4950 2492 4950 2490 4950 2595 4951 2493 4951 2491 4951 2505 4952 2595 4952 2491 4952 2499 4953 2505 4953 2491 4953 2494 4954 2506 4954 2492 4954 2506 4955 2500 4955 2492 4955 2595 4956 2497 4956 2493 4956 2596 4957 2506 4957 2494 4957 2496 4958 2499 4958 2495 4958 2500 4959 2499 4959 2496 4959 2596 4960 2498 4960 2497 4960 2595 4961 2596 4961 2497 4961 2500 4962 2505 4962 2499 4962 2506 4963 2505 4963 2500 4963 2621 4964 2641 4964 2501 4964 2641 4965 2617 4965 2501 4965 2618 4966 2622 4966 2502 4966 2619 4967 2623 4967 2503 4967 2624 4968 2644 4968 2504 4968 2644 4969 2620 4969 2504 4969 2509 4970 2511 4970 2505 4970 2517 4971 2519 4971 2505 4971 2519 4972 2527 4972 2505 4972 2527 4973 2535 4973 2505 4973 2511 4974 2513 4974 2505 4974 2513 4975 2515 4975 2505 4975 2515 4976 2517 4976 2505 4976 2506 4977 2508 4977 2505 4977 2508 4978 2507 4978 2505 4978 2507 4979 2509 4979 2505 4979 2535 4980 2541 4980 2505 4980 2541 4981 2547 4981 2505 4981 2547 4982 2595 4982 2505 4982 2542 4983 2536 4983 2506 4983 2596 4984 2554 4984 2506 4984 2554 4985 2550 4985 2506 4985 2550 4986 2542 4986 2506 4986 2536 4987 2528 4987 2506 4987 2528 4988 2520 4988 2506 4988 2520 4989 2518 4989 2506 4989 2518 4990 2516 4990 2506 4990 2516 4991 2514 4991 2506 4991 2514 4992 2512 4992 2506 4992 2512 4993 2510 4993 2506 4993 2510 4994 2508 4994 2506 4994 2683 4995 2523 4995 2521 4995 2522 4996 2683 4996 2521 4996 2548 4997 2522 4997 2521 4997 2523 4998 2548 4998 2521 4998 2524 4999 2686 4999 2522 4999 2686 5000 2684 5000 2522 5000 2684 5001 2683 5001 2522 5001 2548 5002 2549 5002 2522 5002 2549 5003 2524 5003 2522 5003 2683 5004 2685 5004 2523 5004 2685 5005 2525 5005 2523 5005 2525 5006 2548 5006 2523 5006 2526 5007 2688 5007 2524 5007 2688 5008 2686 5008 2524 5008 2549 5009 2526 5009 2524 5009 2685 5010 2687 5010 2525 5010 2687 5011 2529 5011 2525 5011 2529 5012 2548 5012 2525 5012 2530 5013 2690 5013 2526 5013 2690 5014 2688 5014 2526 5014 2549 5015 2530 5015 2526 5015 2687 5016 2689 5016 2529 5016 2689 5017 2531 5017 2529 5017 2531 5018 2533 5018 2529 5018 2533 5019 2537 5019 2529 5019 2537 5020 2539 5020 2529 5020 2539 5021 2543 5021 2529 5021 2543 5022 2545 5022 2529 5022 2545 5023 2548 5023 2529 5023 2532 5024 2692 5024 2530 5024 2692 5025 2690 5025 2530 5025 2549 5026 2532 5026 2530 5026 2689 5027 2691 5027 2531 5027 2691 5028 2533 5028 2531 5028 2534 5029 2694 5029 2532 5029 2694 5030 2692 5030 2532 5030 2549 5031 2534 5031 2532 5031 2691 5032 2693 5032 2533 5032 2693 5033 2537 5033 2533 5033 2538 5034 2696 5034 2534 5034 2696 5035 2694 5035 2534 5035 2549 5036 2538 5036 2534 5036 2693 5037 2695 5037 2537 5037 2695 5038 2539 5038 2537 5038 2540 5039 2698 5039 2538 5039 2698 5040 2696 5040 2538 5040 2544 5041 2540 5041 2538 5041 2549 5042 2546 5042 2538 5042 2546 5043 2544 5043 2538 5043 2695 5044 2697 5044 2539 5044 2697 5045 2543 5045 2539 5045 2544 5046 2700 5046 2540 5046 2700 5047 2698 5047 2540 5047 2697 5048 2699 5048 2543 5048 2699 5049 2545 5049 2543 5049 2546 5050 2702 5050 2544 5050 2702 5051 2700 5051 2544 5051 2699 5052 2701 5052 2545 5052 2701 5053 2548 5053 2545 5053 2549 5054 2704 5054 2546 5054 2704 5055 2702 5055 2546 5055 2551 5056 2595 5056 2547 5056 2705 5057 2552 5057 2548 5057 2703 5058 2705 5058 2548 5058 2701 5059 2703 5059 2548 5059 2553 5060 2549 5060 2548 5060 2552 5061 2553 5061 2548 5061 2553 5062 2704 5062 2549 5062 2559 5063 2595 5063 2551 5063 2705 5064 2555 5064 2552 5064 2575 5065 2577 5065 2552 5065 2577 5066 2579 5066 2552 5066 2579 5067 2553 5067 2552 5067 2555 5068 2569 5068 2552 5068 2569 5069 2571 5069 2552 5069 2571 5070 2575 5070 2552 5070 2706 5071 2704 5071 2553 5071 2556 5072 2708 5072 2553 5072 2708 5073 2706 5073 2553 5073 2578 5074 2576 5074 2553 5074 2579 5075 2580 5075 2553 5075 2580 5076 2578 5076 2553 5076 2576 5077 2572 5077 2553 5077 2572 5078 2570 5078 2553 5078 2570 5079 2568 5079 2553 5079 2562 5080 2556 5080 2553 5080 2564 5081 2562 5081 2553 5081 2568 5082 2564 5082 2553 5082 2596 5083 2560 5083 2554 5083 2705 5084 2707 5084 2555 5084 2707 5085 2557 5085 2555 5085 2557 5086 2563 5086 2555 5086 2563 5087 2567 5087 2555 5087 2567 5088 2569 5088 2555 5088 2558 5089 2710 5089 2556 5089 2710 5090 2708 5090 2556 5090 2562 5091 2558 5091 2556 5091 2707 5092 2709 5092 2557 5092 2709 5093 2561 5093 2557 5093 2561 5094 2563 5094 2557 5094 2562 5095 2712 5095 2558 5095 2712 5096 2710 5096 2558 5096 2565 5097 2595 5097 2559 5097 2596 5098 2566 5098 2560 5098 2709 5099 2711 5099 2561 5099 2711 5100 2563 5100 2561 5100 2564 5101 2714 5101 2562 5101 2714 5102 2712 5102 2562 5102 2711 5103 2713 5103 2563 5103 2713 5104 2567 5104 2563 5104 2568 5105 2716 5105 2564 5105 2716 5106 2714 5106 2564 5106 2573 5107 2595 5107 2565 5107 2596 5108 2574 5108 2566 5108 2713 5109 2715 5109 2567 5109 2715 5110 2569 5110 2567 5110 2570 5111 2718 5111 2568 5111 2718 5112 2716 5112 2568 5112 2715 5113 2717 5113 2569 5113 2717 5114 2571 5114 2569 5114 2572 5115 2720 5115 2570 5115 2720 5116 2718 5116 2570 5116 2717 5117 2719 5117 2571 5117 2719 5118 2575 5118 2571 5118 2576 5119 2722 5119 2572 5119 2722 5120 2720 5120 2572 5120 2581 5121 2595 5121 2573 5121 2596 5122 2582 5122 2574 5122 2719 5123 2721 5123 2575 5123 2721 5124 2577 5124 2575 5124 2578 5125 2724 5125 2576 5125 2724 5126 2722 5126 2576 5126 2721 5127 2723 5127 2577 5127 2723 5128 2579 5128 2577 5128 2580 5129 2726 5129 2578 5129 2726 5130 2724 5130 2578 5130 2726 5131 2580 5131 2579 5131 2725 5132 2726 5132 2579 5132 2723 5133 2725 5133 2579 5133 2583 5134 2595 5134 2581 5134 2596 5135 2584 5135 2582 5135 2585 5136 2595 5136 2583 5136 2596 5137 2586 5137 2584 5137 2587 5138 2595 5138 2585 5138 2596 5139 2588 5139 2586 5139 2589 5140 2595 5140 2587 5140 2596 5141 2590 5141 2588 5141 2591 5142 2595 5142 2589 5142 2596 5143 2592 5143 2590 5143 2593 5144 2595 5144 2591 5144 2596 5145 2594 5145 2592 5145 2596 5146 2595 5146 2593 5146 2594 5147 2596 5147 2593 5147 2633 5148 2605 5148 2597 5148 2625 5149 2633 5149 2597 5149 2626 5150 2618 5150 2598 5150 2606 5151 2626 5151 2598 5151 2607 5152 2627 5152 2599 5152 2627 5153 2619 5153 2599 5153 2628 5154 2636 5154 2600 5154 2636 5155 2608 5155 2600 5155 2609 5156 2613 5156 2601 5156 2613 5157 2629 5157 2601 5157 2614 5158 2610 5158 2602 5158 2630 5159 2614 5159 2602 5159 2622 5160 2630 5160 2602 5160 2615 5161 2611 5161 2603 5161 2631 5162 2615 5162 2603 5162 2623 5163 2631 5163 2603 5163 2612 5164 2616 5164 2604 5164 2616 5165 2632 5165 2604 5165 2633 5166 2606 5166 2605 5166 2633 5167 2634 5167 2606 5167 2634 5168 2626 5168 2606 5168 2635 5169 2627 5169 2607 5169 2636 5170 2635 5170 2607 5170 2608 5171 2636 5171 2607 5171 2611 5172 2613 5172 2609 5172 2616 5173 2612 5173 2610 5173 2614 5174 2616 5174 2610 5174 2615 5175 2613 5175 2611 5175 2615 5176 2637 5176 2613 5176 2637 5177 2629 5177 2613 5177 2640 5178 2616 5178 2614 5178 2638 5179 2640 5179 2614 5179 2630 5180 2638 5180 2614 5180 2639 5181 2637 5181 2615 5181 2631 5182 2639 5182 2615 5182 2640 5183 2632 5183 2616 5183 2641 5184 2649 5184 2617 5184 2649 5185 2625 5185 2617 5185 2642 5186 2622 5186 2618 5186 2626 5187 2642 5187 2618 5187 2627 5188 2643 5188 2619 5188 2643 5189 2623 5189 2619 5189 2644 5190 2652 5190 2620 5190 2652 5191 2628 5191 2620 5191 2629 5192 2653 5192 2621 5192 2653 5193 2641 5193 2621 5193 2642 5194 2630 5194 2622 5194 2643 5195 2631 5195 2623 5195 2632 5196 2656 5196 2624 5196 2656 5197 2644 5197 2624 5197 2657 5198 2633 5198 2625 5198 2649 5199 2657 5199 2625 5199 2650 5200 2642 5200 2626 5200 2634 5201 2650 5201 2626 5201 2635 5202 2651 5202 2627 5202 2651 5203 2643 5203 2627 5203 2652 5204 2660 5204 2628 5204 2660 5205 2636 5205 2628 5205 2637 5206 2645 5206 2629 5206 2645 5207 2653 5207 2629 5207 2642 5208 2654 5208 2630 5208 2654 5209 2662 5209 2630 5209 2662 5210 2646 5210 2630 5210 2646 5211 2638 5211 2630 5211 2647 5212 2639 5212 2631 5212 2663 5213 2647 5213 2631 5213 2655 5214 2663 5214 2631 5214 2643 5215 2655 5215 2631 5215 2640 5216 2648 5216 2632 5216 2648 5217 2656 5217 2632 5217 2657 5218 2634 5218 2633 5218 2657 5219 2658 5219 2634 5219 2658 5220 2650 5220 2634 5220 2659 5221 2651 5221 2635 5221 2660 5222 2659 5222 2635 5222 2636 5223 2660 5223 2635 5223 2639 5224 2645 5224 2637 5224 2648 5225 2640 5225 2638 5225 2646 5226 2648 5226 2638 5226 2647 5227 2645 5227 2639 5227 2653 5228 2665 5228 2641 5228 2665 5229 2649 5229 2641 5229 2650 5230 2654 5230 2642 5230 2651 5231 2655 5231 2643 5231 2656 5232 2668 5232 2644 5232 2668 5233 2652 5233 2644 5233 2647 5234 2661 5234 2645 5234 2661 5235 2653 5235 2645 5235 2664 5236 2648 5236 2646 5236 2662 5237 2664 5237 2646 5237 2663 5238 2661 5238 2647 5238 2664 5239 2656 5239 2648 5239 2673 5240 2657 5240 2649 5240 2665 5241 2673 5241 2649 5241 2666 5242 2654 5242 2650 5242 2658 5243 2666 5243 2650 5243 2659 5244 2667 5244 2651 5244 2667 5245 2655 5245 2651 5245 2668 5246 2676 5246 2652 5246 2676 5247 2660 5247 2652 5247 2661 5248 2669 5248 2653 5248 2669 5249 2665 5249 2653 5249 2670 5250 2662 5250 2654 5250 2666 5251 2670 5251 2654 5251 2667 5252 2671 5252 2655 5252 2671 5253 2663 5253 2655 5253 2664 5254 2672 5254 2656 5254 2672 5255 2668 5255 2656 5255 2673 5256 2658 5256 2657 5256 2673 5257 2674 5257 2658 5257 2674 5258 2666 5258 2658 5258 2675 5259 2667 5259 2659 5259 2676 5260 2675 5260 2659 5260 2660 5261 2676 5261 2659 5261 2663 5262 2669 5262 2661 5262 2672 5263 2664 5263 2662 5263 2670 5264 2672 5264 2662 5264 2671 5265 2669 5265 2663 5265 2669 5266 2677 5266 2665 5266 2681 5267 2673 5267 2665 5267 2677 5268 2681 5268 2665 5268 2678 5269 2670 5269 2666 5269 2674 5270 2678 5270 2666 5270 2675 5271 2679 5271 2667 5271 2679 5272 2671 5272 2667 5272 2672 5273 2680 5273 2668 5273 2680 5274 2728 5274 2668 5274 2728 5275 2676 5275 2668 5275 2671 5276 2677 5276 2669 5276 2680 5277 2672 5277 2670 5277 2678 5278 2680 5278 2670 5278 2679 5279 2677 5279 2671 5279 2681 5280 2674 5280 2673 5280 2681 5281 2682 5281 2674 5281 2682 5282 2678 5282 2674 5282 2727 5283 2679 5283 2675 5283 2728 5284 2727 5284 2675 5284 2676 5285 2728 5285 2675 5285 2679 5286 2681 5286 2677 5286 2728 5287 2680 5287 2678 5287 2682 5288 2728 5288 2678 5288 2727 5289 2681 5289 2679 5289 2701 5290 2699 5290 2681 5290 2699 5291 2697 5291 2681 5291 2697 5292 2695 5292 2681 5292 2695 5293 2693 5293 2681 5293 2693 5294 2691 5294 2681 5294 2691 5295 2689 5295 2681 5295 2689 5296 2687 5296 2681 5296 2727 5297 2705 5297 2681 5297 2705 5298 2703 5298 2681 5298 2703 5299 2701 5299 2681 5299 2687 5300 2685 5300 2681 5300 2685 5301 2683 5301 2681 5301 2683 5302 2682 5302 2681 5302 2686 5303 2688 5303 2682 5303 2688 5304 2690 5304 2682 5304 2690 5305 2692 5305 2682 5305 2692 5306 2694 5306 2682 5306 2683 5307 2684 5307 2682 5307 2684 5308 2686 5308 2682 5308 2694 5309 2696 5309 2682 5309 2696 5310 2698 5310 2682 5310 2698 5311 2700 5311 2682 5311 2700 5312 2702 5312 2682 5312 2702 5313 2704 5313 2682 5313 2704 5314 2728 5314 2682 5314 2706 5315 2728 5315 2704 5315 2727 5316 2707 5316 2705 5316 2708 5317 2728 5317 2706 5317 2727 5318 2709 5318 2707 5318 2710 5319 2728 5319 2708 5319 2727 5320 2711 5320 2709 5320 2712 5321 2728 5321 2710 5321 2727 5322 2713 5322 2711 5322 2714 5323 2728 5323 2712 5323 2727 5324 2715 5324 2713 5324 2716 5325 2728 5325 2714 5325 2727 5326 2717 5326 2715 5326 2718 5327 2728 5327 2716 5327 2727 5328 2719 5328 2717 5328 2720 5329 2728 5329 2718 5329 2727 5330 2721 5330 2719 5330 2722 5331 2728 5331 2720 5331 2727 5332 2723 5332 2721 5332 2724 5333 2728 5333 2722 5333 2727 5334 2725 5334 2723 5334 2726 5335 2728 5335 2724 5335 2727 5336 2726 5336 2725 5336 2727 5337 2728 5337 2726 5337 2785 5338 2781 5338 2729 5338 2781 5339 2777 5339 2729 5339 2777 5340 2773 5340 2729 5340 2773 5341 2730 5341 2729 5341 2797 5342 2793 5342 2729 5342 2793 5343 2789 5343 2729 5343 2789 5344 2785 5344 2729 5344 2809 5345 2805 5345 2729 5345 2805 5346 2801 5346 2729 5346 2801 5347 2797 5347 2729 5347 2748 5348 2731 5348 2729 5348 2749 5349 2748 5349 2729 5349 2730 5350 2749 5350 2729 5350 2731 5351 2809 5351 2729 5351 2773 5352 2778 5352 2730 5352 2778 5353 2782 5353 2730 5353 2782 5354 2786 5354 2730 5354 2786 5355 2790 5355 2730 5355 2790 5356 2794 5356 2730 5356 2794 5357 2798 5357 2730 5357 2798 5358 2802 5358 2730 5358 2802 5359 2806 5359 2730 5359 2806 5360 2810 5360 2730 5360 2732 5361 2749 5361 2730 5361 2810 5362 2732 5362 2730 5362 2748 5363 2733 5363 2731 5363 2855 5364 2809 5364 2731 5364 2733 5365 2855 5365 2731 5365 2734 5366 2749 5366 2732 5366 2858 5367 2734 5367 2732 5367 2810 5368 2856 5368 2732 5368 2856 5369 2858 5369 2732 5369 2748 5370 2735 5370 2733 5370 2857 5371 2855 5371 2733 5371 2735 5372 2857 5372 2733 5372 2736 5373 2749 5373 2734 5373 2858 5374 2860 5374 2734 5374 2860 5375 2736 5375 2734 5375 2748 5376 2737 5376 2735 5376 2859 5377 2857 5377 2735 5377 2737 5378 2859 5378 2735 5378 2738 5379 2749 5379 2736 5379 2860 5380 2862 5380 2736 5380 2862 5381 2738 5381 2736 5381 2748 5382 2739 5382 2737 5382 2861 5383 2859 5383 2737 5383 2739 5384 2861 5384 2737 5384 2740 5385 2749 5385 2738 5385 2862 5386 2864 5386 2738 5386 2864 5387 2740 5387 2738 5387 2748 5388 2741 5388 2739 5388 2863 5389 2861 5389 2739 5389 2741 5390 2863 5390 2739 5390 2742 5391 2749 5391 2740 5391 2864 5392 2866 5392 2740 5392 2866 5393 2742 5393 2740 5393 2748 5394 2743 5394 2741 5394 2865 5395 2863 5395 2741 5395 2743 5396 2865 5396 2741 5396 2744 5397 2749 5397 2742 5397 2866 5398 2868 5398 2742 5398 2868 5399 2744 5399 2742 5399 2748 5400 2745 5400 2743 5400 2867 5401 2865 5401 2743 5401 2745 5402 2867 5402 2743 5402 2746 5403 2749 5403 2744 5403 2868 5404 2870 5404 2744 5404 2870 5405 2746 5405 2744 5405 2748 5406 2747 5406 2745 5406 2869 5407 2867 5407 2745 5407 2747 5408 2869 5408 2745 5408 2750 5409 2749 5409 2746 5409 2870 5410 2872 5410 2746 5410 2872 5411 2750 5411 2746 5411 2751 5412 2871 5412 2747 5412 2748 5413 2751 5413 2747 5413 2871 5414 2869 5414 2747 5414 2752 5415 2751 5415 2748 5415 2807 5416 2811 5416 2748 5416 2749 5417 2775 5417 2748 5417 2775 5418 2779 5418 2748 5418 2779 5419 2783 5419 2748 5419 2783 5420 2787 5420 2748 5420 2787 5421 2791 5421 2748 5421 2803 5422 2807 5422 2748 5422 2791 5423 2795 5423 2748 5423 2795 5424 2799 5424 2748 5424 2799 5425 2803 5425 2748 5425 2811 5426 2752 5426 2748 5426 2750 5427 2753 5427 2749 5427 2753 5428 2812 5428 2749 5428 2796 5429 2792 5429 2749 5429 2792 5430 2788 5430 2749 5430 2788 5431 2784 5431 2749 5431 2784 5432 2780 5432 2749 5432 2780 5433 2775 5433 2749 5433 2812 5434 2808 5434 2749 5434 2808 5435 2804 5435 2749 5435 2804 5436 2800 5436 2749 5436 2800 5437 2796 5437 2749 5437 2874 5438 2754 5438 2750 5438 2872 5439 2874 5439 2750 5439 2754 5440 2753 5440 2750 5440 2873 5441 2871 5441 2751 5441 2752 5442 2755 5442 2751 5442 2755 5443 2873 5443 2751 5443 2761 5444 2759 5444 2752 5444 2753 5445 2772 5445 2752 5445 2759 5446 2757 5446 2752 5446 2757 5447 2755 5447 2752 5447 2772 5448 2771 5448 2752 5448 2771 5449 2769 5449 2752 5449 2769 5450 2767 5450 2752 5450 2767 5451 2765 5451 2752 5451 2765 5452 2763 5452 2752 5452 2763 5453 2761 5453 2752 5453 2811 5454 2851 5454 2752 5454 2851 5455 2852 5455 2752 5455 2852 5456 2753 5456 2752 5456 2766 5457 2768 5457 2753 5457 2754 5458 2756 5458 2753 5458 2756 5459 2758 5459 2753 5459 2758 5460 2760 5460 2753 5460 2760 5461 2762 5461 2753 5461 2762 5462 2764 5462 2753 5462 2764 5463 2766 5463 2753 5463 2768 5464 2770 5464 2753 5464 2770 5465 2772 5465 2753 5465 2852 5466 2812 5466 2753 5466 2876 5467 2756 5467 2754 5467 2874 5468 2876 5468 2754 5468 2875 5469 2873 5469 2755 5469 2757 5470 2875 5470 2755 5470 2878 5471 2758 5471 2756 5471 2876 5472 2878 5472 2756 5472 2877 5473 2875 5473 2757 5473 2759 5474 2877 5474 2757 5474 2880 5475 2760 5475 2758 5475 2878 5476 2880 5476 2758 5476 2879 5477 2877 5477 2759 5477 2761 5478 2879 5478 2759 5478 2882 5479 2762 5479 2760 5479 2880 5480 2882 5480 2760 5480 2881 5481 2879 5481 2761 5481 2763 5482 2881 5482 2761 5482 2884 5483 2764 5483 2762 5483 2882 5484 2884 5484 2762 5484 2883 5485 2881 5485 2763 5485 2765 5486 2883 5486 2763 5486 2886 5487 2766 5487 2764 5487 2884 5488 2886 5488 2764 5488 2885 5489 2883 5489 2765 5489 2767 5490 2885 5490 2765 5490 2888 5491 2768 5491 2766 5491 2886 5492 2888 5492 2766 5492 2887 5493 2885 5493 2767 5493 2769 5494 2887 5494 2767 5494 2890 5495 2770 5495 2768 5495 2888 5496 2890 5496 2768 5496 2889 5497 2887 5497 2769 5497 2771 5498 2889 5498 2769 5498 2892 5499 2772 5499 2770 5499 2890 5500 2892 5500 2770 5500 2772 5501 2891 5501 2771 5501 2891 5502 2889 5502 2771 5502 2892 5503 2891 5503 2772 5503 2775 5504 2778 5504 2773 5504 2779 5505 2775 5505 2773 5505 2777 5506 2779 5506 2773 5506 2780 5507 2778 5507 2775 5507 2783 5508 2779 5508 2777 5508 2781 5509 2783 5509 2777 5509 2780 5510 2782 5510 2778 5510 2784 5511 2782 5511 2780 5511 2787 5512 2783 5512 2781 5512 2785 5513 2787 5513 2781 5513 2784 5514 2786 5514 2782 5514 2788 5515 2786 5515 2784 5515 2791 5516 2787 5516 2785 5516 2789 5517 2791 5517 2785 5517 2788 5518 2790 5518 2786 5518 2792 5519 2790 5519 2788 5519 2795 5520 2791 5520 2789 5520 2793 5521 2795 5521 2789 5521 2792 5522 2794 5522 2790 5522 2796 5523 2794 5523 2792 5523 2799 5524 2795 5524 2793 5524 2797 5525 2799 5525 2793 5525 2796 5526 2798 5526 2794 5526 2800 5527 2798 5527 2796 5527 2803 5528 2799 5528 2797 5528 2801 5529 2803 5529 2797 5529 2800 5530 2802 5530 2798 5530 2804 5531 2802 5531 2800 5531 2807 5532 2803 5532 2801 5532 2805 5533 2807 5533 2801 5533 2804 5534 2806 5534 2802 5534 2808 5535 2806 5535 2804 5535 2811 5536 2807 5536 2805 5536 2809 5537 2811 5537 2805 5537 2808 5538 2810 5538 2806 5538 2812 5539 2810 5539 2808 5539 2853 5540 2813 5540 2809 5540 2815 5541 2811 5541 2809 5541 2813 5542 2815 5542 2809 5542 2855 5543 2853 5543 2809 5543 2814 5544 2854 5544 2810 5544 2812 5545 2814 5545 2810 5545 2854 5546 2856 5546 2810 5546 2815 5547 2847 5547 2811 5547 2847 5548 2851 5548 2811 5548 2850 5549 2816 5549 2812 5549 2852 5550 2850 5550 2812 5550 2816 5551 2814 5551 2812 5551 2853 5552 2817 5552 2813 5552 2819 5553 2815 5553 2813 5553 2817 5554 2819 5554 2813 5554 2818 5555 2854 5555 2814 5555 2816 5556 2818 5556 2814 5556 2819 5557 2847 5557 2815 5557 2850 5558 2820 5558 2816 5558 2820 5559 2818 5559 2816 5559 2853 5560 2821 5560 2817 5560 2823 5561 2819 5561 2817 5561 2821 5562 2823 5562 2817 5562 2822 5563 2854 5563 2818 5563 2820 5564 2822 5564 2818 5564 2823 5565 2847 5565 2819 5565 2850 5566 2824 5566 2820 5566 2824 5567 2822 5567 2820 5567 2853 5568 2825 5568 2821 5568 2827 5569 2823 5569 2821 5569 2825 5570 2827 5570 2821 5570 2826 5571 2854 5571 2822 5571 2824 5572 2826 5572 2822 5572 2827 5573 2847 5573 2823 5573 2850 5574 2828 5574 2824 5574 2828 5575 2826 5575 2824 5575 2853 5576 2829 5576 2825 5576 2831 5577 2827 5577 2825 5577 2829 5578 2831 5578 2825 5578 2830 5579 2854 5579 2826 5579 2828 5580 2830 5580 2826 5580 2831 5581 2847 5581 2827 5581 2850 5582 2832 5582 2828 5582 2832 5583 2830 5583 2828 5583 2853 5584 2833 5584 2829 5584 2835 5585 2831 5585 2829 5585 2833 5586 2835 5586 2829 5586 2834 5587 2854 5587 2830 5587 2832 5588 2834 5588 2830 5588 2835 5589 2847 5589 2831 5589 2850 5590 2836 5590 2832 5590 2836 5591 2834 5591 2832 5591 2853 5592 2837 5592 2833 5592 2839 5593 2835 5593 2833 5593 2837 5594 2839 5594 2833 5594 2930 5595 2854 5595 2834 5595 2838 5596 2930 5596 2834 5596 2836 5597 2838 5597 2834 5597 2839 5598 2847 5598 2835 5598 2850 5599 2840 5599 2836 5599 2840 5600 2838 5600 2836 5600 2929 5601 2841 5601 2837 5601 2853 5602 2929 5602 2837 5602 2843 5603 2839 5603 2837 5603 2841 5604 2843 5604 2837 5604 2842 5605 2930 5605 2838 5605 2840 5606 2842 5606 2838 5606 2843 5607 2847 5607 2839 5607 2850 5608 2844 5608 2840 5608 2844 5609 2842 5609 2840 5609 2929 5610 2845 5610 2841 5610 2849 5611 2843 5611 2841 5611 2845 5612 2849 5612 2841 5612 2845 5613 2930 5613 2842 5613 2844 5614 2845 5614 2842 5614 2849 5615 2847 5615 2843 5615 2850 5616 2849 5616 2844 5616 2849 5617 2845 5617 2844 5617 2929 5618 2930 5618 2845 5618 2849 5619 2851 5619 2847 5619 2850 5620 2852 5620 2849 5620 2852 5621 2851 5621 2849 5621 2867 5622 2869 5622 2853 5622 2869 5623 2871 5623 2853 5623 2871 5624 2891 5624 2853 5624 2855 5625 2863 5625 2853 5625 2863 5626 2865 5626 2853 5626 2865 5627 2867 5627 2853 5627 2897 5628 2901 5628 2853 5628 2891 5629 2899 5629 2853 5629 2899 5630 2893 5630 2853 5630 2893 5631 2897 5631 2853 5631 2901 5632 2905 5632 2853 5632 2905 5633 2909 5633 2853 5633 2909 5634 2913 5634 2853 5634 2913 5635 2917 5635 2853 5635 2917 5636 2921 5636 2853 5636 2921 5637 2929 5637 2853 5637 2892 5638 2874 5638 2854 5638 2874 5639 2872 5639 2854 5639 2872 5640 2870 5640 2854 5640 2870 5641 2856 5641 2854 5641 2906 5642 2902 5642 2854 5642 2910 5643 2906 5643 2854 5643 2926 5644 2922 5644 2854 5644 2930 5645 2926 5645 2854 5645 2922 5646 2918 5646 2854 5646 2918 5647 2914 5647 2854 5647 2914 5648 2910 5648 2854 5648 2902 5649 2898 5649 2854 5649 2898 5650 2896 5650 2854 5650 2896 5651 2892 5651 2854 5651 2857 5652 2863 5652 2855 5652 2870 5653 2858 5653 2856 5653 2859 5654 2863 5654 2857 5654 2870 5655 2860 5655 2858 5655 2861 5656 2863 5656 2859 5656 2870 5657 2862 5657 2860 5657 2866 5658 2864 5658 2862 5658 2868 5659 2866 5659 2862 5659 2870 5660 2868 5660 2862 5660 2873 5661 2891 5661 2871 5661 2889 5662 2891 5662 2873 5662 2887 5663 2889 5663 2873 5663 2875 5664 2883 5664 2873 5664 2883 5665 2885 5665 2873 5665 2885 5666 2887 5666 2873 5666 2892 5667 2876 5667 2874 5667 2877 5668 2879 5668 2875 5668 2879 5669 2881 5669 2875 5669 2881 5670 2883 5670 2875 5670 2892 5671 2890 5671 2876 5671 2890 5672 2888 5672 2876 5672 2888 5673 2886 5673 2876 5673 2886 5674 2878 5674 2876 5674 2886 5675 2880 5675 2878 5675 2884 5676 2882 5676 2880 5676 2886 5677 2884 5677 2880 5677 2892 5678 2935 5678 2891 5678 2907 5679 2903 5679 2891 5679 2903 5680 2899 5680 2891 5680 2919 5681 2915 5681 2891 5681 2915 5682 2911 5682 2891 5682 2911 5683 2907 5683 2891 5683 2935 5684 2927 5684 2891 5684 2927 5685 2923 5685 2891 5685 2923 5686 2919 5686 2891 5686 2936 5687 2935 5687 2892 5687 2896 5688 2900 5688 2892 5688 2900 5689 2904 5689 2892 5689 2904 5690 2908 5690 2892 5690 2908 5691 2912 5691 2892 5691 2912 5692 2916 5692 2892 5692 2916 5693 2920 5693 2892 5693 2920 5694 2924 5694 2892 5694 2924 5695 2936 5695 2892 5695 2899 5696 2900 5696 2893 5696 2900 5697 2896 5697 2893 5697 2896 5698 2897 5698 2893 5698 2898 5699 2897 5699 2896 5699 2898 5700 2901 5700 2897 5700 2902 5701 2901 5701 2898 5701 2903 5702 2904 5702 2899 5702 2904 5703 2900 5703 2899 5703 2902 5704 2905 5704 2901 5704 2906 5705 2905 5705 2902 5705 2907 5706 2908 5706 2903 5706 2908 5707 2904 5707 2903 5707 2906 5708 2909 5708 2905 5708 2910 5709 2909 5709 2906 5709 2911 5710 2912 5710 2907 5710 2912 5711 2908 5711 2907 5711 2910 5712 2913 5712 2909 5712 2914 5713 2913 5713 2910 5713 2915 5714 2916 5714 2911 5714 2916 5715 2912 5715 2911 5715 2914 5716 2917 5716 2913 5716 2918 5717 2917 5717 2914 5717 2919 5718 2920 5718 2915 5718 2920 5719 2916 5719 2915 5719 2918 5720 2921 5720 2917 5720 2922 5721 2921 5721 2918 5721 2923 5722 2924 5722 2919 5722 2924 5723 2920 5723 2919 5723 2925 5724 2929 5724 2921 5724 2922 5725 2925 5725 2921 5725 2926 5726 2925 5726 2922 5726 2927 5727 2928 5727 2923 5727 2928 5728 2924 5728 2923 5728 2928 5729 2936 5729 2924 5729 2931 5730 2929 5730 2925 5730 2926 5731 2931 5731 2925 5731 2930 5732 2932 5732 2926 5732 2932 5733 2931 5733 2926 5733 2935 5734 2933 5734 2927 5734 2933 5735 2934 5735 2927 5735 2934 5736 2928 5736 2927 5736 2934 5737 2936 5737 2928 5737 2945 5738 2930 5738 2929 5738 2931 5739 2945 5739 2929 5739 2945 5740 2946 5740 2930 5740 2946 5741 2938 5741 2930 5741 2938 5742 2932 5742 2930 5742 2937 5743 2945 5743 2931 5743 2932 5744 2937 5744 2931 5744 2938 5745 2937 5745 2932 5745 2935 5746 2939 5746 2933 5746 2939 5747 2940 5747 2933 5747 2940 5748 2934 5748 2933 5748 2948 5749 2936 5749 2934 5749 2940 5750 2948 5750 2934 5750 2936 5751 2948 5751 2935 5751 2948 5752 2947 5752 2935 5752 2947 5753 2939 5753 2935 5753 2957 5754 2945 5754 2937 5754 2941 5755 2957 5755 2937 5755 2938 5756 2941 5756 2937 5756 2946 5757 2942 5757 2938 5757 2942 5758 2941 5758 2938 5758 2947 5759 2943 5759 2939 5759 2943 5760 2944 5760 2939 5760 2944 5761 2940 5761 2939 5761 2960 5762 2948 5762 2940 5762 2944 5763 2960 5763 2940 5763 2977 5764 2957 5764 2941 5764 2949 5765 2977 5765 2941 5765 2942 5766 2949 5766 2941 5766 2958 5767 2950 5767 2942 5767 2946 5768 2958 5768 2942 5768 2950 5769 2949 5769 2942 5769 2959 5770 2951 5770 2943 5770 2947 5771 2959 5771 2943 5771 2951 5772 2952 5772 2943 5772 2952 5773 2944 5773 2943 5773 2984 5774 2960 5774 2944 5774 2952 5775 2984 5775 2944 5775 2957 5776 2946 5776 2945 5776 2957 5777 2958 5777 2946 5777 2948 5778 2960 5778 2947 5778 2960 5779 2959 5779 2947 5779 2985 5780 2977 5780 2949 5780 2953 5781 2985 5781 2949 5781 2950 5782 2953 5782 2949 5782 2978 5783 2954 5783 2950 5783 2958 5784 2978 5784 2950 5784 2954 5785 2953 5785 2950 5785 2983 5786 2955 5786 2951 5786 2959 5787 2983 5787 2951 5787 2955 5788 2956 5788 2951 5788 2956 5789 2952 5789 2951 5789 2988 5790 2984 5790 2952 5790 2956 5791 2988 5791 2952 5791 2989 5792 2985 5792 2953 5792 2961 5793 2989 5793 2953 5793 2954 5794 2961 5794 2953 5794 2986 5795 2962 5795 2954 5795 2978 5796 2986 5796 2954 5796 2962 5797 2961 5797 2954 5797 2987 5798 2963 5798 2955 5798 2983 5799 2987 5799 2955 5799 2963 5800 2964 5800 2955 5800 2964 5801 2956 5801 2955 5801 2992 5802 2988 5802 2956 5802 2964 5803 2992 5803 2956 5803 2977 5804 2958 5804 2957 5804 2977 5805 2978 5805 2958 5805 2960 5806 2984 5806 2959 5806 2984 5807 2983 5807 2959 5807 2993 5808 2989 5808 2961 5808 2965 5809 2993 5809 2961 5809 2962 5810 2965 5810 2961 5810 2990 5811 2966 5811 2962 5811 2986 5812 2990 5812 2962 5812 2966 5813 2965 5813 2962 5813 2991 5814 2967 5814 2963 5814 2987 5815 2991 5815 2963 5815 2967 5816 2968 5816 2963 5816 2968 5817 2964 5817 2963 5817 2996 5818 2992 5818 2964 5818 2968 5819 2996 5819 2964 5819 2997 5820 2993 5820 2965 5820 2969 5821 2997 5821 2965 5821 2966 5822 2969 5822 2965 5822 2994 5823 2970 5823 2966 5823 2990 5824 2994 5824 2966 5824 2970 5825 2969 5825 2966 5825 2995 5826 2971 5826 2967 5826 2991 5827 2995 5827 2967 5827 2971 5828 2972 5828 2967 5828 2972 5829 2968 5829 2967 5829 3000 5830 2996 5830 2968 5830 2972 5831 3000 5831 2968 5831 3001 5832 2997 5832 2969 5832 2973 5833 3001 5833 2969 5833 2970 5834 2973 5834 2969 5834 2998 5835 2974 5835 2970 5835 2994 5836 2998 5836 2970 5836 2974 5837 2973 5837 2970 5837 2999 5838 2975 5838 2971 5838 2995 5839 2999 5839 2971 5839 2975 5840 2976 5840 2971 5840 2976 5841 2972 5841 2971 5841 3004 5842 3000 5842 2972 5842 2976 5843 3004 5843 2972 5843 3007 5844 3001 5844 2973 5844 2979 5845 3007 5845 2973 5845 2974 5846 2979 5846 2973 5846 3002 5847 2980 5847 2974 5847 2998 5848 3002 5848 2974 5848 2980 5849 2979 5849 2974 5849 3003 5850 2979 5850 2975 5850 2999 5851 3003 5851 2975 5851 2979 5852 2980 5852 2975 5852 2980 5853 2976 5853 2975 5853 3008 5854 3004 5854 2976 5854 2980 5855 3008 5855 2976 5855 2985 5856 2978 5856 2977 5856 2985 5857 2986 5857 2978 5857 3003 5858 3007 5858 2979 5858 3002 5859 3008 5859 2980 5859 2984 5860 2988 5860 2983 5860 2988 5861 2987 5861 2983 5861 2989 5862 2986 5862 2985 5862 2989 5863 2990 5863 2986 5863 2988 5864 2992 5864 2987 5864 2992 5865 2991 5865 2987 5865 2993 5866 2990 5866 2989 5866 2993 5867 2994 5867 2990 5867 2992 5868 2996 5868 2991 5868 2996 5869 2995 5869 2991 5869 2997 5870 2994 5870 2993 5870 2997 5871 2998 5871 2994 5871 2996 5872 3000 5872 2995 5872 3000 5873 2999 5873 2995 5873 3001 5874 2998 5874 2997 5874 3001 5875 3002 5875 2998 5875 3000 5876 3004 5876 2999 5876 3004 5877 3003 5877 2999 5877 3007 5878 3002 5878 3001 5878 3007 5879 3008 5879 3002 5879 3004 5880 3008 5880 3003 5880 3008 5881 3007 5881 3003 5881</p>
        </triangles>
      </mesh>
    </geometry>
  </library_geometries>
  <library_visual_scenes>
    <visual_scene id="Scene" name="Scene">
      <node id="battery" name="battery" type="NODE">
        <matrix sid="transform">1 0 0 0 0 1 0 0 0 0 1 0 0 0 0 1</matrix>
        <instance_geometry url="#battery-mesh" name="battery"/>
      </node>
    </visual_scene>
  </library_visual_scenes>
  <scene>
    <instance_visual_scene url="#Scene"/>
  </scene>
</COLLADA>